# Object Export From Tinkercad Server 2015

mtllib obj.mtl

o obj_0
v 45 		11 		1
v 45 		28 		1
v 45 		11 		0
v 45 		28 		0
v 16 		28 		1
v 16 		11 		1
v 16 		28 		0
v 16 		11 		0
# 8 vertices

g group_0_2829873

usemtl color_2829873
s 0

f 1 	3 	2
f 3 	4 	2
f 5 	7 	6
f 7 	8 	6
f 5 	6 	2
f 6 	1 	2
f 8 	7 	3
f 7 	4 	3
f 6 	8 	1
f 8 	3 	1
f 2 	4 	5
f 4 	7 	5
# 12 faces

 #end of obj_0

o obj_1
v 44 		12 		2
v 44 		27 		2
v 44 		12 		0
v 44 		27 		0
v 17 		27 		2
v 17 		12 		2
v 17 		27 		0
v 17 		12 		0
# 8 vertices

g group_1_6383466

usemtl color_6383466
s 0

f 9 	11 	10
f 11 	12 	10
f 13 	15 	14
f 15 	16 	14
f 13 	14 	10
f 14 	9 	10
f 16 	15 	11
f 15 	12 	11
f 14 	16 	9
f 16 	11 	9
f 10 	12 	13
f 12 	15 	13
# 12 faces

 #end of obj_1

o obj_2
v 40.8326 		15 		16
v 40.8326 		23 		16
v 40.8326 		15 		2
v 40.8326 		23 		2
v 34 		23 		16
v 34 		15 		16
v 34 		23 		2
v 34 		15 		2
# 8 vertices

g group_2_10988977

usemtl color_10988977
s 0

f 17 	19 	18
f 19 	20 	18
f 21 	23 	22
f 23 	24 	22
f 21 	22 	18
f 22 	17 	18
f 24 	23 	19
f 23 	20 	19
f 22 	24 	17
f 24 	19 	17
f 18 	20 	21
f 20 	23 	21
# 12 faces

 #end of obj_2

o obj_3
v 39.391 		16 		16.6194
v 39.391 		22 		16.6194
v 38.0406 		16 		12
v 38.0406 		22 		12
v 26.3504 		22 		24.2731
v 26.3504 		16 		24.2731
v 25 		22 		19.6537
v 25 		16 		19.6537
# 8 vertices

g group_3_14541540

usemtl color_14541540
s 0

f 25 	27 	26
f 27 	28 	26
f 29 	31 	30
f 31 	32 	30
f 29 	30 	26
f 30 	25 	26
f 32 	31 	27
f 31 	28 	27
f 30 	32 	25
f 32 	27 	25
f 26 	28 	29
f 28 	31 	29
# 12 faces

 #end of obj_3

o obj_4
v 24.5 		19 		15.3078
v 24.805 		19 		15.323
v 24.8004 		18.9395 		15.323
v 24.7866 		18.8808 		15.323
v 24.7642 		18.8257 		15.323
v 24.7337 		18.7759 		15.323
v 24.6961 		18.7329 		15.323
v 24.6525 		18.6981 		15.323
v 24.6043 		18.6724 		15.323
v 24.553 		18.6567 		15.323
v 24.5 		18.6514 		15.323
v 24.447 		18.6567 		15.323
v 24.3957 		18.6724 		15.323
v 24.3475 		18.6981 		15.323
v 24.3039 		18.7329 		15.323
v 24.2663 		18.7759 		15.323
v 24.2358 		18.8257 		15.323
v 24.2134 		18.8808 		15.323
v 24.1996 		18.9395 		15.323
v 24.195 		19 		15.323
v 24.1996 		19.0605 		15.323
v 24.2134 		19.1192 		15.323
v 24.2358 		19.1743 		15.323
v 24.2663 		19.2241 		15.323
v 24.3039 		19.2671 		15.323
v 24.3475 		19.3019 		15.323
v 24.3957 		19.3276 		15.323
v 24.447 		19.3433 		15.323
v 24.5 		19.3486 		15.323
v 24.553 		19.3433 		15.323
v 24.6043 		19.3276 		15.323
v 24.6525 		19.3019 		15.323
v 24.6961 		19.2671 		15.323
v 24.7337 		19.2241 		15.323
v 24.7642 		19.1743 		15.323
v 24.7866 		19.1192 		15.323
v 24.8004 		19.0605 		15.323
v 25.1078 		19 		15.3686
v 25.0985 		18.8794 		15.3686
v 25.0711 		18.7624 		15.3686
v 25.0263 		18.6527 		15.3686
v 24.9656 		18.5535 		15.3686
v 24.8907 		18.4679 		15.3686
v 24.8039 		18.3985 		15.3686
v 24.7079 		18.3473 		15.3686
v 24.6055 		18.316 		15.3686
v 24.5 		18.3054 		15.3686
v 24.3945 		18.316 		15.3686
v 24.2921 		18.3473 		15.3686
v 24.1961 		18.3985 		15.3686
v 24.1093 		18.4679 		15.3686
v 24.0344 		18.5535 		15.3686
v 23.9737 		18.6527 		15.3686
v 23.9289 		18.7624 		15.3686
v 23.9015 		18.8794 		15.3686
v 23.8922 		19 		15.3686
v 23.9015 		19.1206 		15.3686
v 23.9289 		19.2376 		15.3686
v 23.9737 		19.3473 		15.3686
v 24.0344 		19.4465 		15.3686
v 24.1093 		19.5321 		15.3686
v 24.1961 		19.6015 		15.3686
v 24.2921 		19.6527 		15.3686
v 24.3945 		19.684 		15.3686
v 24.5 		19.6946 		15.3686
v 24.6055 		19.684 		15.3686
v 24.7079 		19.6527 		15.3686
v 24.8039 		19.6015 		15.3686
v 24.8907 		19.5321 		15.3686
v 24.9656 		19.4465 		15.3686
v 25.0263 		19.3473 		15.3686
v 25.0711 		19.2376 		15.3686
v 25.0985 		19.1206 		15.3686
v 25.4059 		19 		15.4441
v 25.3921 		18.8202 		15.4441
v 25.3512 		18.6459 		15.4441
v 25.2845 		18.4824 		15.4441
v 25.1939 		18.3345 		15.4441
v 25.0823 		18.2069 		15.4441
v 24.9529 		18.1034 		15.4441
v 24.8098 		18.0272 		15.4441
v 24.6573 		17.9805 		15.4441
v 24.5 		17.9647 		15.4441
v 24.3427 		17.9805 		15.4441
v 24.1902 		18.0272 		15.4441
v 24.0471 		18.1034 		15.4441
v 23.9177 		18.2069 		15.4441
v 23.8061 		18.3345 		15.4441
v 23.7155 		18.4824 		15.4441
v 23.6488 		18.6459 		15.4441
v 23.6079 		18.8202 		15.4441
v 23.5941 		19 		15.4441
v 23.6079 		19.1798 		15.4441
v 23.6488 		19.3541 		15.4441
v 23.7155 		19.5176 		15.4441
v 23.8061 		19.6655 		15.4441
v 23.9177 		19.7931 		15.4441
v 24.0471 		19.8966 		15.4441
v 24.1902 		19.9728 		15.4441
v 24.3427 		20.0195 		15.4441
v 24.5 		20.0353 		15.4441
v 24.6573 		20.0195 		15.4441
v 24.8098 		19.9728 		15.4441
v 24.9529 		19.8966 		15.4441
v 25.0823 		19.7931 		15.4441
v 25.1939 		19.6655 		15.4441
v 25.2845 		19.5176 		15.4441
v 25.3512 		19.3541 		15.4441
v 25.3921 		19.1798 		15.4441
v 25.6971 		19 		15.549
v 25.6789 		18.7624 		15.549
v 25.6249 		18.5321 		15.549
v 25.5367 		18.316 		15.549
v 25.417 		18.1206 		15.549
v 25.2695 		17.952 		15.549
v 25.0985 		17.8152 		15.549
v 24.9094 		17.7144 		15.549
v 24.7079 		17.6527 		15.549
v 24.5 		17.6319 		15.549
v 24.2921 		17.6527 		15.549
v 24.0906 		17.7144 		15.549
v 23.9015 		17.8152 		15.549
v 23.7305 		17.952 		15.549
v 23.583 		18.1206 		15.549
v 23.4633 		18.316 		15.549
v 23.3751 		18.5321 		15.549
v 23.3211 		18.7624 		15.549
v 23.3029 		19 		15.549
v 23.3211 		19.2376 		15.549
v 23.3751 		19.4679 		15.549
v 23.4633 		19.684 		15.549
v 23.583 		19.8794 		15.549
v 23.7305 		20.048 		15.549
v 23.9015 		20.1848 		15.549
v 24.0906 		20.2856 		15.549
v 24.2921 		20.3473 		15.549
v 24.5 		20.3681 		15.549
v 24.7079 		20.3473 		15.549
v 24.9094 		20.2856 		15.549
v 25.0985 		20.1848 		15.549
v 25.2695 		20.048 		15.549
v 25.417 		19.8794 		15.549
v 25.5367 		19.684 		15.549
v 25.6249 		19.4679 		15.549
v 25.6789 		19.2376 		15.549
v 25.9792 		19 		15.6826
v 25.9567 		18.7065 		15.6826
v 25.89 		18.4218 		15.6826
v 25.781 		18.1548 		15.6826
v 25.6331 		17.9134 		15.6826
v 25.4508 		17.705 		15.6826
v 25.2396 		17.536 		15.6826
v 25.0059 		17.4115 		15.6826
v 24.7569 		17.3352 		15.6826
v 24.5 		17.3095 		15.6826
v 24.2431 		17.3352 		15.6826
v 23.9941 		17.4115 		15.6826
v 23.7604 		17.536 		15.6826
v 23.5492 		17.705 		15.6826
v 23.3669 		17.9134 		15.6826
v 23.219 		18.1548 		15.6826
v 23.11 		18.4218 		15.6826
v 23.0433 		18.7065 		15.6826
v 23.0208 		19 		15.6826
v 23.0433 		19.2935 		15.6826
v 23.11 		19.5782 		15.6826
v 23.219 		19.8452 		15.6826
v 23.3669 		20.0866 		15.6826
v 23.5492 		20.295 		15.6826
v 23.7604 		20.464 		15.6826
v 23.9941 		20.5885 		15.6826
v 24.2431 		20.6648 		15.6826
v 24.5 		20.6905 		15.6826
v 24.7569 		20.6648 		15.6826
v 25.0059 		20.5885 		15.6826
v 25.2396 		20.464 		15.6826
v 25.4508 		20.295 		15.6826
v 25.6331 		20.0866 		15.6826
v 25.781 		19.8452 		15.6826
v 25.89 		19.5782 		15.6826
v 25.9567 		19.2935 		15.6826
v 26.25 		19 		15.8437
v 26.2234 		18.6527 		15.8437
v 26.1445 		18.316 		15.8437
v 26.0155 		18 		15.8437
v 25.8406 		17.7144 		15.8437
v 25.6249 		17.4679 		15.8437
v 25.375 		17.2679 		15.8437
v 25.0985 		17.1206 		15.8437
v 24.8039 		17.0304 		15.8437
v 24.5 		17 		15.8437
v 24.1961 		17.0304 		15.8437
v 23.9015 		17.1206 		15.8437
v 23.625 		17.2679 		15.8437
v 23.3751 		17.4679 		15.8437
v 23.1594 		17.7144 		15.8437
v 22.9845 		18 		15.8437
v 22.8555 		18.316 		15.8437
v 22.7766 		18.6527 		15.8437
v 22.75 		19 		15.8437
v 22.7766 		19.3473 		15.8437
v 22.8555 		19.684 		15.8437
v 22.9845 		20 		15.8437
v 23.1594 		20.2856 		15.8437
v 23.3751 		20.5321 		15.8437
v 23.625 		20.7321 		15.8437
v 23.9015 		20.8794 		15.8437
v 24.1961 		20.9696 		15.8437
v 24.5 		21 		15.8437
v 24.8039 		20.9696 		15.8437
v 25.0985 		20.8794 		15.8437
v 25.375 		20.7321 		15.8437
v 25.6249 		20.5321 		15.8437
v 25.8406 		20.2856 		15.8437
v 26.0155 		20 		15.8437
v 26.1445 		19.684 		15.8437
v 26.2234 		19.3473 		15.8437
v 26.5075 		19 		16.0312
v 26.477 		18.6016 		16.0312
v 26.3864 		18.2153 		16.0312
v 26.2386 		17.8528 		16.0312
v 26.0378 		17.5252 		16.0312
v 25.7904 		17.2425 		16.0312
v 25.5038 		17.0131 		16.0312
v 25.1866 		16.8441 		16.0312
v 24.8486 		16.7405 		16.0312
v 24.5 		16.7057 		16.0312
v 24.1514 		16.7405 		16.0312
v 23.8134 		16.8441 		16.0312
v 23.4962 		17.0131 		16.0312
v 23.2096 		17.2425 		16.0312
v 22.9622 		17.5252 		16.0312
v 22.7614 		17.8528 		16.0312
v 22.6136 		18.2153 		16.0312
v 22.523 		18.6016 		16.0312
v 22.4925 		19 		16.0312
v 22.523 		19.3984 		16.0312
v 22.6136 		19.7847 		16.0312
v 22.7614 		20.1472 		16.0312
v 22.9622 		20.4748 		16.0312
v 23.2096 		20.7575 		16.0312
v 23.4962 		20.9869 		16.0312
v 23.8134 		21.1559 		16.0312
v 24.1514 		21.2595 		16.0312
v 24.5 		21.2943 		16.0312
v 24.8486 		21.2595 		16.0312
v 25.1866 		21.1559 		16.0312
v 25.5038 		20.9869 		16.0312
v 25.7904 		20.7575 		16.0312
v 26.0378 		20.4748 		16.0312
v 26.2386 		20.1472 		16.0312
v 26.3864 		19.7847 		16.0312
v 26.477 		19.3984 		16.0312
v 26.7498 		19 		16.2436
v 26.7156 		18.5535 		16.2436
v 26.6141 		18.1206 		16.2436
v 26.4483 		17.7144 		16.2436
v 26.2234 		17.3473 		16.2436
v 25.9461 		17.0304 		16.2436
v 25.6249 		16.7733 		16.2436
v 25.2695 		16.5839 		16.2436
v 24.8907 		16.4679 		16.2436
v 24.5 		16.4288 		16.2436
v 24.1093 		16.4679 		16.2436
v 23.7305 		16.5839 		16.2436
v 23.3751 		16.7733 		16.2436
v 23.0539 		17.0304 		16.2436
v 22.7766 		17.3473 		16.2436
v 22.5517 		17.7144 		16.2436
v 22.3859 		18.1206 		16.2436
v 22.2844 		18.5535 		16.2436
v 22.2502 		19 		16.2436
v 22.2844 		19.4465 		16.2436
v 22.3859 		19.8794 		16.2436
v 22.5517 		20.2856 		16.2436
v 22.7766 		20.6527 		16.2436
v 23.0539 		20.9696 		16.2436
v 23.3751 		21.2267 		16.2436
v 23.7305 		21.4161 		16.2436
v 24.1093 		21.5321 		16.2436
v 24.5 		21.5712 		16.2436
v 24.8907 		21.5321 		16.2436
v 25.2695 		21.4161 		16.2436
v 25.6249 		21.2267 		16.2436
v 25.9461 		20.9696 		16.2436
v 26.2234 		20.6527 		16.2436
v 26.4483 		20.2856 		16.2436
v 26.6141 		19.8794 		16.2436
v 26.7156 		19.4465 		16.2436
v 26.9749 		19 		16.4794
v 26.9373 		18.5088 		16.4794
v 26.8256 		18.0326 		16.4794
v 26.6433 		17.5858 		16.4794
v 26.3959 		17.1819 		16.4794
v 26.0908 		16.8333 		16.4794
v 25.7374 		16.5505 		16.4794
v 25.3465 		16.3421 		16.4794
v 24.9298 		16.2145 		16.4794
v 24.5 		16.1716 		16.4794
v 24.0702 		16.2145 		16.4794
v 23.6535 		16.3421 		16.4794
v 23.2626 		16.5505 		16.4794
v 22.9092 		16.8333 		16.4794
v 22.6041 		17.1819 		16.4794
v 22.3567 		17.5858 		16.4794
v 22.1744 		18.0326 		16.4794
v 22.0627 		18.5088 		16.4794
v 22.0251 		19 		16.4794
v 22.0627 		19.4912 		16.4794
v 22.1744 		19.9674 		16.4794
v 22.3567 		20.4142 		16.4794
v 22.6041 		20.8181 		16.4794
v 22.9092 		21.1667 		16.4794
v 23.2626 		21.4495 		16.4794
v 23.6535 		21.6579 		16.4794
v 24.0702 		21.7855 		16.4794
v 24.5 		21.8284 		16.4794
v 24.9298 		21.7855 		16.4794
v 25.3465 		21.6579 		16.4794
v 25.7374 		21.4495 		16.4794
v 26.0908 		21.1667 		16.4794
v 26.3959 		20.8181 		16.4794
v 26.6433 		20.4142 		16.4794
v 26.8256 		19.9674 		16.4794
v 26.9373 		19.4912 		16.4794
v 27.1812 		19 		16.7367
v 27.1404 		18.4679 		16.7367
v 27.0195 		17.952 		16.7367
v 26.8219 		17.4679 		16.7367
v 26.5539 		17.0304 		16.7367
v 26.2234 		16.6527 		16.7367
v 25.8406 		16.3463 		16.7367
v 25.417 		16.1206 		16.7367
v 24.9656 		15.9824 		16.7367
v 24.5 		15.9358 		16.7367
v 24.0344 		15.9824 		16.7367
v 23.583 		16.1206 		16.7367
v 23.1594 		16.3463 		16.7367
v 22.7766 		16.6527 		16.7367
v 22.4461 		17.0304 		16.7367
v 22.1781 		17.4679 		16.7367
v 21.9805 		17.952 		16.7367
v 21.8596 		18.4679 		16.7367
v 21.8188 		19 		16.7367
v 21.8596 		19.5321 		16.7367
v 21.9805 		20.048 		16.7367
v 22.1781 		20.5321 		16.7367
v 22.4461 		20.9696 		16.7367
v 22.7766 		21.3473 		16.7367
v 23.1594 		21.6537 		16.7367
v 23.583 		21.8794 		16.7367
v 24.0344 		22.0176 		16.7367
v 24.5 		22.0642 		16.7367
v 24.9656 		22.0176 		16.7367
v 25.417 		21.8794 		16.7367
v 25.8406 		21.6537 		16.7367
v 26.2234 		21.3473 		16.7367
v 26.5539 		20.9696 		16.7367
v 26.8219 		20.5321 		16.7367
v 27.0195 		20.048 		16.7367
v 27.1404 		19.5321 		16.7367
v 27.367 		19 		17.0135
v 27.3235 		18.431 		17.0135
v 27.1941 		17.8793 		17.0135
v 26.9829 		17.3617 		17.0135
v 26.6963 		16.8938 		17.0135
v 26.3429 		16.49 		17.0135
v 25.9335 		16.1624 		17.0135
v 25.4806 		15.921 		17.0135
v 24.9979 		15.7732 		17.0135
v 24.5 		15.7234 		17.0135
v 24.0021 		15.7732 		17.0135
v 23.5194 		15.921 		17.0135
v 23.0665 		16.1624 		17.0135
v 22.6571 		16.49 		17.0135
v 22.3037 		16.8938 		17.0135
v 22.0171 		17.3617 		17.0135
v 21.8059 		17.8793 		17.0135
v 21.6765 		18.431 		17.0135
v 21.633 		19 		17.0135
v 21.6765 		19.569 		17.0135
v 21.8059 		20.1207 		17.0135
v 22.0171 		20.6383 		17.0135
v 22.3037 		21.1062 		17.0135
v 22.6571 		21.51 		17.0135
v 23.0665 		21.8376 		17.0135
v 23.5194 		22.079 		17.0135
v 24.0021 		22.2268 		17.0135
v 24.5 		22.2766 		17.0135
v 24.9979 		22.2268 		17.0135
v 25.4806 		22.079 		17.0135
v 25.9335 		21.8376 		17.0135
v 26.3429 		21.51 		17.0135
v 26.6963 		21.1062 		17.0135
v 26.9829 		20.6383 		17.0135
v 27.1941 		20.1207 		17.0135
v 27.3235 		19.569 		17.0135
v 27.5311 		19 		17.3078
v 27.485 		18.3985 		17.3078
v 27.3483 		17.8152 		17.3078
v 27.125 		17.2679 		17.3078
v 26.8219 		16.7733 		17.3078
v 26.4483 		16.3463 		17.3078
v 26.0155 		16 		17.3078
v 25.5367 		15.7448 		17.3078
v 25.0263 		15.5885 		17.3078
v 24.5 		15.5359 		17.3078
v 23.9737 		15.5885 		17.3078
v 23.4633 		15.7448 		17.3078
v 22.9845 		16 		17.3078
v 22.5517 		16.3463 		17.3078
v 22.1781 		16.7733 		17.3078
v 21.875 		17.2679 		17.3078
v 21.6517 		17.8152 		17.3078
v 21.515 		18.3985 		17.3078
v 21.4689 		19 		17.3078
v 21.515 		19.6015 		17.3078
v 21.6517 		20.1848 		17.3078
v 21.875 		20.7321 		17.3078
v 22.1781 		21.2267 		17.3078
v 22.5517 		21.6537 		17.3078
v 22.9845 		22 		17.3078
v 23.4633 		22.2552 		17.3078
v 23.9737 		22.4115 		17.3078
v 24.5 		22.4641 		17.3078
v 25.0263 		22.4115 		17.3078
v 25.5367 		22.2552 		17.3078
v 26.0155 		22 		17.3078
v 26.4483 		21.6537 		17.3078
v 26.8219 		21.2267 		17.3078
v 27.125 		20.7321 		17.3078
v 27.3483 		20.1848 		17.3078
v 27.485 		19.6015 		17.3078
v 27.6721 		19 		17.6173
v 27.6239 		18.3705 		17.6173
v 27.4808 		17.7601 		17.6173
v 27.2471 		17.1874 		17.6173
v 26.93 		16.6697 		17.6173
v 26.539 		16.2229 		17.6173
v 26.086 		15.8605 		17.6173
v 25.5849 		15.5934 		17.6173
v 25.0508 		15.4298 		17.6173
v 24.5 		15.3748 		17.6173
v 23.9492 		15.4298 		17.6173
v 23.4151 		15.5934 		17.6173
v 22.914 		15.8605 		17.6173
v 22.461 		16.2229 		17.6173
v 22.07 		16.6697 		17.6173
v 21.7529 		17.1874 		17.6173
v 21.5192 		17.7601 		17.6173
v 21.3761 		18.3705 		17.6173
v 21.3279 		19 		17.6173
v 21.3761 		19.6295 		17.6173
v 21.5192 		20.2399 		17.6173
v 21.7529 		20.8126 		17.6173
v 22.07 		21.3303 		17.6173
v 22.461 		21.7771 		17.6173
v 22.914 		22.1395 		17.6173
v 23.4151 		22.4066 		17.6173
v 23.9492 		22.5702 		17.6173
v 24.5 		22.6252 		17.6173
v 25.0508 		22.5702 		17.6173
v 25.5849 		22.4066 		17.6173
v 26.086 		22.1395 		17.6173
v 26.539 		21.7771 		17.6173
v 26.93 		21.3303 		17.6173
v 27.2471 		20.8126 		17.6173
v 27.4808 		20.2399 		17.6173
v 27.6239 		19.6295 		17.6173
v 27.7889 		19 		17.9397
v 27.739 		18.3473 		17.9397
v 27.5906 		17.7144 		17.9397
v 27.3483 		17.1206 		17.9397
v 27.0195 		16.5839 		17.9397
v 26.6141 		16.1206 		17.9397
v 26.1445 		15.7448 		17.9397
v 25.6249 		15.4679 		17.9397
v 25.0711 		15.2983 		17.9397
v 24.5 		15.2412 		17.9397
v 23.9289 		15.2983 		17.9397
v 23.3751 		15.4679 		17.9397
v 22.8555 		15.7448 		17.9397
v 22.3859 		16.1206 		17.9397
v 21.9805 		16.5839 		17.9397
v 21.6517 		17.1206 		17.9397
v 21.4094 		17.7144 		17.9397
v 21.261 		18.3473 		17.9397
v 21.2111 		19 		17.9397
v 21.261 		19.6527 		17.9397
v 21.4094 		20.2856 		17.9397
v 21.6517 		20.8794 		17.9397
v 21.9805 		21.4161 		17.9397
v 22.3859 		21.8794 		17.9397
v 22.8555 		22.2552 		17.9397
v 23.3751 		22.5321 		17.9397
v 23.9289 		22.7017 		17.9397
v 24.5 		22.7588 		17.9397
v 25.0711 		22.7017 		17.9397
v 25.6249 		22.5321 		17.9397
v 26.1445 		22.2552 		17.9397
v 26.6141 		21.8794 		17.9397
v 27.0195 		21.4161 		17.9397
v 27.3483 		20.8794 		17.9397
v 27.5906 		20.2856 		17.9397
v 27.739 		19.6527 		17.9397
v 27.8807 		19 		18.2725
v 27.8294 		18.3291 		18.2725
v 27.6769 		17.6785 		18.2725
v 27.4278 		17.0681 		18.2725
v 27.0898 		16.5165 		18.2725
v 26.6731 		16.0402 		18.2725
v 26.1904 		15.6539 		18.2725
v 25.6563 		15.3693 		18.2725
v 25.0871 		15.195 		18.2725
v 24.5 		15.1363 		18.2725
v 23.9129 		15.195 		18.2725
v 23.3437 		15.3693 		18.2725
v 22.8096 		15.6539 		18.2725
v 22.3269 		16.0402 		18.2725
v 21.9102 		16.5165 		18.2725
v 21.5722 		17.0681 		18.2725
v 21.3231 		17.6785 		18.2725
v 21.1706 		18.3291 		18.2725
v 21.1193 		19 		18.2725
v 21.1706 		19.6709 		18.2725
v 21.3231 		20.3215 		18.2725
v 21.5722 		20.9319 		18.2725
v 21.9102 		21.4835 		18.2725
v 22.3269 		21.9598 		18.2725
v 22.8096 		22.3461 		18.2725
v 23.3437 		22.6307 		18.2725
v 23.9129 		22.805 		18.2725
v 24.5 		22.8637 		18.2725
v 25.0871 		22.805 		18.2725
v 25.6563 		22.6307 		18.2725
v 26.1904 		22.3461 		18.2725
v 26.6731 		21.9598 		18.2725
v 27.0898 		21.4835 		18.2725
v 27.4278 		20.9319 		18.2725
v 27.6769 		20.3215 		18.2725
v 27.8294 		19.6709 		18.2725
v 27.9468 		19 		18.6132
v 27.8945 		18.316 		18.6132
v 27.739 		17.6527 		18.6132
v 27.485 		17.0304 		18.6132
v 27.1404 		16.4679 		18.6132
v 26.7156 		15.9824 		18.6132
v 26.2234 		15.5885 		18.6132
v 25.6789 		15.2983 		18.6132
v 25.0985 		15.1206 		18.6132
v 24.5 		15.0608 		18.6132
v 23.9015 		15.1206 		18.6132
v 23.3211 		15.2983 		18.6132
v 22.7766 		15.5885 		18.6132
v 22.2844 		15.9824 		18.6132
v 21.8596 		16.4679 		18.6132
v 21.515 		17.0304 		18.6132
v 21.261 		17.6527 		18.6132
v 21.1055 		18.316 		18.6132
v 21.0532 		19 		18.6132
v 21.1055 		19.684 		18.6132
v 21.261 		20.3473 		18.6132
v 21.515 		20.9696 		18.6132
v 21.8596 		21.5321 		18.6132
v 22.2844 		22.0176 		18.6132
v 22.7766 		22.4115 		18.6132
v 23.3211 		22.7017 		18.6132
v 23.9015 		22.8794 		18.6132
v 24.5 		22.9392 		18.6132
v 25.0985 		22.8794 		18.6132
v 25.6789 		22.7017 		18.6132
v 26.2234 		22.4115 		18.6132
v 26.7156 		22.0176 		18.6132
v 27.1404 		21.5321 		18.6132
v 27.485 		20.9696 		18.6132
v 27.739 		20.3473 		18.6132
v 27.8945 		19.684 		18.6132
v 27.9867 		19 		18.9592
v 27.9337 		18.3081 		18.9592
v 27.7764 		17.6371 		18.9592
v 27.5196 		17.0076 		18.9592
v 27.171 		16.4386 		18.9592
v 26.7412 		15.9475 		18.9592
v 26.2433 		15.5491 		18.9592
v 25.6925 		15.2555 		18.9592
v 25.1055 		15.0758 		18.9592
v 24.5 		15.0152 		18.9592
v 23.8945 		15.0758 		18.9592
v 23.3075 		15.2555 		18.9592
v 22.7567 		15.5491 		18.9592
v 22.2588 		15.9475 		18.9592
v 21.829 		16.4386 		18.9592
v 21.4804 		17.0076 		18.9592
v 21.2236 		17.6371 		18.9592
v 21.0663 		18.3081 		18.9592
v 21.0133 		19 		18.9592
v 21.0663 		19.6919 		18.9592
v 21.2236 		20.3629 		18.9592
v 21.4804 		20.9924 		18.9592
v 21.829 		21.5614 		18.9592
v 22.2588 		22.0525 		18.9592
v 22.7567 		22.4509 		18.9592
v 23.3075 		22.7445 		18.9592
v 23.8945 		22.9242 		18.9592
v 24.5 		22.9848 		18.9592
v 25.1055 		22.9242 		18.9592
v 25.6925 		22.7445 		18.9592
v 26.2433 		22.4509 		18.9592
v 26.7412 		22.0525 		18.9592
v 27.171 		21.5614 		18.9592
v 27.5196 		20.9924 		18.9592
v 27.7764 		20.3629 		18.9592
v 27.9337 		19.6919 		18.9592
v 28 		19 		19.3078
v 27.9468 		18.3054 		19.3078
v 27.7889 		17.6319 		19.3078
v 27.5311 		17 		19.3078
v 27.1812 		16.4288 		19.3078
v 26.7498 		15.9358 		19.3078
v 26.25 		15.5359 		19.3078
v 25.6971 		15.2412 		19.3078
v 25.1078 		15.0608 		19.3078
v 24.5 		15 		19.3078
v 23.8922 		15.0608 		19.3078
v 23.3029 		15.2412 		19.3078
v 22.75 		15.5359 		19.3078
v 22.2502 		15.9358 		19.3078
v 21.8188 		16.4288 		19.3078
v 21.4689 		17 		19.3078
v 21.2111 		17.6319 		19.3078
v 21.0532 		18.3054 		19.3078
v 21 		19 		19.3078
v 21.0532 		19.6946 		19.3078
v 21.2111 		20.3681 		19.3078
v 21.4689 		21 		19.3078
v 21.8188 		21.5712 		19.3078
v 22.2502 		22.0642 		19.3078
v 22.75 		22.4641 		19.3078
v 23.3029 		22.7588 		19.3078
v 23.8922 		22.9392 		19.3078
v 24.5 		23 		19.3078
v 25.1078 		22.9392 		19.3078
v 25.6971 		22.7588 		19.3078
v 26.25 		22.4641 		19.3078
v 26.7498 		22.0642 		19.3078
v 27.1812 		21.5712 		19.3078
v 27.5311 		21 		19.3078
v 27.7889 		20.3681 		19.3078
v 27.9468 		19.6946 		19.3078
v 24.5 		19 		19.3078
# 650 vertices

g group_4_10988977

usemtl color_10988977
s 0

f 33 	34 	35
f 33 	35 	36
f 33 	36 	37
f 33 	37 	38
f 33 	38 	39
f 33 	39 	40
f 33 	40 	41
f 33 	41 	42
f 33 	42 	43
f 33 	43 	44
f 33 	44 	45
f 33 	45 	46
f 33 	46 	47
f 33 	47 	48
f 33 	48 	49
f 33 	49 	50
f 33 	50 	51
f 33 	51 	52
f 33 	52 	53
f 33 	53 	54
f 33 	54 	55
f 33 	55 	56
f 33 	56 	57
f 33 	57 	58
f 33 	58 	59
f 33 	59 	60
f 33 	60 	61
f 33 	61 	62
f 33 	62 	63
f 33 	63 	64
f 33 	64 	65
f 33 	65 	66
f 33 	66 	67
f 33 	67 	68
f 33 	68 	69
f 33 	69 	34
f 35 	34 	71
f 34 	70 	71
f 36 	35 	72
f 35 	71 	72
f 37 	36 	73
f 36 	72 	73
f 38 	37 	74
f 37 	73 	74
f 39 	38 	75
f 38 	74 	75
f 40 	39 	76
f 39 	75 	76
f 41 	40 	77
f 40 	76 	77
f 42 	41 	78
f 41 	77 	78
f 43 	42 	79
f 42 	78 	79
f 44 	43 	80
f 43 	79 	80
f 45 	44 	81
f 44 	80 	81
f 46 	45 	82
f 45 	81 	82
f 47 	46 	83
f 46 	82 	83
f 48 	47 	84
f 47 	83 	84
f 49 	48 	85
f 48 	84 	85
f 50 	49 	86
f 49 	85 	86
f 51 	50 	87
f 50 	86 	87
f 52 	51 	88
f 51 	87 	88
f 53 	52 	89
f 52 	88 	89
f 54 	53 	90
f 53 	89 	90
f 55 	54 	91
f 54 	90 	91
f 56 	55 	92
f 55 	91 	92
f 57 	56 	93
f 56 	92 	93
f 58 	57 	94
f 57 	93 	94
f 59 	58 	95
f 58 	94 	95
f 60 	59 	96
f 59 	95 	96
f 61 	60 	97
f 60 	96 	97
f 62 	61 	98
f 61 	97 	98
f 63 	62 	99
f 62 	98 	99
f 64 	63 	100
f 63 	99 	100
f 65 	64 	101
f 64 	100 	101
f 66 	65 	102
f 65 	101 	102
f 67 	66 	103
f 66 	102 	103
f 68 	67 	104
f 67 	103 	104
f 69 	68 	105
f 68 	104 	105
f 34 	69 	70
f 69 	105 	70
f 71 	70 	107
f 70 	106 	107
f 72 	71 	108
f 71 	107 	108
f 73 	72 	109
f 72 	108 	109
f 74 	73 	110
f 73 	109 	110
f 75 	74 	111
f 74 	110 	111
f 76 	75 	112
f 75 	111 	112
f 77 	76 	113
f 76 	112 	113
f 78 	77 	114
f 77 	113 	114
f 79 	78 	115
f 78 	114 	115
f 80 	79 	116
f 79 	115 	116
f 81 	80 	117
f 80 	116 	117
f 82 	81 	118
f 81 	117 	118
f 83 	82 	119
f 82 	118 	119
f 84 	83 	120
f 83 	119 	120
f 85 	84 	121
f 84 	120 	121
f 86 	85 	122
f 85 	121 	122
f 87 	86 	123
f 86 	122 	123
f 88 	87 	124
f 87 	123 	124
f 89 	88 	125
f 88 	124 	125
f 90 	89 	126
f 89 	125 	126
f 91 	90 	127
f 90 	126 	127
f 92 	91 	128
f 91 	127 	128
f 93 	92 	129
f 92 	128 	129
f 94 	93 	130
f 93 	129 	130
f 95 	94 	131
f 94 	130 	131
f 96 	95 	132
f 95 	131 	132
f 97 	96 	133
f 96 	132 	133
f 98 	97 	134
f 97 	133 	134
f 99 	98 	135
f 98 	134 	135
f 100 	99 	136
f 99 	135 	136
f 101 	100 	137
f 100 	136 	137
f 102 	101 	138
f 101 	137 	138
f 103 	102 	139
f 102 	138 	139
f 104 	103 	140
f 103 	139 	140
f 105 	104 	141
f 104 	140 	141
f 70 	105 	106
f 105 	141 	106
f 107 	106 	143
f 106 	142 	143
f 108 	107 	144
f 107 	143 	144
f 109 	108 	145
f 108 	144 	145
f 110 	109 	146
f 109 	145 	146
f 111 	110 	147
f 110 	146 	147
f 112 	111 	148
f 111 	147 	148
f 113 	112 	149
f 112 	148 	149
f 114 	113 	150
f 113 	149 	150
f 115 	114 	151
f 114 	150 	151
f 116 	115 	152
f 115 	151 	152
f 117 	116 	153
f 116 	152 	153
f 118 	117 	154
f 117 	153 	154
f 119 	118 	155
f 118 	154 	155
f 120 	119 	156
f 119 	155 	156
f 121 	120 	157
f 120 	156 	157
f 122 	121 	158
f 121 	157 	158
f 123 	122 	159
f 122 	158 	159
f 124 	123 	160
f 123 	159 	160
f 125 	124 	161
f 124 	160 	161
f 126 	125 	162
f 125 	161 	162
f 127 	126 	163
f 126 	162 	163
f 128 	127 	164
f 127 	163 	164
f 129 	128 	165
f 128 	164 	165
f 130 	129 	166
f 129 	165 	166
f 131 	130 	167
f 130 	166 	167
f 132 	131 	168
f 131 	167 	168
f 133 	132 	169
f 132 	168 	169
f 134 	133 	170
f 133 	169 	170
f 135 	134 	171
f 134 	170 	171
f 136 	135 	172
f 135 	171 	172
f 137 	136 	173
f 136 	172 	173
f 138 	137 	174
f 137 	173 	174
f 139 	138 	175
f 138 	174 	175
f 140 	139 	176
f 139 	175 	176
f 141 	140 	177
f 140 	176 	177
f 106 	141 	142
f 141 	177 	142
f 143 	142 	179
f 142 	178 	179
f 144 	143 	180
f 143 	179 	180
f 145 	144 	181
f 144 	180 	181
f 146 	145 	182
f 145 	181 	182
f 147 	146 	183
f 146 	182 	183
f 148 	147 	184
f 147 	183 	184
f 149 	148 	185
f 148 	184 	185
f 150 	149 	186
f 149 	185 	186
f 151 	150 	187
f 150 	186 	187
f 152 	151 	188
f 151 	187 	188
f 153 	152 	189
f 152 	188 	189
f 154 	153 	190
f 153 	189 	190
f 155 	154 	191
f 154 	190 	191
f 156 	155 	192
f 155 	191 	192
f 157 	156 	193
f 156 	192 	193
f 158 	157 	194
f 157 	193 	194
f 159 	158 	195
f 158 	194 	195
f 160 	159 	196
f 159 	195 	196
f 161 	160 	197
f 160 	196 	197
f 162 	161 	198
f 161 	197 	198
f 163 	162 	199
f 162 	198 	199
f 164 	163 	200
f 163 	199 	200
f 165 	164 	201
f 164 	200 	201
f 166 	165 	202
f 165 	201 	202
f 167 	166 	203
f 166 	202 	203
f 168 	167 	204
f 167 	203 	204
f 169 	168 	205
f 168 	204 	205
f 170 	169 	206
f 169 	205 	206
f 171 	170 	207
f 170 	206 	207
f 172 	171 	208
f 171 	207 	208
f 173 	172 	209
f 172 	208 	209
f 174 	173 	210
f 173 	209 	210
f 175 	174 	211
f 174 	210 	211
f 176 	175 	212
f 175 	211 	212
f 177 	176 	213
f 176 	212 	213
f 142 	177 	178
f 177 	213 	178
f 179 	178 	215
f 178 	214 	215
f 180 	179 	216
f 179 	215 	216
f 181 	180 	217
f 180 	216 	217
f 182 	181 	218
f 181 	217 	218
f 183 	182 	219
f 182 	218 	219
f 184 	183 	220
f 183 	219 	220
f 185 	184 	221
f 184 	220 	221
f 186 	185 	222
f 185 	221 	222
f 187 	186 	223
f 186 	222 	223
f 188 	187 	224
f 187 	223 	224
f 189 	188 	225
f 188 	224 	225
f 190 	189 	226
f 189 	225 	226
f 191 	190 	227
f 190 	226 	227
f 192 	191 	228
f 191 	227 	228
f 193 	192 	229
f 192 	228 	229
f 194 	193 	230
f 193 	229 	230
f 195 	194 	231
f 194 	230 	231
f 196 	195 	232
f 195 	231 	232
f 197 	196 	233
f 196 	232 	233
f 198 	197 	234
f 197 	233 	234
f 199 	198 	235
f 198 	234 	235
f 200 	199 	236
f 199 	235 	236
f 201 	200 	237
f 200 	236 	237
f 202 	201 	238
f 201 	237 	238
f 203 	202 	239
f 202 	238 	239
f 204 	203 	240
f 203 	239 	240
f 205 	204 	241
f 204 	240 	241
f 206 	205 	242
f 205 	241 	242
f 207 	206 	243
f 206 	242 	243
f 208 	207 	244
f 207 	243 	244
f 209 	208 	245
f 208 	244 	245
f 210 	209 	246
f 209 	245 	246
f 211 	210 	247
f 210 	246 	247
f 212 	211 	248
f 211 	247 	248
f 213 	212 	249
f 212 	248 	249
f 178 	213 	214
f 213 	249 	214
f 215 	214 	251
f 214 	250 	251
f 216 	215 	252
f 215 	251 	252
f 217 	216 	253
f 216 	252 	253
f 218 	217 	254
f 217 	253 	254
f 219 	218 	255
f 218 	254 	255
f 220 	219 	256
f 219 	255 	256
f 221 	220 	257
f 220 	256 	257
f 222 	221 	258
f 221 	257 	258
f 223 	222 	259
f 222 	258 	259
f 224 	223 	260
f 223 	259 	260
f 225 	224 	261
f 224 	260 	261
f 226 	225 	262
f 225 	261 	262
f 227 	226 	263
f 226 	262 	263
f 228 	227 	264
f 227 	263 	264
f 229 	228 	265
f 228 	264 	265
f 230 	229 	266
f 229 	265 	266
f 231 	230 	267
f 230 	266 	267
f 232 	231 	268
f 231 	267 	268
f 233 	232 	269
f 232 	268 	269
f 234 	233 	270
f 233 	269 	270
f 235 	234 	271
f 234 	270 	271
f 236 	235 	272
f 235 	271 	272
f 237 	236 	273
f 236 	272 	273
f 238 	237 	274
f 237 	273 	274
f 239 	238 	275
f 238 	274 	275
f 240 	239 	276
f 239 	275 	276
f 241 	240 	277
f 240 	276 	277
f 242 	241 	278
f 241 	277 	278
f 243 	242 	279
f 242 	278 	279
f 244 	243 	280
f 243 	279 	280
f 245 	244 	281
f 244 	280 	281
f 246 	245 	282
f 245 	281 	282
f 247 	246 	283
f 246 	282 	283
f 248 	247 	284
f 247 	283 	284
f 249 	248 	285
f 248 	284 	285
f 214 	249 	250
f 249 	285 	250
f 251 	250 	287
f 250 	286 	287
f 252 	251 	288
f 251 	287 	288
f 253 	252 	289
f 252 	288 	289
f 254 	253 	290
f 253 	289 	290
f 255 	254 	291
f 254 	290 	291
f 256 	255 	292
f 255 	291 	292
f 257 	256 	293
f 256 	292 	293
f 258 	257 	294
f 257 	293 	294
f 259 	258 	295
f 258 	294 	295
f 260 	259 	296
f 259 	295 	296
f 261 	260 	297
f 260 	296 	297
f 262 	261 	298
f 261 	297 	298
f 263 	262 	299
f 262 	298 	299
f 264 	263 	300
f 263 	299 	300
f 265 	264 	301
f 264 	300 	301
f 266 	265 	302
f 265 	301 	302
f 267 	266 	303
f 266 	302 	303
f 268 	267 	304
f 267 	303 	304
f 269 	268 	305
f 268 	304 	305
f 270 	269 	306
f 269 	305 	306
f 271 	270 	307
f 270 	306 	307
f 272 	271 	308
f 271 	307 	308
f 273 	272 	309
f 272 	308 	309
f 274 	273 	310
f 273 	309 	310
f 275 	274 	311
f 274 	310 	311
f 276 	275 	312
f 275 	311 	312
f 277 	276 	313
f 276 	312 	313
f 278 	277 	314
f 277 	313 	314
f 279 	278 	315
f 278 	314 	315
f 280 	279 	316
f 279 	315 	316
f 281 	280 	317
f 280 	316 	317
f 282 	281 	318
f 281 	317 	318
f 283 	282 	319
f 282 	318 	319
f 284 	283 	320
f 283 	319 	320
f 285 	284 	321
f 284 	320 	321
f 250 	285 	286
f 285 	321 	286
f 287 	286 	323
f 286 	322 	323
f 288 	287 	324
f 287 	323 	324
f 289 	288 	325
f 288 	324 	325
f 290 	289 	326
f 289 	325 	326
f 291 	290 	327
f 290 	326 	327
f 292 	291 	328
f 291 	327 	328
f 293 	292 	329
f 292 	328 	329
f 294 	293 	330
f 293 	329 	330
f 295 	294 	331
f 294 	330 	331
f 296 	295 	332
f 295 	331 	332
f 297 	296 	333
f 296 	332 	333
f 298 	297 	334
f 297 	333 	334
f 299 	298 	335
f 298 	334 	335
f 300 	299 	336
f 299 	335 	336
f 301 	300 	337
f 300 	336 	337
f 302 	301 	338
f 301 	337 	338
f 303 	302 	339
f 302 	338 	339
f 304 	303 	340
f 303 	339 	340
f 305 	304 	341
f 304 	340 	341
f 306 	305 	342
f 305 	341 	342
f 307 	306 	343
f 306 	342 	343
f 308 	307 	344
f 307 	343 	344
f 309 	308 	345
f 308 	344 	345
f 310 	309 	346
f 309 	345 	346
f 311 	310 	347
f 310 	346 	347
f 312 	311 	348
f 311 	347 	348
f 313 	312 	349
f 312 	348 	349
f 314 	313 	350
f 313 	349 	350
f 315 	314 	351
f 314 	350 	351
f 316 	315 	352
f 315 	351 	352
f 317 	316 	353
f 316 	352 	353
f 318 	317 	354
f 317 	353 	354
f 319 	318 	355
f 318 	354 	355
f 320 	319 	356
f 319 	355 	356
f 321 	320 	357
f 320 	356 	357
f 286 	321 	322
f 321 	357 	322
f 323 	322 	359
f 322 	358 	359
f 324 	323 	360
f 323 	359 	360
f 325 	324 	361
f 324 	360 	361
f 326 	325 	362
f 325 	361 	362
f 327 	326 	363
f 326 	362 	363
f 328 	327 	364
f 327 	363 	364
f 329 	328 	365
f 328 	364 	365
f 330 	329 	366
f 329 	365 	366
f 331 	330 	367
f 330 	366 	367
f 332 	331 	368
f 331 	367 	368
f 333 	332 	369
f 332 	368 	369
f 334 	333 	370
f 333 	369 	370
f 335 	334 	371
f 334 	370 	371
f 336 	335 	372
f 335 	371 	372
f 337 	336 	373
f 336 	372 	373
f 338 	337 	374
f 337 	373 	374
f 339 	338 	375
f 338 	374 	375
f 340 	339 	376
f 339 	375 	376
f 341 	340 	377
f 340 	376 	377
f 342 	341 	378
f 341 	377 	378
f 343 	342 	379
f 342 	378 	379
f 344 	343 	380
f 343 	379 	380
f 345 	344 	381
f 344 	380 	381
f 346 	345 	382
f 345 	381 	382
f 347 	346 	383
f 346 	382 	383
f 348 	347 	384
f 347 	383 	384
f 349 	348 	385
f 348 	384 	385
f 350 	349 	386
f 349 	385 	386
f 351 	350 	387
f 350 	386 	387
f 352 	351 	388
f 351 	387 	388
f 353 	352 	389
f 352 	388 	389
f 354 	353 	390
f 353 	389 	390
f 355 	354 	391
f 354 	390 	391
f 356 	355 	392
f 355 	391 	392
f 357 	356 	393
f 356 	392 	393
f 322 	357 	358
f 357 	393 	358
f 359 	358 	395
f 358 	394 	395
f 360 	359 	396
f 359 	395 	396
f 361 	360 	397
f 360 	396 	397
f 362 	361 	398
f 361 	397 	398
f 363 	362 	399
f 362 	398 	399
f 364 	363 	400
f 363 	399 	400
f 365 	364 	401
f 364 	400 	401
f 366 	365 	402
f 365 	401 	402
f 367 	366 	403
f 366 	402 	403
f 368 	367 	404
f 367 	403 	404
f 369 	368 	405
f 368 	404 	405
f 370 	369 	406
f 369 	405 	406
f 371 	370 	407
f 370 	406 	407
f 372 	371 	408
f 371 	407 	408
f 373 	372 	409
f 372 	408 	409
f 374 	373 	410
f 373 	409 	410
f 375 	374 	411
f 374 	410 	411
f 376 	375 	412
f 375 	411 	412
f 377 	376 	413
f 376 	412 	413
f 378 	377 	414
f 377 	413 	414
f 379 	378 	415
f 378 	414 	415
f 380 	379 	416
f 379 	415 	416
f 381 	380 	417
f 380 	416 	417
f 382 	381 	418
f 381 	417 	418
f 383 	382 	419
f 382 	418 	419
f 384 	383 	420
f 383 	419 	420
f 385 	384 	421
f 384 	420 	421
f 386 	385 	422
f 385 	421 	422
f 387 	386 	423
f 386 	422 	423
f 388 	387 	424
f 387 	423 	424
f 389 	388 	425
f 388 	424 	425
f 390 	389 	426
f 389 	425 	426
f 391 	390 	427
f 390 	426 	427
f 392 	391 	428
f 391 	427 	428
f 393 	392 	429
f 392 	428 	429
f 358 	393 	394
f 393 	429 	394
f 395 	394 	431
f 394 	430 	431
f 396 	395 	432
f 395 	431 	432
f 397 	396 	433
f 396 	432 	433
f 398 	397 	434
f 397 	433 	434
f 399 	398 	435
f 398 	434 	435
f 400 	399 	436
f 399 	435 	436
f 401 	400 	437
f 400 	436 	437
f 402 	401 	438
f 401 	437 	438
f 403 	402 	439
f 402 	438 	439
f 404 	403 	440
f 403 	439 	440
f 405 	404 	441
f 404 	440 	441
f 406 	405 	442
f 405 	441 	442
f 407 	406 	443
f 406 	442 	443
f 408 	407 	444
f 407 	443 	444
f 409 	408 	445
f 408 	444 	445
f 410 	409 	446
f 409 	445 	446
f 411 	410 	447
f 410 	446 	447
f 412 	411 	448
f 411 	447 	448
f 413 	412 	449
f 412 	448 	449
f 414 	413 	450
f 413 	449 	450
f 415 	414 	451
f 414 	450 	451
f 416 	415 	452
f 415 	451 	452
f 417 	416 	453
f 416 	452 	453
f 418 	417 	454
f 417 	453 	454
f 419 	418 	455
f 418 	454 	455
f 420 	419 	456
f 419 	455 	456
f 421 	420 	457
f 420 	456 	457
f 422 	421 	458
f 421 	457 	458
f 423 	422 	459
f 422 	458 	459
f 424 	423 	460
f 423 	459 	460
f 425 	424 	461
f 424 	460 	461
f 426 	425 	462
f 425 	461 	462
f 427 	426 	463
f 426 	462 	463
f 428 	427 	464
f 427 	463 	464
f 429 	428 	465
f 428 	464 	465
f 394 	429 	430
f 429 	465 	430
f 431 	430 	467
f 430 	466 	467
f 432 	431 	468
f 431 	467 	468
f 433 	432 	469
f 432 	468 	469
f 434 	433 	470
f 433 	469 	470
f 435 	434 	471
f 434 	470 	471
f 436 	435 	472
f 435 	471 	472
f 437 	436 	473
f 436 	472 	473
f 438 	437 	474
f 437 	473 	474
f 439 	438 	475
f 438 	474 	475
f 440 	439 	476
f 439 	475 	476
f 441 	440 	477
f 440 	476 	477
f 442 	441 	478
f 441 	477 	478
f 443 	442 	479
f 442 	478 	479
f 444 	443 	480
f 443 	479 	480
f 445 	444 	481
f 444 	480 	481
f 446 	445 	482
f 445 	481 	482
f 447 	446 	483
f 446 	482 	483
f 448 	447 	484
f 447 	483 	484
f 449 	448 	485
f 448 	484 	485
f 450 	449 	486
f 449 	485 	486
f 451 	450 	487
f 450 	486 	487
f 452 	451 	488
f 451 	487 	488
f 453 	452 	489
f 452 	488 	489
f 454 	453 	490
f 453 	489 	490
f 455 	454 	491
f 454 	490 	491
f 456 	455 	492
f 455 	491 	492
f 457 	456 	493
f 456 	492 	493
f 458 	457 	494
f 457 	493 	494
f 459 	458 	495
f 458 	494 	495
f 460 	459 	496
f 459 	495 	496
f 461 	460 	497
f 460 	496 	497
f 462 	461 	498
f 461 	497 	498
f 463 	462 	499
f 462 	498 	499
f 464 	463 	500
f 463 	499 	500
f 465 	464 	501
f 464 	500 	501
f 430 	465 	466
f 465 	501 	466
f 467 	466 	503
f 466 	502 	503
f 468 	467 	504
f 467 	503 	504
f 469 	468 	505
f 468 	504 	505
f 470 	469 	506
f 469 	505 	506
f 471 	470 	507
f 470 	506 	507
f 472 	471 	508
f 471 	507 	508
f 473 	472 	509
f 472 	508 	509
f 474 	473 	510
f 473 	509 	510
f 475 	474 	511
f 474 	510 	511
f 476 	475 	512
f 475 	511 	512
f 477 	476 	513
f 476 	512 	513
f 478 	477 	514
f 477 	513 	514
f 479 	478 	515
f 478 	514 	515
f 480 	479 	516
f 479 	515 	516
f 481 	480 	517
f 480 	516 	517
f 482 	481 	518
f 481 	517 	518
f 483 	482 	519
f 482 	518 	519
f 484 	483 	520
f 483 	519 	520
f 485 	484 	521
f 484 	520 	521
f 486 	485 	522
f 485 	521 	522
f 487 	486 	523
f 486 	522 	523
f 488 	487 	524
f 487 	523 	524
f 489 	488 	525
f 488 	524 	525
f 490 	489 	526
f 489 	525 	526
f 491 	490 	527
f 490 	526 	527
f 492 	491 	528
f 491 	527 	528
f 493 	492 	529
f 492 	528 	529
f 494 	493 	530
f 493 	529 	530
f 495 	494 	531
f 494 	530 	531
f 496 	495 	532
f 495 	531 	532
f 497 	496 	533
f 496 	532 	533
f 498 	497 	534
f 497 	533 	534
f 499 	498 	535
f 498 	534 	535
f 500 	499 	536
f 499 	535 	536
f 501 	500 	537
f 500 	536 	537
f 466 	501 	502
f 501 	537 	502
f 503 	502 	539
f 502 	538 	539
f 504 	503 	540
f 503 	539 	540
f 505 	504 	541
f 504 	540 	541
f 506 	505 	542
f 505 	541 	542
f 507 	506 	543
f 506 	542 	543
f 508 	507 	544
f 507 	543 	544
f 509 	508 	545
f 508 	544 	545
f 510 	509 	546
f 509 	545 	546
f 511 	510 	547
f 510 	546 	547
f 512 	511 	548
f 511 	547 	548
f 513 	512 	549
f 512 	548 	549
f 514 	513 	550
f 513 	549 	550
f 515 	514 	551
f 514 	550 	551
f 516 	515 	552
f 515 	551 	552
f 517 	516 	553
f 516 	552 	553
f 518 	517 	554
f 517 	553 	554
f 519 	518 	555
f 518 	554 	555
f 520 	519 	556
f 519 	555 	556
f 521 	520 	557
f 520 	556 	557
f 522 	521 	558
f 521 	557 	558
f 523 	522 	559
f 522 	558 	559
f 524 	523 	560
f 523 	559 	560
f 525 	524 	561
f 524 	560 	561
f 526 	525 	562
f 525 	561 	562
f 527 	526 	563
f 526 	562 	563
f 528 	527 	564
f 527 	563 	564
f 529 	528 	565
f 528 	564 	565
f 530 	529 	566
f 529 	565 	566
f 531 	530 	567
f 530 	566 	567
f 532 	531 	568
f 531 	567 	568
f 533 	532 	569
f 532 	568 	569
f 534 	533 	570
f 533 	569 	570
f 535 	534 	571
f 534 	570 	571
f 536 	535 	572
f 535 	571 	572
f 537 	536 	573
f 536 	572 	573
f 502 	537 	538
f 537 	573 	538
f 539 	538 	575
f 538 	574 	575
f 540 	539 	576
f 539 	575 	576
f 541 	540 	577
f 540 	576 	577
f 542 	541 	578
f 541 	577 	578
f 543 	542 	579
f 542 	578 	579
f 544 	543 	580
f 543 	579 	580
f 545 	544 	581
f 544 	580 	581
f 546 	545 	582
f 545 	581 	582
f 547 	546 	583
f 546 	582 	583
f 548 	547 	584
f 547 	583 	584
f 549 	548 	585
f 548 	584 	585
f 550 	549 	586
f 549 	585 	586
f 551 	550 	587
f 550 	586 	587
f 552 	551 	588
f 551 	587 	588
f 553 	552 	589
f 552 	588 	589
f 554 	553 	590
f 553 	589 	590
f 555 	554 	591
f 554 	590 	591
f 556 	555 	592
f 555 	591 	592
f 557 	556 	593
f 556 	592 	593
f 558 	557 	594
f 557 	593 	594
f 559 	558 	595
f 558 	594 	595
f 560 	559 	596
f 559 	595 	596
f 561 	560 	597
f 560 	596 	597
f 562 	561 	598
f 561 	597 	598
f 563 	562 	599
f 562 	598 	599
f 564 	563 	600
f 563 	599 	600
f 565 	564 	601
f 564 	600 	601
f 566 	565 	602
f 565 	601 	602
f 567 	566 	603
f 566 	602 	603
f 568 	567 	604
f 567 	603 	604
f 569 	568 	605
f 568 	604 	605
f 570 	569 	606
f 569 	605 	606
f 571 	570 	607
f 570 	606 	607
f 572 	571 	608
f 571 	607 	608
f 573 	572 	609
f 572 	608 	609
f 538 	573 	574
f 573 	609 	574
f 575 	574 	611
f 574 	610 	611
f 576 	575 	612
f 575 	611 	612
f 577 	576 	613
f 576 	612 	613
f 578 	577 	614
f 577 	613 	614
f 579 	578 	615
f 578 	614 	615
f 580 	579 	616
f 579 	615 	616
f 581 	580 	617
f 580 	616 	617
f 582 	581 	618
f 581 	617 	618
f 583 	582 	619
f 582 	618 	619
f 584 	583 	620
f 583 	619 	620
f 585 	584 	621
f 584 	620 	621
f 586 	585 	622
f 585 	621 	622
f 587 	586 	623
f 586 	622 	623
f 588 	587 	624
f 587 	623 	624
f 589 	588 	625
f 588 	624 	625
f 590 	589 	626
f 589 	625 	626
f 591 	590 	627
f 590 	626 	627
f 592 	591 	628
f 591 	627 	628
f 593 	592 	629
f 592 	628 	629
f 594 	593 	630
f 593 	629 	630
f 595 	594 	631
f 594 	630 	631
f 596 	595 	632
f 595 	631 	632
f 597 	596 	633
f 596 	632 	633
f 598 	597 	634
f 597 	633 	634
f 599 	598 	635
f 598 	634 	635
f 600 	599 	636
f 599 	635 	636
f 601 	600 	637
f 600 	636 	637
f 602 	601 	638
f 601 	637 	638
f 603 	602 	639
f 602 	638 	639
f 604 	603 	640
f 603 	639 	640
f 605 	604 	641
f 604 	640 	641
f 606 	605 	642
f 605 	641 	642
f 607 	606 	643
f 606 	642 	643
f 608 	607 	644
f 607 	643 	644
f 609 	608 	645
f 608 	644 	645
f 574 	609 	610
f 609 	645 	610
f 611 	610 	647
f 610 	646 	647
f 612 	611 	648
f 611 	647 	648
f 613 	612 	649
f 612 	648 	649
f 614 	613 	650
f 613 	649 	650
f 615 	614 	651
f 614 	650 	651
f 616 	615 	652
f 615 	651 	652
f 617 	616 	653
f 616 	652 	653
f 618 	617 	654
f 617 	653 	654
f 619 	618 	655
f 618 	654 	655
f 620 	619 	656
f 619 	655 	656
f 621 	620 	657
f 620 	656 	657
f 622 	621 	658
f 621 	657 	658
f 623 	622 	659
f 622 	658 	659
f 624 	623 	660
f 623 	659 	660
f 625 	624 	661
f 624 	660 	661
f 626 	625 	662
f 625 	661 	662
f 627 	626 	663
f 626 	662 	663
f 628 	627 	664
f 627 	663 	664
f 629 	628 	665
f 628 	664 	665
f 630 	629 	666
f 629 	665 	666
f 631 	630 	667
f 630 	666 	667
f 632 	631 	668
f 631 	667 	668
f 633 	632 	669
f 632 	668 	669
f 634 	633 	670
f 633 	669 	670
f 635 	634 	671
f 634 	670 	671
f 636 	635 	672
f 635 	671 	672
f 637 	636 	673
f 636 	672 	673
f 638 	637 	674
f 637 	673 	674
f 639 	638 	675
f 638 	674 	675
f 640 	639 	676
f 639 	675 	676
f 641 	640 	677
f 640 	676 	677
f 642 	641 	678
f 641 	677 	678
f 643 	642 	679
f 642 	678 	679
f 644 	643 	680
f 643 	679 	680
f 645 	644 	681
f 644 	680 	681
f 610 	645 	646
f 645 	681 	646
f 647 	646 	682
f 648 	647 	682
f 649 	648 	682
f 650 	649 	682
f 651 	650 	682
f 652 	651 	682
f 653 	652 	682
f 654 	653 	682
f 655 	654 	682
f 656 	655 	682
f 657 	656 	682
f 658 	657 	682
f 659 	658 	682
f 660 	659 	682
f 661 	660 	682
f 662 	661 	682
f 663 	662 	682
f 664 	663 	682
f 665 	664 	682
f 666 	665 	682
f 667 	666 	682
f 668 	667 	682
f 669 	668 	682
f 670 	669 	682
f 671 	670 	682
f 672 	671 	682
f 673 	672 	682
f 674 	673 	682
f 675 	674 	682
f 676 	675 	682
f 677 	676 	682
f 678 	677 	682
f 679 	678 	682
f 680 	679 	682
f 681 	680 	682
f 646 	681 	682
# 1296 faces

 #end of obj_4

o obj_5
v 23.1181 		20.8745 		17.0856
v 23.2044 		20.8822 		17.0501
v 23.2332 		21.1158 		17.1339
v 23.1181 		21.1055 		17.1813
v 23.2893 		20.878 		17.0103
v 23.3464 		21.1102 		17.0809
v 23.3712 		20.8619 		16.9669
v 23.4556 		21.0886 		17.023
v 23.4488 		20.8341 		16.9206
v 23.5591 		21.0516 		16.9612
v 23.5208 		20.7951 		16.8722
v 23.655 		20.9996 		16.8967
v 23.5858 		20.7457 		16.8225
v 23.7417 		20.9337 		16.8305
v 23.6428 		20.6866 		16.7725
v 23.8178 		20.8549 		16.7638
v 23.6909 		20.6188 		16.7229
v 23.8818 		20.7646 		16.6977
v 23.7292 		20.5436 		16.6746
v 23.9329 		20.6643 		16.6332
v 23.757 		20.4622 		16.6284
v 23.97 		20.5557 		16.5716
v 23.7739 		20.376 		16.5851
v 23.9925 		20.4408 		16.5139
v 23.7795 		20.2864 		16.5455
v 24 		20.3214 		16.4611
v 23.7739 		20.1951 		16.5102
v 23.9925 		20.1996 		16.414
v 23.757 		20.1035 		16.4798
v 23.97 		20.0775 		16.3735
v 23.7292 		20.0133 		16.4549
v 23.9329 		19.9572 		16.3403
v 23.6909 		19.9259 		16.4359
v 23.8818 		19.8407 		16.315
v 23.6428 		19.8429 		16.423
v 23.8178 		19.7301 		16.2979
v 23.5858 		19.7657 		16.4167
v 23.7417 		19.6271 		16.2893
v 23.5208 		19.6957 		16.4168
v 23.655 		19.5337 		16.2895
v 23.4488 		19.6339 		16.4235
v 23.5591 		19.4514 		16.2984
v 23.3712 		19.5815 		16.4366
v 23.4556 		19.3815 		16.3159
v 23.2893 		19.5394 		16.4558
v 23.3464 		19.3254 		16.3416
v 23.2044 		19.5083 		16.481
v 23.2332 		19.2838 		16.3751
v 23.1181 		19.4887 		16.5116
v 23.1181 		19.2577 		16.4159
v 23.0318 		19.4809 		16.5471
v 23.003 		19.2474 		16.4632
v 22.9469 		19.4851 		16.5869
v 22.8899 		19.253 		16.5163
v 22.865 		19.5013 		16.6303
v 22.7806 		19.2745 		16.5742
v 22.7874 		19.5291 		16.6766
v 22.6772 		19.3116 		16.6359
v 22.7155 		19.568 		16.725
v 22.5813 		19.3635 		16.7004
v 22.6504 		19.6175 		16.7746
v 22.4945 		19.4294 		16.7666
v 22.5934 		19.6766 		16.8247
v 22.4185 		19.5082 		16.8334
v 22.5453 		19.7443 		16.8743
v 22.3544 		19.5986 		16.8995
v 22.507 		19.8195 		16.9226
v 22.3034 		19.6989 		16.9639
v 22.4792 		19.901 		16.9688
v 22.2663 		19.8074 		17.0255
v 22.4624 		19.9872 		17.0121
v 22.2438 		19.9224 		17.0832
v 22.4567 		20.0767 		17.0517
v 22.2362 		20.0418 		17.1361
v 22.4624 		20.1681 		17.087
v 22.2438 		20.1636 		17.1831
v 22.4792 		20.2596 		17.1173
v 22.2663 		20.2857 		17.2236
v 22.507 		20.3499 		17.1423
v 22.3034 		20.406 		17.2568
v 22.5453 		20.4372 		17.1613
v 22.3544 		20.5225 		17.2822
v 22.5934 		20.5202 		17.1741
v 22.4185 		20.6331 		17.2993
v 22.6504 		20.5974 		17.1805
v 22.4945 		20.736 		17.3078
v 22.7155 		20.6675 		17.1804
v 22.5813 		20.8294 		17.3076
v 22.7874 		20.7292 		17.1737
v 22.6772 		20.9118 		17.2987
v 22.865 		20.7816 		17.1606
v 22.7806 		20.9816 		17.2813
v 22.9469 		20.8237 		17.1413
v 22.8899 		21.0378 		17.2556
v 23.0318 		20.8549 		17.1162
v 23.003 		21.0793 		17.222
v 23.018 		20.967 		16.8622
v 23.1043 		20.9748 		16.8267
v 23.1891 		20.9705 		16.7869
v 23.2711 		20.9544 		16.7435
v 23.3487 		20.9266 		16.6972
v 23.4206 		20.8877 		16.6488
v 23.4856 		20.8382 		16.5992
v 23.5427 		20.7791 		16.5491
v 23.5908 		20.7114 		16.4995
v 23.629 		20.6361 		16.4512
v 23.6568 		20.5547 		16.405
v 23.6737 		20.4685 		16.3617
v 23.6794 		20.3789 		16.3221
v 23.6737 		20.2876 		16.2868
v 23.6568 		20.196 		16.2564
v 23.629 		20.1058 		16.2315
v 23.5908 		20.0184 		16.2125
v 23.5427 		19.9355 		16.1997
v 23.4856 		19.8583 		16.1933
v 23.4206 		19.7882 		16.1934
v 23.3487 		19.7265 		16.2001
v 23.2711 		19.6741 		16.2132
v 23.1891 		19.6319 		16.2324
v 23.1043 		19.6008 		16.2576
v 23.018 		19.5812 		16.2882
v 22.9316 		19.5734 		16.3237
v 22.8468 		19.5777 		16.3635
v 22.7648 		19.5938 		16.4069
v 22.6873 		19.6216 		16.4532
v 22.6153 		19.6606 		16.5016
v 22.5503 		19.71 		16.5512
v 22.4932 		19.7691 		16.6013
v 22.4452 		19.8369 		16.6509
v 22.4069 		19.9121 		16.6992
v 22.3791 		19.9935 		16.7454
v 22.3622 		20.0797 		16.7887
v 22.3565 		20.1693 		16.8283
v 22.3622 		20.2606 		16.8636
v 22.3791 		20.3522 		16.894
v 22.4069 		20.4424 		16.9189
v 22.4452 		20.5298 		16.9379
v 22.4932 		20.6127 		16.9507
v 22.5503 		20.6899 		16.9571
v 22.6153 		20.76 		16.957
v 22.6873 		20.8218 		16.9503
v 22.7648 		20.8741 		16.9372
v 22.8468 		20.9163 		16.9179
v 22.9316 		20.9474 		16.8928
v 23.018 		21.198 		16.9579
v 23.1331 		21.2083 		16.9105
v 23.2462 		21.2027 		16.8575
v 23.3554 		21.1812 		16.7996
v 23.4589 		21.1441 		16.7379
v 23.5548 		21.0922 		16.6733
v 23.6415 		21.0262 		16.6071
v 23.7176 		20.9474 		16.5404
v 23.7817 		20.8571 		16.4743
v 23.8327 		20.7568 		16.4098
v 23.8698 		20.6483 		16.3482
v 23.8923 		20.5333 		16.2905
v 23.8998 		20.4139 		16.2377
v 23.8923 		20.2921 		16.1906
v 23.8698 		20.17 		16.1502
v 23.8327 		20.0497 		16.1169
v 23.7817 		19.9332 		16.0916
v 23.7176 		19.8226 		16.0745
v 23.6415 		19.7197 		16.0659
v 23.5548 		19.6262 		16.0661
v 23.4589 		19.5439 		16.075
v 23.3554 		19.474 		16.0925
v 23.2462 		19.4179 		16.1182
v 23.1331 		19.3764 		16.1517
v 23.018 		19.3502 		16.1925
v 22.9028 		19.3399 		16.2398
v 22.7897 		19.3455 		16.2929
v 22.6805 		19.3671 		16.3508
v 22.577 		19.4041 		16.4125
v 22.4811 		19.456 		16.477
v 22.3944 		19.522 		16.5432
v 22.3183 		19.6008 		16.61
v 22.2542 		19.6911 		16.6761
v 22.2032 		19.7914 		16.7405
v 22.1661 		19.9 		16.8021
v 22.1436 		20.0149 		16.8598
v 22.1361 		20.1343 		16.9127
v 22.1436 		20.2561 		16.9597
v 22.1661 		20.3782 		17.0002
v 22.2032 		20.4985 		17.0334
v 22.2542 		20.615 		17.0588
v 22.3183 		20.7256 		17.0759
v 22.3944 		20.8285 		17.0844
v 22.4811 		20.922 		17.0842
v 22.577 		21.0043 		17.0753
v 22.6805 		21.0742 		17.0579
v 22.7897 		21.1303 		17.0322
v 22.9028 		21.1718 		16.9986
# 192 vertices

g group_5_10988977

usemtl color_10988977
s 0

f 683 	684 	685
f 683 	685 	686
f 684 	687 	688
f 684 	688 	685
f 687 	689 	690
f 687 	690 	688
f 689 	691 	692
f 689 	692 	690
f 691 	693 	694
f 691 	694 	692
f 693 	695 	696
f 693 	696 	694
f 695 	697 	698
f 695 	698 	696
f 697 	699 	700
f 697 	700 	698
f 699 	701 	702
f 699 	702 	700
f 701 	703 	704
f 701 	704 	702
f 703 	705 	706
f 703 	706 	704
f 705 	707 	708
f 705 	708 	706
f 707 	709 	710
f 707 	710 	708
f 709 	711 	712
f 709 	712 	710
f 711 	713 	714
f 711 	714 	712
f 713 	715 	716
f 713 	716 	714
f 715 	717 	718
f 715 	718 	716
f 717 	719 	720
f 717 	720 	718
f 719 	721 	722
f 719 	722 	720
f 721 	723 	724
f 721 	724 	722
f 723 	725 	726
f 723 	726 	724
f 725 	727 	728
f 725 	728 	726
f 727 	729 	730
f 727 	730 	728
f 729 	731 	732
f 729 	732 	730
f 731 	733 	734
f 731 	734 	732
f 733 	735 	736
f 733 	736 	734
f 735 	737 	738
f 735 	738 	736
f 737 	739 	740
f 737 	740 	738
f 739 	741 	742
f 739 	742 	740
f 741 	743 	744
f 741 	744 	742
f 743 	745 	746
f 743 	746 	744
f 745 	747 	748
f 745 	748 	746
f 747 	749 	750
f 747 	750 	748
f 749 	751 	752
f 749 	752 	750
f 751 	753 	754
f 751 	754 	752
f 753 	755 	756
f 753 	756 	754
f 755 	757 	758
f 755 	758 	756
f 757 	759 	760
f 757 	760 	758
f 759 	761 	762
f 759 	762 	760
f 761 	763 	764
f 761 	764 	762
f 763 	765 	766
f 763 	766 	764
f 765 	767 	768
f 765 	768 	766
f 767 	769 	770
f 767 	770 	768
f 769 	771 	772
f 769 	772 	770
f 771 	773 	774
f 771 	774 	772
f 773 	775 	776
f 773 	776 	774
f 775 	777 	778
f 775 	778 	776
f 777 	683 	686
f 777 	686 	778
f 779 	780 	684
f 779 	684 	683
f 780 	781 	687
f 780 	687 	684
f 781 	782 	689
f 781 	689 	687
f 782 	783 	691
f 782 	691 	689
f 783 	784 	693
f 783 	693 	691
f 784 	785 	695
f 784 	695 	693
f 785 	786 	697
f 785 	697 	695
f 786 	787 	699
f 786 	699 	697
f 787 	788 	701
f 787 	701 	699
f 788 	789 	703
f 788 	703 	701
f 789 	790 	705
f 789 	705 	703
f 790 	791 	707
f 790 	707 	705
f 791 	792 	709
f 791 	709 	707
f 792 	793 	711
f 792 	711 	709
f 793 	794 	713
f 793 	713 	711
f 794 	795 	715
f 794 	715 	713
f 795 	796 	717
f 795 	717 	715
f 796 	797 	719
f 796 	719 	717
f 797 	798 	721
f 797 	721 	719
f 798 	799 	723
f 798 	723 	721
f 799 	800 	725
f 799 	725 	723
f 800 	801 	727
f 800 	727 	725
f 801 	802 	729
f 801 	729 	727
f 802 	803 	731
f 802 	731 	729
f 803 	804 	733
f 803 	733 	731
f 804 	805 	735
f 804 	735 	733
f 805 	806 	737
f 805 	737 	735
f 806 	807 	739
f 806 	739 	737
f 807 	808 	741
f 807 	741 	739
f 808 	809 	743
f 808 	743 	741
f 809 	810 	745
f 809 	745 	743
f 810 	811 	747
f 810 	747 	745
f 811 	812 	749
f 811 	749 	747
f 812 	813 	751
f 812 	751 	749
f 813 	814 	753
f 813 	753 	751
f 814 	815 	755
f 814 	755 	753
f 815 	816 	757
f 815 	757 	755
f 816 	817 	759
f 816 	759 	757
f 817 	818 	761
f 817 	761 	759
f 818 	819 	763
f 818 	763 	761
f 819 	820 	765
f 819 	765 	763
f 820 	821 	767
f 820 	767 	765
f 821 	822 	769
f 821 	769 	767
f 822 	823 	771
f 822 	771 	769
f 823 	824 	773
f 823 	773 	771
f 824 	825 	775
f 824 	775 	773
f 825 	826 	777
f 825 	777 	775
f 826 	779 	683
f 826 	683 	777
f 827 	828 	780
f 827 	780 	779
f 828 	829 	781
f 828 	781 	780
f 829 	830 	782
f 829 	782 	781
f 830 	831 	783
f 830 	783 	782
f 831 	832 	784
f 831 	784 	783
f 832 	833 	785
f 832 	785 	784
f 833 	834 	786
f 833 	786 	785
f 834 	835 	787
f 834 	787 	786
f 835 	836 	788
f 835 	788 	787
f 836 	837 	789
f 836 	789 	788
f 837 	838 	790
f 837 	790 	789
f 838 	839 	791
f 838 	791 	790
f 839 	840 	792
f 839 	792 	791
f 840 	841 	793
f 840 	793 	792
f 841 	842 	794
f 841 	794 	793
f 842 	843 	795
f 842 	795 	794
f 843 	844 	796
f 843 	796 	795
f 844 	845 	797
f 844 	797 	796
f 845 	846 	798
f 845 	798 	797
f 846 	847 	799
f 846 	799 	798
f 847 	848 	800
f 847 	800 	799
f 848 	849 	801
f 848 	801 	800
f 849 	850 	802
f 849 	802 	801
f 850 	851 	803
f 850 	803 	802
f 851 	852 	804
f 851 	804 	803
f 852 	853 	805
f 852 	805 	804
f 853 	854 	806
f 853 	806 	805
f 854 	855 	807
f 854 	807 	806
f 855 	856 	808
f 855 	808 	807
f 856 	857 	809
f 856 	809 	808
f 857 	858 	810
f 857 	810 	809
f 858 	859 	811
f 858 	811 	810
f 859 	860 	812
f 859 	812 	811
f 860 	861 	813
f 860 	813 	812
f 861 	862 	814
f 861 	814 	813
f 862 	863 	815
f 862 	815 	814
f 863 	864 	816
f 863 	816 	815
f 864 	865 	817
f 864 	817 	816
f 865 	866 	818
f 865 	818 	817
f 866 	867 	819
f 866 	819 	818
f 867 	868 	820
f 867 	820 	819
f 868 	869 	821
f 868 	821 	820
f 869 	870 	822
f 869 	822 	821
f 870 	871 	823
f 870 	823 	822
f 871 	872 	824
f 871 	824 	823
f 872 	873 	825
f 872 	825 	824
f 873 	874 	826
f 873 	826 	825
f 874 	827 	779
f 874 	779 	826
f 686 	685 	685
f 685 	688 	688
f 688 	690 	690
f 690 	692 	692
f 692 	694 	694
f 694 	696 	696
f 696 	698 	698
f 698 	700 	700
f 700 	702 	702
f 702 	704 	704
f 704 	706 	706
f 706 	708 	708
f 708 	710 	710
f 710 	712 	712
f 712 	714 	714
f 714 	716 	716
f 716 	718 	718
f 718 	720 	720
f 720 	722 	722
f 722 	724 	724
f 724 	726 	726
f 726 	728 	728
f 728 	730 	730
f 730 	732 	732
f 732 	734 	734
f 734 	736 	736
f 736 	738 	738
f 738 	740 	740
f 740 	742 	742
f 742 	744 	744
f 744 	746 	746
f 746 	748 	748
f 748 	750 	750
f 750 	752 	752
f 752 	754 	754
f 754 	756 	756
f 756 	758 	758
f 758 	760 	760
f 760 	762 	762
f 762 	764 	764
f 764 	766 	766
f 766 	768 	768
f 768 	770 	770
f 770 	772 	772
f 772 	774 	774
f 774 	776 	776
f 776 	778 	778
f 778 	686 	686
f 686 	685 	828
f 686 	828 	827
f 685 	688 	829
f 685 	829 	828
f 688 	690 	830
f 688 	830 	829
f 690 	692 	831
f 690 	831 	830
f 692 	694 	832
f 692 	832 	831
f 694 	696 	833
f 694 	833 	832
f 696 	698 	834
f 696 	834 	833
f 698 	700 	835
f 698 	835 	834
f 700 	702 	836
f 700 	836 	835
f 702 	704 	837
f 702 	837 	836
f 704 	706 	838
f 704 	838 	837
f 706 	708 	839
f 706 	839 	838
f 708 	710 	840
f 708 	840 	839
f 710 	712 	841
f 710 	841 	840
f 712 	714 	842
f 712 	842 	841
f 714 	716 	843
f 714 	843 	842
f 716 	718 	844
f 716 	844 	843
f 718 	720 	845
f 718 	845 	844
f 720 	722 	846
f 720 	846 	845
f 722 	724 	847
f 722 	847 	846
f 724 	726 	848
f 724 	848 	847
f 726 	728 	849
f 726 	849 	848
f 728 	730 	850
f 728 	850 	849
f 730 	732 	851
f 730 	851 	850
f 732 	734 	852
f 732 	852 	851
f 734 	736 	853
f 734 	853 	852
f 736 	738 	854
f 736 	854 	853
f 738 	740 	855
f 738 	855 	854
f 740 	742 	856
f 740 	856 	855
f 742 	744 	857
f 742 	857 	856
f 744 	746 	858
f 744 	858 	857
f 746 	748 	859
f 746 	859 	858
f 748 	750 	860
f 748 	860 	859
f 750 	752 	861
f 750 	861 	860
f 752 	754 	862
f 752 	862 	861
f 754 	756 	863
f 754 	863 	862
f 756 	758 	864
f 756 	864 	863
f 758 	760 	865
f 758 	865 	864
f 760 	762 	866
f 760 	866 	865
f 762 	764 	867
f 762 	867 	866
f 764 	766 	868
f 764 	868 	867
f 766 	768 	869
f 766 	869 	868
f 768 	770 	870
f 768 	870 	869
f 770 	772 	871
f 770 	871 	870
f 772 	774 	872
f 772 	872 	871
f 774 	776 	873
f 774 	873 	872
f 776 	778 	874
f 776 	874 	873
f 778 	686 	827
f 778 	827 	874
f 827 	828 	828
f 828 	829 	829
f 829 	830 	830
f 830 	831 	831
f 831 	832 	832
f 832 	833 	833
f 833 	834 	834
f 834 	835 	835
f 835 	836 	836
f 836 	837 	837
f 837 	838 	838
f 838 	839 	839
f 839 	840 	840
f 840 	841 	841
f 841 	842 	842
f 842 	843 	843
f 843 	844 	844
f 844 	845 	845
f 845 	846 	846
f 846 	847 	847
f 847 	848 	848
f 848 	849 	849
f 849 	850 	850
f 850 	851 	851
f 851 	852 	852
f 852 	853 	853
f 853 	854 	854
f 854 	855 	855
f 855 	856 	856
f 856 	857 	857
f 857 	858 	858
f 858 	859 	859
f 859 	860 	860
f 860 	861 	861
f 861 	862 	862
f 862 	863 	863
f 863 	864 	864
f 864 	865 	865
f 865 	866 	866
f 866 	867 	867
f 867 	868 	868
f 868 	869 	869
f 869 	870 	870
f 870 	871 	871
f 871 	872 	872
f 872 	873 	873
f 873 	874 	874
f 874 	827 	827
# 480 faces

 #end of obj_5

o obj_6
v 23.2102 		20.929 		17.0669
v 23.1181 		20.9207 		17.1047
v 23.1181 		20.1816 		16.7986
v 23.3007 		20.9244 		17.0244
v 23.3881 		20.9072 		16.9781
v 23.4709 		20.8776 		16.9287
v 23.5476 		20.836 		16.8771
v 23.617 		20.7833 		16.8241
v 23.6778 		20.7202 		16.7708
v 23.7291 		20.648 		16.7178
v 23.7699 		20.5677 		16.6663
v 23.7996 		20.4809 		16.617
v 23.8176 		20.3889 		16.5709
v 23.8236 		20.2934 		16.5286
v 23.8176 		20.196 		16.4909
v 23.7996 		20.0983 		16.4586
v 23.7699 		20.002 		16.432
v 23.7291 		19.9089 		16.4117
v 23.6778 		19.8204 		16.398
v 23.617 		19.738 		16.3912
v 23.5476 		19.6633 		16.3913
v 23.4709 		19.5974 		16.3985
v 23.3881 		19.5415 		16.4124
v 23.3007 		19.4966 		16.433
v 23.2102 		19.4634 		16.4598
v 23.1181 		19.4425 		16.4924
v 23.026 		19.4342 		16.5303
v 22.9355 		19.4387 		16.5727
v 22.8481 		19.4559 		16.6191
v 22.7654 		19.4856 		16.6684
v 22.6886 		19.5271 		16.7201
v 22.6192 		19.5799 		16.773
v 22.5584 		19.6429 		16.8264
v 22.5071 		19.7152 		16.8793
v 22.4663 		19.7954 		16.9309
v 22.4366 		19.8823 		16.9801
v 22.4186 		19.9742 		17.0263
v 22.4126 		20.0697 		17.0686
v 22.4186 		20.1672 		17.1062
v 22.4366 		20.2648 		17.1386
v 22.4663 		20.3611 		17.1652
v 22.5071 		20.4543 		17.1855
v 22.5584 		20.5428 		17.1991
v 22.6192 		20.6251 		17.206
v 22.6886 		20.6999 		17.2058
v 22.7654 		20.7657 		17.1987
v 22.8481 		20.8216 		17.1847
v 22.9355 		20.8665 		17.1642
v 23.026 		20.8998 		17.1373
v 22.4504 		21.5376 		15.6154
v 22.5425 		21.5458 		15.5776
v 22.4504 		20.7985 		15.3093
v 22.633 		21.5413 		15.5351
v 22.7204 		21.5241 		15.4888
v 22.8032 		21.4945 		15.4394
v 22.8799 		21.4529 		15.3878
v 22.9493 		21.4002 		15.3348
v 23.0101 		21.3371 		15.2815
v 23.0614 		21.2649 		15.2285
v 23.1022 		21.1846 		15.177
v 23.1319 		21.0978 		15.1277
v 23.1499 		21.0058 		15.0816
v 23.1559 		20.9103 		15.0393
v 23.1499 		20.8129 		15.0016
v 23.1319 		20.7152 		14.9693
v 23.1022 		20.6189 		14.9427
v 23.0614 		20.5258 		14.9224
v 23.0101 		20.4372 		14.9087
v 22.9493 		20.3549 		14.9019
v 22.8799 		20.2802 		14.902
v 22.8032 		20.2143 		14.9092
v 22.7204 		20.1584 		14.9231
v 22.633 		20.1135 		14.9437
v 22.5425 		20.0803 		14.9705
v 22.4504 		20.0594 		15.0031
v 22.3583 		20.0511 		15.041
v 22.2678 		20.0556 		15.0834
v 22.1804 		20.0728 		15.1298
v 22.0976 		20.1025 		15.1791
v 22.0209 		20.144 		15.2308
v 21.9515 		20.1968 		15.2837
v 21.8907 		20.2598 		15.3371
v 21.8394 		20.3321 		15.39
v 21.7986 		20.4123 		15.4416
v 21.7689 		20.4991 		15.4908
v 21.7509 		20.5911 		15.537
v 21.7449 		20.6866 		15.5793
v 21.7509 		20.7841 		15.6169
v 21.7689 		20.8817 		15.6493
v 21.7986 		20.978 		15.6759
v 21.8394 		21.0712 		15.6962
v 21.8907 		21.1597 		15.7098
v 21.9515 		21.242 		15.7167
v 22.0209 		21.3168 		15.7165
v 22.0976 		21.3826 		15.7094
v 22.1804 		21.4385 		15.6954
v 22.2678 		21.4834 		15.6749
v 22.3583 		21.5166 		15.648
# 98 vertices

g group_6_14541540

usemtl color_14541540
s 0

f 875 	876 	877
f 878 	875 	877
f 879 	878 	877
f 880 	879 	877
f 881 	880 	877
f 882 	881 	877
f 883 	882 	877
f 884 	883 	877
f 885 	884 	877
f 886 	885 	877
f 887 	886 	877
f 888 	887 	877
f 889 	888 	877
f 890 	889 	877
f 891 	890 	877
f 892 	891 	877
f 893 	892 	877
f 894 	893 	877
f 895 	894 	877
f 896 	895 	877
f 897 	896 	877
f 898 	897 	877
f 899 	898 	877
f 900 	899 	877
f 901 	900 	877
f 902 	901 	877
f 903 	902 	877
f 904 	903 	877
f 905 	904 	877
f 906 	905 	877
f 907 	906 	877
f 908 	907 	877
f 909 	908 	877
f 910 	909 	877
f 911 	910 	877
f 912 	911 	877
f 913 	912 	877
f 914 	913 	877
f 915 	914 	877
f 916 	915 	877
f 917 	916 	877
f 918 	917 	877
f 919 	918 	877
f 920 	919 	877
f 921 	920 	877
f 922 	921 	877
f 923 	922 	877
f 876 	923 	877
f 924 	925 	926
f 925 	927 	926
f 927 	928 	926
f 928 	929 	926
f 929 	930 	926
f 930 	931 	926
f 931 	932 	926
f 932 	933 	926
f 933 	934 	926
f 934 	935 	926
f 935 	936 	926
f 936 	937 	926
f 937 	938 	926
f 938 	939 	926
f 939 	940 	926
f 940 	941 	926
f 941 	942 	926
f 942 	943 	926
f 943 	944 	926
f 944 	945 	926
f 945 	946 	926
f 946 	947 	926
f 947 	948 	926
f 948 	949 	926
f 949 	950 	926
f 950 	951 	926
f 951 	952 	926
f 952 	953 	926
f 953 	954 	926
f 954 	955 	926
f 955 	956 	926
f 956 	957 	926
f 957 	958 	926
f 958 	959 	926
f 959 	960 	926
f 960 	961 	926
f 961 	962 	926
f 962 	963 	926
f 963 	964 	926
f 964 	965 	926
f 965 	966 	926
f 966 	967 	926
f 967 	968 	926
f 968 	969 	926
f 969 	970 	926
f 970 	971 	926
f 971 	972 	926
f 972 	924 	926
f 876 	875 	875
f 875 	878 	878
f 878 	879 	879
f 879 	880 	880
f 880 	881 	881
f 881 	882 	882
f 882 	883 	883
f 883 	884 	884
f 884 	885 	885
f 885 	886 	886
f 886 	887 	887
f 887 	888 	888
f 888 	889 	889
f 889 	890 	890
f 890 	891 	891
f 891 	892 	892
f 892 	893 	893
f 893 	894 	894
f 894 	895 	895
f 895 	896 	896
f 896 	897 	897
f 897 	898 	898
f 898 	899 	899
f 899 	900 	900
f 900 	901 	901
f 901 	902 	902
f 902 	903 	903
f 903 	904 	904
f 904 	905 	905
f 905 	906 	906
f 906 	907 	907
f 907 	908 	908
f 908 	909 	909
f 909 	910 	910
f 910 	911 	911
f 911 	912 	912
f 912 	913 	913
f 913 	914 	914
f 914 	915 	915
f 915 	916 	916
f 916 	917 	917
f 917 	918 	918
f 918 	919 	919
f 919 	920 	920
f 920 	921 	921
f 921 	922 	922
f 922 	923 	923
f 923 	876 	876
f 876 	875 	925
f 876 	925 	924
f 875 	878 	927
f 875 	927 	925
f 878 	879 	928
f 878 	928 	927
f 879 	880 	929
f 879 	929 	928
f 880 	881 	930
f 880 	930 	929
f 881 	882 	931
f 881 	931 	930
f 882 	883 	932
f 882 	932 	931
f 883 	884 	933
f 883 	933 	932
f 884 	885 	934
f 884 	934 	933
f 885 	886 	935
f 885 	935 	934
f 886 	887 	936
f 886 	936 	935
f 887 	888 	937
f 887 	937 	936
f 888 	889 	938
f 888 	938 	937
f 889 	890 	939
f 889 	939 	938
f 890 	891 	940
f 890 	940 	939
f 891 	892 	941
f 891 	941 	940
f 892 	893 	942
f 892 	942 	941
f 893 	894 	943
f 893 	943 	942
f 894 	895 	944
f 894 	944 	943
f 895 	896 	945
f 895 	945 	944
f 896 	897 	946
f 896 	946 	945
f 897 	898 	947
f 897 	947 	946
f 898 	899 	948
f 898 	948 	947
f 899 	900 	949
f 899 	949 	948
f 900 	901 	950
f 900 	950 	949
f 901 	902 	951
f 901 	951 	950
f 902 	903 	952
f 902 	952 	951
f 903 	904 	953
f 903 	953 	952
f 904 	905 	954
f 904 	954 	953
f 905 	906 	955
f 905 	955 	954
f 906 	907 	956
f 906 	956 	955
f 907 	908 	957
f 907 	957 	956
f 908 	909 	958
f 908 	958 	957
f 909 	910 	959
f 909 	959 	958
f 910 	911 	960
f 910 	960 	959
f 911 	912 	961
f 911 	961 	960
f 912 	913 	962
f 912 	962 	961
f 913 	914 	963
f 913 	963 	962
f 914 	915 	964
f 914 	964 	963
f 915 	916 	965
f 915 	965 	964
f 916 	917 	966
f 916 	966 	965
f 917 	918 	967
f 917 	967 	966
f 918 	919 	968
f 918 	968 	967
f 919 	920 	969
f 919 	969 	968
f 920 	921 	970
f 920 	970 	969
f 921 	922 	971
f 921 	971 	970
f 922 	923 	972
f 922 	972 	971
f 923 	876 	924
f 923 	924 	972
f 924 	925 	925
f 925 	927 	927
f 927 	928 	928
f 928 	929 	929
f 929 	930 	930
f 930 	931 	931
f 931 	932 	932
f 932 	933 	933
f 933 	934 	934
f 934 	935 	935
f 935 	936 	936
f 936 	937 	937
f 937 	938 	938
f 938 	939 	939
f 939 	940 	940
f 940 	941 	941
f 941 	942 	942
f 942 	943 	943
f 943 	944 	944
f 944 	945 	945
f 945 	946 	946
f 946 	947 	947
f 947 	948 	948
f 948 	949 	949
f 949 	950 	950
f 950 	951 	951
f 951 	952 	952
f 952 	953 	953
f 953 	954 	954
f 954 	955 	955
f 955 	956 	956
f 956 	957 	957
f 957 	958 	958
f 958 	959 	959
f 959 	960 	960
f 960 	961 	961
f 961 	962 	962
f 962 	963 	963
f 963 	964 	964
f 964 	965 	965
f 965 	966 	966
f 966 	967 	967
f 967 	968 	968
f 968 	969 	969
f 969 	970 	970
f 970 	971 	971
f 971 	972 	972
f 972 	924 	924
# 288 faces

 #end of obj_6

o obj_7
v 22.1611 		20.3729 		14.3769
v 22.2474 		20.3925 		14.3463
v 22.2762 		20.168 		14.2405
v 22.1611 		20.1419 		14.2812
v 22.3322 		20.4236 		14.3212
v 22.3893 		20.2096 		14.2069
v 22.4142 		20.4657 		14.3019
v 22.4985 		20.2657 		14.1812
v 22.4918 		20.5181 		14.2888
v 22.602 		20.3356 		14.1638
v 22.5637 		20.5799 		14.2821
v 22.6979 		20.4179 		14.1549
v 22.6287 		20.65 		14.282
v 22.7846 		20.5113 		14.1547
v 22.6858 		20.7271 		14.2884
v 22.8607 		20.6143 		14.1632
v 22.7339 		20.8101 		14.3012
v 22.9248 		20.7249 		14.1803
v 22.7721 		20.8975 		14.3202
v 22.9758 		20.8414 		14.2057
v 22.7999 		20.9877 		14.3451
v 23.0129 		20.9617 		14.2389
v 22.8168 		21.0793 		14.3755
v 23.0354 		21.0838 		14.2794
v 22.8225 		21.1706 		14.4108
v 23.0429 		21.2056 		14.3264
v 22.8168 		21.2602 		14.4504
v 23.0354 		21.325 		14.3793
v 22.7999 		21.3464 		14.4937
v 23.0129 		21.4399 		14.437
v 22.7721 		21.4278 		14.5399
v 22.9758 		21.5485 		14.4986
v 22.7339 		21.503 		14.5882
v 22.9248 		21.6488 		14.563
v 22.6858 		21.5708 		14.6378
v 22.8607 		21.7391 		14.6291
v 22.6287 		21.6299 		14.6879
v 22.7846 		21.8179 		14.6959
v 22.5637 		21.6793 		14.7375
v 22.6979 		21.8838 		14.7621
v 22.4918 		21.7183 		14.7859
v 22.602 		21.9358 		14.8266
v 22.4142 		21.7461 		14.8322
v 22.4985 		21.9728 		14.8883
v 22.3322 		21.7622 		14.8756
v 22.3893 		21.9944 		14.9462
v 22.2474 		21.7664 		14.9154
v 22.2762 		22 		14.9993
v 22.1611 		21.7587 		14.9509
v 22.1611 		21.9897 		15.0466
v 22.0747 		21.7391 		14.9815
v 22.0459 		21.9635 		15.0874
v 21.9899 		21.7079 		15.0067
v 21.9328 		21.922 		15.1209
v 21.9079 		21.6658 		15.0259
v 21.8236 		21.8658 		15.1466
v 21.8304 		21.6134 		15.039
v 21.7201 		21.796 		15.1641
v 21.7584 		21.5517 		15.0457
v 21.6242 		21.7136 		15.173
v 21.6934 		21.4816 		15.0458
v 21.5375 		21.6202 		15.1732
v 21.6363 		21.4044 		15.0394
v 21.4614 		21.5173 		15.1646
v 21.5883 		21.3214 		15.0266
v 21.3973 		21.4067 		15.1475
v 21.55 		21.2341 		15.0076
v 21.3463 		21.2902 		15.1222
v 21.5222 		21.1438 		14.9827
v 21.3092 		21.1699 		15.0889
v 21.5053 		21.0523 		14.9523
v 21.2867 		21.0478 		15.0485
v 21.4996 		20.9609 		14.917
v 21.2792 		20.926 		15.0014
v 21.5053 		20.8714 		14.8774
v 21.2867 		20.8066 		14.9486
v 21.5222 		20.7852 		14.8341
v 21.3092 		20.6916 		14.8909
v 21.55 		20.7038 		14.7879
v 21.3463 		20.5831 		14.8293
v 21.5883 		20.6285 		14.7396
v 21.3973 		20.4828 		14.7648
v 21.6363 		20.5608 		14.69
v 21.4614 		20.3925 		14.6987
v 21.6934 		20.5017 		14.6399
v 21.5375 		20.3137 		14.632
v 21.7584 		20.4522 		14.5903
v 21.6242 		20.2477 		14.5658
v 21.8304 		20.4133 		14.5419
v 21.7201 		20.1958 		14.5012
v 21.9079 		20.3855 		14.4956
v 21.8236 		20.1587 		14.4395
v 21.9899 		20.3693 		14.4522
v 21.9328 		20.1372 		14.3816
v 22.0747 		20.3651 		14.4124
v 22.0459 		20.1316 		14.3286
v 22.3391 		20.2084 		14.7741
v 22.4254 		20.228 		14.7435
v 22.5103 		20.2591 		14.7183
v 22.5922 		20.3012 		14.699
v 22.6698 		20.3536 		14.6859
v 22.7418 		20.4154 		14.6793
v 22.8068 		20.4854 		14.6791
v 22.8639 		20.5626 		14.6855
v 22.9119 		20.6456 		14.6984
v 22.9502 		20.733 		14.7174
v 22.978 		20.8232 		14.7423
v 22.9949 		20.9148 		14.7727
v 23.0005 		21.0061 		14.808
v 22.9949 		21.0957 		14.8476
v 22.978 		21.1819 		14.8909
v 22.9502 		21.2633 		14.9371
v 22.9119 		21.3385 		14.9854
v 22.8639 		21.4063 		15.035
v 22.8068 		21.4654 		15.085
v 22.7418 		21.5148 		15.1347
v 22.6698 		21.5538 		15.1831
v 22.5922 		21.5816 		15.2294
v 22.5103 		21.5977 		15.2728
v 22.4254 		21.6019 		15.3126
v 22.3391 		21.5942 		15.3481
v 22.2528 		21.5746 		15.3787
v 22.1679 		21.5434 		15.4038
v 22.086 		21.5013 		15.4231
v 22.0084 		21.4489 		15.4362
v 21.9365 		21.3872 		15.4429
v 21.8714 		21.3171 		15.443
v 21.8144 		21.2399 		15.4366
v 21.7663 		21.1569 		15.4238
v 21.728 		21.0696 		15.4047
v 21.7002 		20.9793 		15.3798
v 21.6834 		20.8878 		15.3495
v 21.6777 		20.7964 		15.3142
v 21.6834 		20.7069 		15.2745
v 21.7002 		20.6207 		15.2313
v 21.728 		20.5392 		15.1851
v 21.7663 		20.464 		15.1368
v 21.8144 		20.3963 		15.0871
v 21.8714 		20.3372 		15.0371
v 21.9365 		20.2877 		14.9874
v 22.0084 		20.2488 		14.9391
v 22.086 		20.221 		14.8928
v 22.1679 		20.2048 		14.8493
v 22.2528 		20.2006 		14.8095
v 22.3391 		19.9774 		14.6784
v 22.4542 		20.0035 		14.6376
v 22.5674 		20.0451 		14.6041
v 22.6766 		20.1012 		14.5784
v 22.7801 		20.1711 		14.5609
v 22.876 		20.2534 		14.552
v 22.9627 		20.3468 		14.5518
v 23.0388 		20.4498 		14.5604
v 23.1029 		20.5604 		14.5775
v 23.1539 		20.6769 		14.6028
v 23.191 		20.7972 		14.636
v 23.2135 		20.9193 		14.6765
v 23.221 		21.0411 		14.7236
v 23.2135 		21.1605 		14.7764
v 23.191 		21.2754 		14.8341
v 23.1539 		21.384 		14.8957
v 23.1029 		21.4843 		14.9601
v 23.0388 		21.5746 		15.0263
v 22.9627 		21.6534 		15.093
v 22.876 		21.7193 		15.1592
v 22.7801 		21.7713 		15.2237
v 22.6766 		21.8083 		15.2855
v 22.5674 		21.8299 		15.3434
v 22.4542 		21.8355 		15.3964
v 22.3391 		21.8252 		15.4437
v 22.224 		21.799 		15.4845
v 22.1109 		21.7575 		15.5181
v 22.0016 		21.7013 		15.5438
v 21.8982 		21.6315 		15.5612
v 21.8023 		21.5491 		15.5701
v 21.7155 		21.4557 		15.5703
v 21.6395 		21.3528 		15.5618
v 21.5754 		21.2422 		15.5447
v 21.5244 		21.1257 		15.5193
v 21.4873 		21.0054 		15.4861
v 21.4648 		20.8833 		15.4456
v 21.4572 		20.7615 		15.3985
v 21.4648 		20.6421 		15.3457
v 21.4873 		20.5271 		15.288
v 21.5244 		20.4186 		15.2264
v 21.5754 		20.3183 		15.162
v 21.6395 		20.2279 		15.0958
v 21.7155 		20.1491 		15.0291
v 21.8023 		20.0832 		14.9629
v 21.8982 		20.0313 		14.8984
v 22.0016 		19.9942 		14.8367
v 22.1109 		19.9727 		14.7788
v 22.224 		19.9671 		14.7257
# 192 vertices

g group_7_10988977

usemtl color_10988977
s 0

f 973 	974 	975
f 973 	975 	976
f 974 	977 	978
f 974 	978 	975
f 977 	979 	980
f 977 	980 	978
f 979 	981 	982
f 979 	982 	980
f 981 	983 	984
f 981 	984 	982
f 983 	985 	986
f 983 	986 	984
f 985 	987 	988
f 985 	988 	986
f 987 	989 	990
f 987 	990 	988
f 989 	991 	992
f 989 	992 	990
f 991 	993 	994
f 991 	994 	992
f 993 	995 	996
f 993 	996 	994
f 995 	997 	998
f 995 	998 	996
f 997 	999 	1000
f 997 	1000 	998
f 999 	1001 	1002
f 999 	1002 	1000
f 1001 	1003 	1004
f 1001 	1004 	1002
f 1003 	1005 	1006
f 1003 	1006 	1004
f 1005 	1007 	1008
f 1005 	1008 	1006
f 1007 	1009 	1010
f 1007 	1010 	1008
f 1009 	1011 	1012
f 1009 	1012 	1010
f 1011 	1013 	1014
f 1011 	1014 	1012
f 1013 	1015 	1016
f 1013 	1016 	1014
f 1015 	1017 	1018
f 1015 	1018 	1016
f 1017 	1019 	1020
f 1017 	1020 	1018
f 1019 	1021 	1022
f 1019 	1022 	1020
f 1021 	1023 	1024
f 1021 	1024 	1022
f 1023 	1025 	1026
f 1023 	1026 	1024
f 1025 	1027 	1028
f 1025 	1028 	1026
f 1027 	1029 	1030
f 1027 	1030 	1028
f 1029 	1031 	1032
f 1029 	1032 	1030
f 1031 	1033 	1034
f 1031 	1034 	1032
f 1033 	1035 	1036
f 1033 	1036 	1034
f 1035 	1037 	1038
f 1035 	1038 	1036
f 1037 	1039 	1040
f 1037 	1040 	1038
f 1039 	1041 	1042
f 1039 	1042 	1040
f 1041 	1043 	1044
f 1041 	1044 	1042
f 1043 	1045 	1046
f 1043 	1046 	1044
f 1045 	1047 	1048
f 1045 	1048 	1046
f 1047 	1049 	1050
f 1047 	1050 	1048
f 1049 	1051 	1052
f 1049 	1052 	1050
f 1051 	1053 	1054
f 1051 	1054 	1052
f 1053 	1055 	1056
f 1053 	1056 	1054
f 1055 	1057 	1058
f 1055 	1058 	1056
f 1057 	1059 	1060
f 1057 	1060 	1058
f 1059 	1061 	1062
f 1059 	1062 	1060
f 1061 	1063 	1064
f 1061 	1064 	1062
f 1063 	1065 	1066
f 1063 	1066 	1064
f 1065 	1067 	1068
f 1065 	1068 	1066
f 1067 	973 	976
f 1067 	976 	1068
f 1069 	1070 	974
f 1069 	974 	973
f 1070 	1071 	977
f 1070 	977 	974
f 1071 	1072 	979
f 1071 	979 	977
f 1072 	1073 	981
f 1072 	981 	979
f 1073 	1074 	983
f 1073 	983 	981
f 1074 	1075 	985
f 1074 	985 	983
f 1075 	1076 	987
f 1075 	987 	985
f 1076 	1077 	989
f 1076 	989 	987
f 1077 	1078 	991
f 1077 	991 	989
f 1078 	1079 	993
f 1078 	993 	991
f 1079 	1080 	995
f 1079 	995 	993
f 1080 	1081 	997
f 1080 	997 	995
f 1081 	1082 	999
f 1081 	999 	997
f 1082 	1083 	1001
f 1082 	1001 	999
f 1083 	1084 	1003
f 1083 	1003 	1001
f 1084 	1085 	1005
f 1084 	1005 	1003
f 1085 	1086 	1007
f 1085 	1007 	1005
f 1086 	1087 	1009
f 1086 	1009 	1007
f 1087 	1088 	1011
f 1087 	1011 	1009
f 1088 	1089 	1013
f 1088 	1013 	1011
f 1089 	1090 	1015
f 1089 	1015 	1013
f 1090 	1091 	1017
f 1090 	1017 	1015
f 1091 	1092 	1019
f 1091 	1019 	1017
f 1092 	1093 	1021
f 1092 	1021 	1019
f 1093 	1094 	1023
f 1093 	1023 	1021
f 1094 	1095 	1025
f 1094 	1025 	1023
f 1095 	1096 	1027
f 1095 	1027 	1025
f 1096 	1097 	1029
f 1096 	1029 	1027
f 1097 	1098 	1031
f 1097 	1031 	1029
f 1098 	1099 	1033
f 1098 	1033 	1031
f 1099 	1100 	1035
f 1099 	1035 	1033
f 1100 	1101 	1037
f 1100 	1037 	1035
f 1101 	1102 	1039
f 1101 	1039 	1037
f 1102 	1103 	1041
f 1102 	1041 	1039
f 1103 	1104 	1043
f 1103 	1043 	1041
f 1104 	1105 	1045
f 1104 	1045 	1043
f 1105 	1106 	1047
f 1105 	1047 	1045
f 1106 	1107 	1049
f 1106 	1049 	1047
f 1107 	1108 	1051
f 1107 	1051 	1049
f 1108 	1109 	1053
f 1108 	1053 	1051
f 1109 	1110 	1055
f 1109 	1055 	1053
f 1110 	1111 	1057
f 1110 	1057 	1055
f 1111 	1112 	1059
f 1111 	1059 	1057
f 1112 	1113 	1061
f 1112 	1061 	1059
f 1113 	1114 	1063
f 1113 	1063 	1061
f 1114 	1115 	1065
f 1114 	1065 	1063
f 1115 	1116 	1067
f 1115 	1067 	1065
f 1116 	1069 	973
f 1116 	973 	1067
f 1117 	1118 	1070
f 1117 	1070 	1069
f 1118 	1119 	1071
f 1118 	1071 	1070
f 1119 	1120 	1072
f 1119 	1072 	1071
f 1120 	1121 	1073
f 1120 	1073 	1072
f 1121 	1122 	1074
f 1121 	1074 	1073
f 1122 	1123 	1075
f 1122 	1075 	1074
f 1123 	1124 	1076
f 1123 	1076 	1075
f 1124 	1125 	1077
f 1124 	1077 	1076
f 1125 	1126 	1078
f 1125 	1078 	1077
f 1126 	1127 	1079
f 1126 	1079 	1078
f 1127 	1128 	1080
f 1127 	1080 	1079
f 1128 	1129 	1081
f 1128 	1081 	1080
f 1129 	1130 	1082
f 1129 	1082 	1081
f 1130 	1131 	1083
f 1130 	1083 	1082
f 1131 	1132 	1084
f 1131 	1084 	1083
f 1132 	1133 	1085
f 1132 	1085 	1084
f 1133 	1134 	1086
f 1133 	1086 	1085
f 1134 	1135 	1087
f 1134 	1087 	1086
f 1135 	1136 	1088
f 1135 	1088 	1087
f 1136 	1137 	1089
f 1136 	1089 	1088
f 1137 	1138 	1090
f 1137 	1090 	1089
f 1138 	1139 	1091
f 1138 	1091 	1090
f 1139 	1140 	1092
f 1139 	1092 	1091
f 1140 	1141 	1093
f 1140 	1093 	1092
f 1141 	1142 	1094
f 1141 	1094 	1093
f 1142 	1143 	1095
f 1142 	1095 	1094
f 1143 	1144 	1096
f 1143 	1096 	1095
f 1144 	1145 	1097
f 1144 	1097 	1096
f 1145 	1146 	1098
f 1145 	1098 	1097
f 1146 	1147 	1099
f 1146 	1099 	1098
f 1147 	1148 	1100
f 1147 	1100 	1099
f 1148 	1149 	1101
f 1148 	1101 	1100
f 1149 	1150 	1102
f 1149 	1102 	1101
f 1150 	1151 	1103
f 1150 	1103 	1102
f 1151 	1152 	1104
f 1151 	1104 	1103
f 1152 	1153 	1105
f 1152 	1105 	1104
f 1153 	1154 	1106
f 1153 	1106 	1105
f 1154 	1155 	1107
f 1154 	1107 	1106
f 1155 	1156 	1108
f 1155 	1108 	1107
f 1156 	1157 	1109
f 1156 	1109 	1108
f 1157 	1158 	1110
f 1157 	1110 	1109
f 1158 	1159 	1111
f 1158 	1111 	1110
f 1159 	1160 	1112
f 1159 	1112 	1111
f 1160 	1161 	1113
f 1160 	1113 	1112
f 1161 	1162 	1114
f 1161 	1114 	1113
f 1162 	1163 	1115
f 1162 	1115 	1114
f 1163 	1164 	1116
f 1163 	1116 	1115
f 1164 	1117 	1069
f 1164 	1069 	1116
f 976 	975 	975
f 975 	978 	978
f 978 	980 	980
f 980 	982 	982
f 982 	984 	984
f 984 	986 	986
f 986 	988 	988
f 988 	990 	990
f 990 	992 	992
f 992 	994 	994
f 994 	996 	996
f 996 	998 	998
f 998 	1000 	1000
f 1000 	1002 	1002
f 1002 	1004 	1004
f 1004 	1006 	1006
f 1006 	1008 	1008
f 1008 	1010 	1010
f 1010 	1012 	1012
f 1012 	1014 	1014
f 1014 	1016 	1016
f 1016 	1018 	1018
f 1018 	1020 	1020
f 1020 	1022 	1022
f 1022 	1024 	1024
f 1024 	1026 	1026
f 1026 	1028 	1028
f 1028 	1030 	1030
f 1030 	1032 	1032
f 1032 	1034 	1034
f 1034 	1036 	1036
f 1036 	1038 	1038
f 1038 	1040 	1040
f 1040 	1042 	1042
f 1042 	1044 	1044
f 1044 	1046 	1046
f 1046 	1048 	1048
f 1048 	1050 	1050
f 1050 	1052 	1052
f 1052 	1054 	1054
f 1054 	1056 	1056
f 1056 	1058 	1058
f 1058 	1060 	1060
f 1060 	1062 	1062
f 1062 	1064 	1064
f 1064 	1066 	1066
f 1066 	1068 	1068
f 1068 	976 	976
f 976 	975 	1118
f 976 	1118 	1117
f 975 	978 	1119
f 975 	1119 	1118
f 978 	980 	1120
f 978 	1120 	1119
f 980 	982 	1121
f 980 	1121 	1120
f 982 	984 	1122
f 982 	1122 	1121
f 984 	986 	1123
f 984 	1123 	1122
f 986 	988 	1124
f 986 	1124 	1123
f 988 	990 	1125
f 988 	1125 	1124
f 990 	992 	1126
f 990 	1126 	1125
f 992 	994 	1127
f 992 	1127 	1126
f 994 	996 	1128
f 994 	1128 	1127
f 996 	998 	1129
f 996 	1129 	1128
f 998 	1000 	1130
f 998 	1130 	1129
f 1000 	1002 	1131
f 1000 	1131 	1130
f 1002 	1004 	1132
f 1002 	1132 	1131
f 1004 	1006 	1133
f 1004 	1133 	1132
f 1006 	1008 	1134
f 1006 	1134 	1133
f 1008 	1010 	1135
f 1008 	1135 	1134
f 1010 	1012 	1136
f 1010 	1136 	1135
f 1012 	1014 	1137
f 1012 	1137 	1136
f 1014 	1016 	1138
f 1014 	1138 	1137
f 1016 	1018 	1139
f 1016 	1139 	1138
f 1018 	1020 	1140
f 1018 	1140 	1139
f 1020 	1022 	1141
f 1020 	1141 	1140
f 1022 	1024 	1142
f 1022 	1142 	1141
f 1024 	1026 	1143
f 1024 	1143 	1142
f 1026 	1028 	1144
f 1026 	1144 	1143
f 1028 	1030 	1145
f 1028 	1145 	1144
f 1030 	1032 	1146
f 1030 	1146 	1145
f 1032 	1034 	1147
f 1032 	1147 	1146
f 1034 	1036 	1148
f 1034 	1148 	1147
f 1036 	1038 	1149
f 1036 	1149 	1148
f 1038 	1040 	1150
f 1038 	1150 	1149
f 1040 	1042 	1151
f 1040 	1151 	1150
f 1042 	1044 	1152
f 1042 	1152 	1151
f 1044 	1046 	1153
f 1044 	1153 	1152
f 1046 	1048 	1154
f 1046 	1154 	1153
f 1048 	1050 	1155
f 1048 	1155 	1154
f 1050 	1052 	1156
f 1050 	1156 	1155
f 1052 	1054 	1157
f 1052 	1157 	1156
f 1054 	1056 	1158
f 1054 	1158 	1157
f 1056 	1058 	1159
f 1056 	1159 	1158
f 1058 	1060 	1160
f 1058 	1160 	1159
f 1060 	1062 	1161
f 1060 	1161 	1160
f 1062 	1064 	1162
f 1062 	1162 	1161
f 1064 	1066 	1163
f 1064 	1163 	1162
f 1066 	1068 	1164
f 1066 	1164 	1163
f 1068 	976 	1117
f 1068 	1117 	1164
f 1117 	1118 	1118
f 1118 	1119 	1119
f 1119 	1120 	1120
f 1120 	1121 	1121
f 1121 	1122 	1122
f 1122 	1123 	1123
f 1123 	1124 	1124
f 1124 	1125 	1125
f 1125 	1126 	1126
f 1126 	1127 	1127
f 1127 	1128 	1128
f 1128 	1129 	1129
f 1129 	1130 	1130
f 1130 	1131 	1131
f 1131 	1132 	1132
f 1132 	1133 	1133
f 1133 	1134 	1134
f 1134 	1135 	1135
f 1135 	1136 	1136
f 1136 	1137 	1137
f 1137 	1138 	1138
f 1138 	1139 	1139
f 1139 	1140 	1140
f 1140 	1141 	1141
f 1141 	1142 	1142
f 1142 	1143 	1143
f 1143 	1144 	1144
f 1144 	1145 	1145
f 1145 	1146 	1146
f 1146 	1147 	1147
f 1147 	1148 	1148
f 1148 	1149 	1149
f 1149 	1150 	1150
f 1150 	1151 	1151
f 1151 	1152 	1152
f 1152 	1153 	1153
f 1153 	1154 	1154
f 1154 	1155 	1155
f 1155 	1156 	1156
f 1156 	1157 	1157
f 1157 	1158 	1158
f 1158 	1159 	1159
f 1159 	1160 	1160
f 1160 	1161 	1161
f 1161 	1162 	1162
f 1162 	1163 	1163
f 1163 	1164 	1164
f 1164 	1117 	1117
# 480 faces

 #end of obj_7

o obj_8
v 22.2754 		20.327 		14.3748
v 22.1833 		20.3061 		14.4074
v 22.1833 		21.0452 		14.7136
v 22.3659 		20.3602 		14.348
v 22.4533 		20.4052 		14.3274
v 22.5361 		20.461 		14.3134
v 22.6128 		20.5269 		14.3063
v 22.6822 		20.6017 		14.3062
v 22.743 		20.684 		14.313
v 22.7943 		20.7725 		14.3267
v 22.8351 		20.8657 		14.347
v 22.8648 		20.9619 		14.3735
v 22.8828 		21.0596 		14.4059
v 22.8888 		21.157 		14.4436
v 22.8828 		21.2526 		14.4858
v 22.8648 		21.3445 		14.532
v 22.8351 		21.4314 		14.5813
v 22.7943 		21.5116 		14.6328
v 22.743 		21.5839 		14.6857
v 22.6822 		21.6469 		14.7391
v 22.6128 		21.6997 		14.7921
v 22.5361 		21.7412 		14.8437
v 22.4533 		21.7709 		14.8931
v 22.3659 		21.7881 		14.9394
v 22.2754 		21.7926 		14.9818
v 22.1833 		21.7843 		15.0197
v 22.0912 		21.7634 		15.0523
v 22.0007 		21.7302 		15.0792
v 21.9133 		21.6853 		15.0997
v 21.8306 		21.6294 		15.1137
v 21.7538 		21.5635 		15.1208
v 21.6844 		21.4888 		15.1209
v 21.6236 		21.4064 		15.1141
v 21.5723 		21.3179 		15.1004
v 21.5315 		21.2247 		15.0802
v 21.5018 		21.1285 		15.0536
v 21.4838 		21.0308 		15.0212
v 21.4778 		20.9334 		14.9835
v 21.4838 		20.8379 		14.9413
v 21.5018 		20.7459 		14.8951
v 21.5315 		20.6591 		14.8458
v 21.5723 		20.5788 		14.7943
v 21.6236 		20.5066 		14.7414
v 21.6844 		20.4435 		14.688
v 21.7538 		20.3908 		14.635
v 21.8306 		20.3492 		14.5834
v 21.9133 		20.3196 		14.534
v 22.0007 		20.3024 		14.4877
v 22.0912 		20.2978 		14.4453
v 22.851 		19.6892 		15.8967
v 22.9431 		19.7101 		15.8641
v 22.851 		20.4283 		16.2029
v 23.0336 		19.7434 		15.8373
v 23.121 		19.7883 		15.8167
v 23.2038 		19.8442 		15.8027
v 23.2805 		19.91 		15.7956
v 23.3499 		19.9848 		15.7955
v 23.4107 		20.0671 		15.8023
v 23.462 		20.1556 		15.816
v 23.5028 		20.2488 		15.8363
v 23.5325 		20.3451 		15.8628
v 23.5505 		20.4427 		15.8952
v 23.5565 		20.5402 		15.9329
v 23.5505 		20.6357 		15.9751
v 23.5325 		20.7276 		16.0213
v 23.5028 		20.8145 		16.0706
v 23.462 		20.8947 		16.1221
v 23.4107 		20.967 		16.175
v 23.3499 		21.03 		16.2284
v 23.2805 		21.0828 		16.2814
v 23.2038 		21.1243 		16.333
v 23.121 		21.154 		16.3824
v 23.0336 		21.1712 		16.4287
v 22.9431 		21.1757 		16.4711
v 22.851 		21.1674 		16.509
v 22.7589 		21.1465 		16.5416
v 22.6684 		21.1133 		16.5685
v 22.581 		21.0684 		16.589
v 22.4983 		21.0125 		16.603
v 22.4215 		20.9466 		16.6101
v 22.3522 		20.8719 		16.6102
v 22.2913 		20.7895 		16.6034
v 22.24 		20.701 		16.5897
v 22.1992 		20.6079 		16.5695
v 22.1696 		20.5116 		16.5429
v 22.1516 		20.4139 		16.5105
v 22.1455 		20.3165 		16.4728
v 22.1516 		20.221 		16.4306
v 22.1696 		20.129 		16.3844
v 22.1992 		20.0422 		16.3351
v 22.24 		19.9619 		16.2836
v 22.2913 		19.8897 		16.2307
v 22.3522 		19.8266 		16.1773
v 22.4215 		19.7739 		16.1243
v 22.4983 		19.7323 		16.0727
v 22.581 		19.7027 		16.0233
v 22.6684 		19.6855 		15.977
v 22.7589 		19.681 		15.9346
# 98 vertices

g group_8_14541540

usemtl color_14541540
s 0

f 1165 	1166 	1167
f 1168 	1165 	1167
f 1169 	1168 	1167
f 1170 	1169 	1167
f 1171 	1170 	1167
f 1172 	1171 	1167
f 1173 	1172 	1167
f 1174 	1173 	1167
f 1175 	1174 	1167
f 1176 	1175 	1167
f 1177 	1176 	1167
f 1178 	1177 	1167
f 1179 	1178 	1167
f 1180 	1179 	1167
f 1181 	1180 	1167
f 1182 	1181 	1167
f 1183 	1182 	1167
f 1184 	1183 	1167
f 1185 	1184 	1167
f 1186 	1185 	1167
f 1187 	1186 	1167
f 1188 	1187 	1167
f 1189 	1188 	1167
f 1190 	1189 	1167
f 1191 	1190 	1167
f 1192 	1191 	1167
f 1193 	1192 	1167
f 1194 	1193 	1167
f 1195 	1194 	1167
f 1196 	1195 	1167
f 1197 	1196 	1167
f 1198 	1197 	1167
f 1199 	1198 	1167
f 1200 	1199 	1167
f 1201 	1200 	1167
f 1202 	1201 	1167
f 1203 	1202 	1167
f 1204 	1203 	1167
f 1205 	1204 	1167
f 1206 	1205 	1167
f 1207 	1206 	1167
f 1208 	1207 	1167
f 1209 	1208 	1167
f 1210 	1209 	1167
f 1211 	1210 	1167
f 1212 	1211 	1167
f 1213 	1212 	1167
f 1166 	1213 	1167
f 1214 	1215 	1216
f 1215 	1217 	1216
f 1217 	1218 	1216
f 1218 	1219 	1216
f 1219 	1220 	1216
f 1220 	1221 	1216
f 1221 	1222 	1216
f 1222 	1223 	1216
f 1223 	1224 	1216
f 1224 	1225 	1216
f 1225 	1226 	1216
f 1226 	1227 	1216
f 1227 	1228 	1216
f 1228 	1229 	1216
f 1229 	1230 	1216
f 1230 	1231 	1216
f 1231 	1232 	1216
f 1232 	1233 	1216
f 1233 	1234 	1216
f 1234 	1235 	1216
f 1235 	1236 	1216
f 1236 	1237 	1216
f 1237 	1238 	1216
f 1238 	1239 	1216
f 1239 	1240 	1216
f 1240 	1241 	1216
f 1241 	1242 	1216
f 1242 	1243 	1216
f 1243 	1244 	1216
f 1244 	1245 	1216
f 1245 	1246 	1216
f 1246 	1247 	1216
f 1247 	1248 	1216
f 1248 	1249 	1216
f 1249 	1250 	1216
f 1250 	1251 	1216
f 1251 	1252 	1216
f 1252 	1253 	1216
f 1253 	1254 	1216
f 1254 	1255 	1216
f 1255 	1256 	1216
f 1256 	1257 	1216
f 1257 	1258 	1216
f 1258 	1259 	1216
f 1259 	1260 	1216
f 1260 	1261 	1216
f 1261 	1262 	1216
f 1262 	1214 	1216
f 1166 	1165 	1165
f 1165 	1168 	1168
f 1168 	1169 	1169
f 1169 	1170 	1170
f 1170 	1171 	1171
f 1171 	1172 	1172
f 1172 	1173 	1173
f 1173 	1174 	1174
f 1174 	1175 	1175
f 1175 	1176 	1176
f 1176 	1177 	1177
f 1177 	1178 	1178
f 1178 	1179 	1179
f 1179 	1180 	1180
f 1180 	1181 	1181
f 1181 	1182 	1182
f 1182 	1183 	1183
f 1183 	1184 	1184
f 1184 	1185 	1185
f 1185 	1186 	1186
f 1186 	1187 	1187
f 1187 	1188 	1188
f 1188 	1189 	1189
f 1189 	1190 	1190
f 1190 	1191 	1191
f 1191 	1192 	1192
f 1192 	1193 	1193
f 1193 	1194 	1194
f 1194 	1195 	1195
f 1195 	1196 	1196
f 1196 	1197 	1197
f 1197 	1198 	1198
f 1198 	1199 	1199
f 1199 	1200 	1200
f 1200 	1201 	1201
f 1201 	1202 	1202
f 1202 	1203 	1203
f 1203 	1204 	1204
f 1204 	1205 	1205
f 1205 	1206 	1206
f 1206 	1207 	1207
f 1207 	1208 	1208
f 1208 	1209 	1209
f 1209 	1210 	1210
f 1210 	1211 	1211
f 1211 	1212 	1212
f 1212 	1213 	1213
f 1213 	1166 	1166
f 1166 	1165 	1215
f 1166 	1215 	1214
f 1165 	1168 	1217
f 1165 	1217 	1215
f 1168 	1169 	1218
f 1168 	1218 	1217
f 1169 	1170 	1219
f 1169 	1219 	1218
f 1170 	1171 	1220
f 1170 	1220 	1219
f 1171 	1172 	1221
f 1171 	1221 	1220
f 1172 	1173 	1222
f 1172 	1222 	1221
f 1173 	1174 	1223
f 1173 	1223 	1222
f 1174 	1175 	1224
f 1174 	1224 	1223
f 1175 	1176 	1225
f 1175 	1225 	1224
f 1176 	1177 	1226
f 1176 	1226 	1225
f 1177 	1178 	1227
f 1177 	1227 	1226
f 1178 	1179 	1228
f 1178 	1228 	1227
f 1179 	1180 	1229
f 1179 	1229 	1228
f 1180 	1181 	1230
f 1180 	1230 	1229
f 1181 	1182 	1231
f 1181 	1231 	1230
f 1182 	1183 	1232
f 1182 	1232 	1231
f 1183 	1184 	1233
f 1183 	1233 	1232
f 1184 	1185 	1234
f 1184 	1234 	1233
f 1185 	1186 	1235
f 1185 	1235 	1234
f 1186 	1187 	1236
f 1186 	1236 	1235
f 1187 	1188 	1237
f 1187 	1237 	1236
f 1188 	1189 	1238
f 1188 	1238 	1237
f 1189 	1190 	1239
f 1189 	1239 	1238
f 1190 	1191 	1240
f 1190 	1240 	1239
f 1191 	1192 	1241
f 1191 	1241 	1240
f 1192 	1193 	1242
f 1192 	1242 	1241
f 1193 	1194 	1243
f 1193 	1243 	1242
f 1194 	1195 	1244
f 1194 	1244 	1243
f 1195 	1196 	1245
f 1195 	1245 	1244
f 1196 	1197 	1246
f 1196 	1246 	1245
f 1197 	1198 	1247
f 1197 	1247 	1246
f 1198 	1199 	1248
f 1198 	1248 	1247
f 1199 	1200 	1249
f 1199 	1249 	1248
f 1200 	1201 	1250
f 1200 	1250 	1249
f 1201 	1202 	1251
f 1201 	1251 	1250
f 1202 	1203 	1252
f 1202 	1252 	1251
f 1203 	1204 	1253
f 1203 	1253 	1252
f 1204 	1205 	1254
f 1204 	1254 	1253
f 1205 	1206 	1255
f 1205 	1255 	1254
f 1206 	1207 	1256
f 1206 	1256 	1255
f 1207 	1208 	1257
f 1207 	1257 	1256
f 1208 	1209 	1258
f 1208 	1258 	1257
f 1209 	1210 	1259
f 1209 	1259 	1258
f 1210 	1211 	1260
f 1210 	1260 	1259
f 1211 	1212 	1261
f 1211 	1261 	1260
f 1212 	1213 	1262
f 1212 	1262 	1261
f 1213 	1166 	1214
f 1213 	1214 	1262
f 1214 	1215 	1215
f 1215 	1217 	1217
f 1217 	1218 	1218
f 1218 	1219 	1219
f 1219 	1220 	1220
f 1220 	1221 	1221
f 1221 	1222 	1222
f 1222 	1223 	1223
f 1223 	1224 	1224
f 1224 	1225 	1225
f 1225 	1226 	1226
f 1226 	1227 	1227
f 1227 	1228 	1228
f 1228 	1229 	1229
f 1229 	1230 	1230
f 1230 	1231 	1231
f 1231 	1232 	1232
f 1232 	1233 	1233
f 1233 	1234 	1234
f 1234 	1235 	1235
f 1235 	1236 	1236
f 1236 	1237 	1237
f 1237 	1238 	1238
f 1238 	1239 	1239
f 1239 	1240 	1240
f 1240 	1241 	1241
f 1241 	1242 	1242
f 1242 	1243 	1243
f 1243 	1244 	1244
f 1244 	1245 	1245
f 1245 	1246 	1246
f 1246 	1247 	1247
f 1247 	1248 	1248
f 1248 	1249 	1249
f 1249 	1250 	1250
f 1250 	1251 	1251
f 1251 	1252 	1252
f 1252 	1253 	1253
f 1253 	1254 	1254
f 1254 	1255 	1255
f 1255 	1256 	1256
f 1256 	1257 	1257
f 1257 	1258 	1258
f 1258 	1259 	1259
f 1259 	1260 	1260
f 1260 	1261 	1261
f 1261 	1262 	1262
f 1262 	1214 	1214
# 288 faces

 #end of obj_8

o obj_9
v 23.1093 		20.8141 		16.826
v 23.0402 		20.8079 		16.8544
v 23.0402 		20.2535 		16.6248
v 23.1772 		20.8107 		16.7942
v 23.2427 		20.7978 		16.7595
v 23.3048 		20.7755 		16.7224
v 23.3623 		20.7444 		16.6837
v 23.4144 		20.7048 		16.644
v 23.46 		20.6575 		16.604
v 23.4985 		20.6033 		16.5643
v 23.5291 		20.5432 		16.5256
v 23.5513 		20.478 		16.4887
v 23.5648 		20.4091 		16.454
v 23.5693 		20.3374 		16.4223
v 23.5648 		20.2643 		16.3941
v 23.5513 		20.1911 		16.3698
v 23.5291 		20.1189 		16.3499
v 23.4985 		20.049 		16.3347
v 23.46 		19.9826 		16.3244
v 23.4144 		19.9209 		16.3193
v 23.3623 		19.8648 		16.3194
v 23.3048 		19.8154 		16.3247
v 23.2427 		19.7735 		16.3352
v 23.1772 		19.7398 		16.3506
v 23.1093 		19.7149 		16.3707
v 23.0402 		19.6992 		16.3952
v 22.9711 		19.693 		16.4236
v 22.9033 		19.6964 		16.4554
v 22.8377 		19.7093 		16.4902
v 22.7756 		19.7315 		16.5272
v 22.7181 		19.7627 		16.5659
v 22.6661 		19.8023 		16.6056
v 22.6204 		19.8495 		16.6457
v 22.582 		19.9037 		16.6854
v 22.5514 		19.9639 		16.724
v 22.5291 		20.0291 		16.761
v 22.5156 		20.098 		16.7956
v 22.5111 		20.1697 		16.8273
v 22.5156 		20.2427 		16.8556
v 22.5291 		20.316 		16.8798
v 22.5514 		20.3882 		16.8998
v 22.582 		20.4581 		16.915
v 22.6204 		20.5245 		16.9252
v 22.6661 		20.5862 		16.9304
v 22.7181 		20.6423 		16.9303
v 22.7756 		20.6917 		16.9249
v 22.8377 		20.7336 		16.9144
v 22.9033 		20.7673 		16.899
v 22.9711 		20.7922 		16.8789
v 22.0976 		21.6787 		14.752
v 22.1667 		21.6849 		14.7237
v 22.0976 		21.1244 		14.5224
v 22.2346 		21.6815 		14.6918
v 22.3001 		21.6686 		14.6571
v 22.3622 		21.6464 		14.62
v 22.4197 		21.6152 		14.5813
v 22.4718 		21.5757 		14.5416
v 22.5174 		21.5284 		14.5016
v 22.5559 		21.4742 		14.4619
v 22.5865 		21.414 		14.4232
v 22.6087 		21.3489 		14.3863
v 22.6222 		21.2799 		14.3516
v 22.6268 		21.2083 		14.3199
v 22.6222 		21.1352 		14.2917
v 22.6087 		21.0619 		14.2674
v 22.5865 		20.9897 		14.2475
v 22.5559 		20.9199 		14.2323
v 22.5174 		20.8535 		14.222
v 22.4718 		20.7917 		14.2169
v 22.4197 		20.7357 		14.217
v 22.3622 		20.6863 		14.2223
v 22.3001 		20.6443 		14.2328
v 22.2346 		20.6107 		14.2482
v 22.1667 		20.5857 		14.2684
v 22.0976 		20.5701 		14.2928
v 22.0286 		20.5638 		14.3212
v 21.9607 		20.5672 		14.3531
v 21.8951 		20.5802 		14.3878
v 21.8331 		20.6024 		14.4248
v 21.7755 		20.6335 		14.4635
v 21.7235 		20.6731 		14.5033
v 21.6778 		20.7204 		14.5433
v 21.6394 		20.7746 		14.583
v 21.6088 		20.8348 		14.6216
v 21.5865 		20.8999 		14.6586
v 21.573 		20.9689 		14.6932
v 21.5685 		21.0405 		14.7249
v 21.573 		21.1136 		14.7532
v 21.5865 		21.1868 		14.7775
v 21.6088 		21.259 		14.7974
v 21.6394 		21.3289 		14.8126
v 21.6778 		21.3953 		14.8229
v 21.7235 		21.457 		14.828
v 21.7755 		21.5131 		14.8279
v 21.8331 		21.5625 		14.8225
v 21.8951 		21.6044 		14.8121
v 21.9607 		21.6381 		14.7966
v 22.0286 		21.663 		14.7765
# 98 vertices

g group_9_2829873

usemtl color_2829873
s 0

f 1263 	1264 	1265
f 1266 	1263 	1265
f 1267 	1266 	1265
f 1268 	1267 	1265
f 1269 	1268 	1265
f 1270 	1269 	1265
f 1271 	1270 	1265
f 1272 	1271 	1265
f 1273 	1272 	1265
f 1274 	1273 	1265
f 1275 	1274 	1265
f 1276 	1275 	1265
f 1277 	1276 	1265
f 1278 	1277 	1265
f 1279 	1278 	1265
f 1280 	1279 	1265
f 1281 	1280 	1265
f 1282 	1281 	1265
f 1283 	1282 	1265
f 1284 	1283 	1265
f 1285 	1284 	1265
f 1286 	1285 	1265
f 1287 	1286 	1265
f 1288 	1287 	1265
f 1289 	1288 	1265
f 1290 	1289 	1265
f 1291 	1290 	1265
f 1292 	1291 	1265
f 1293 	1292 	1265
f 1294 	1293 	1265
f 1295 	1294 	1265
f 1296 	1295 	1265
f 1297 	1296 	1265
f 1298 	1297 	1265
f 1299 	1298 	1265
f 1300 	1299 	1265
f 1301 	1300 	1265
f 1302 	1301 	1265
f 1303 	1302 	1265
f 1304 	1303 	1265
f 1305 	1304 	1265
f 1306 	1305 	1265
f 1307 	1306 	1265
f 1308 	1307 	1265
f 1309 	1308 	1265
f 1310 	1309 	1265
f 1311 	1310 	1265
f 1264 	1311 	1265
f 1312 	1313 	1314
f 1313 	1315 	1314
f 1315 	1316 	1314
f 1316 	1317 	1314
f 1317 	1318 	1314
f 1318 	1319 	1314
f 1319 	1320 	1314
f 1320 	1321 	1314
f 1321 	1322 	1314
f 1322 	1323 	1314
f 1323 	1324 	1314
f 1324 	1325 	1314
f 1325 	1326 	1314
f 1326 	1327 	1314
f 1327 	1328 	1314
f 1328 	1329 	1314
f 1329 	1330 	1314
f 1330 	1331 	1314
f 1331 	1332 	1314
f 1332 	1333 	1314
f 1333 	1334 	1314
f 1334 	1335 	1314
f 1335 	1336 	1314
f 1336 	1337 	1314
f 1337 	1338 	1314
f 1338 	1339 	1314
f 1339 	1340 	1314
f 1340 	1341 	1314
f 1341 	1342 	1314
f 1342 	1343 	1314
f 1343 	1344 	1314
f 1344 	1345 	1314
f 1345 	1346 	1314
f 1346 	1347 	1314
f 1347 	1348 	1314
f 1348 	1349 	1314
f 1349 	1350 	1314
f 1350 	1351 	1314
f 1351 	1352 	1314
f 1352 	1353 	1314
f 1353 	1354 	1314
f 1354 	1355 	1314
f 1355 	1356 	1314
f 1356 	1357 	1314
f 1357 	1358 	1314
f 1358 	1359 	1314
f 1359 	1360 	1314
f 1360 	1312 	1314
f 1264 	1263 	1263
f 1263 	1266 	1266
f 1266 	1267 	1267
f 1267 	1268 	1268
f 1268 	1269 	1269
f 1269 	1270 	1270
f 1270 	1271 	1271
f 1271 	1272 	1272
f 1272 	1273 	1273
f 1273 	1274 	1274
f 1274 	1275 	1275
f 1275 	1276 	1276
f 1276 	1277 	1277
f 1277 	1278 	1278
f 1278 	1279 	1279
f 1279 	1280 	1280
f 1280 	1281 	1281
f 1281 	1282 	1282
f 1282 	1283 	1283
f 1283 	1284 	1284
f 1284 	1285 	1285
f 1285 	1286 	1286
f 1286 	1287 	1287
f 1287 	1288 	1288
f 1288 	1289 	1289
f 1289 	1290 	1290
f 1290 	1291 	1291
f 1291 	1292 	1292
f 1292 	1293 	1293
f 1293 	1294 	1294
f 1294 	1295 	1295
f 1295 	1296 	1296
f 1296 	1297 	1297
f 1297 	1298 	1298
f 1298 	1299 	1299
f 1299 	1300 	1300
f 1300 	1301 	1301
f 1301 	1302 	1302
f 1302 	1303 	1303
f 1303 	1304 	1304
f 1304 	1305 	1305
f 1305 	1306 	1306
f 1306 	1307 	1307
f 1307 	1308 	1308
f 1308 	1309 	1309
f 1309 	1310 	1310
f 1310 	1311 	1311
f 1311 	1264 	1264
f 1264 	1263 	1313
f 1264 	1313 	1312
f 1263 	1266 	1315
f 1263 	1315 	1313
f 1266 	1267 	1316
f 1266 	1316 	1315
f 1267 	1268 	1317
f 1267 	1317 	1316
f 1268 	1269 	1318
f 1268 	1318 	1317
f 1269 	1270 	1319
f 1269 	1319 	1318
f 1270 	1271 	1320
f 1270 	1320 	1319
f 1271 	1272 	1321
f 1271 	1321 	1320
f 1272 	1273 	1322
f 1272 	1322 	1321
f 1273 	1274 	1323
f 1273 	1323 	1322
f 1274 	1275 	1324
f 1274 	1324 	1323
f 1275 	1276 	1325
f 1275 	1325 	1324
f 1276 	1277 	1326
f 1276 	1326 	1325
f 1277 	1278 	1327
f 1277 	1327 	1326
f 1278 	1279 	1328
f 1278 	1328 	1327
f 1279 	1280 	1329
f 1279 	1329 	1328
f 1280 	1281 	1330
f 1280 	1330 	1329
f 1281 	1282 	1331
f 1281 	1331 	1330
f 1282 	1283 	1332
f 1282 	1332 	1331
f 1283 	1284 	1333
f 1283 	1333 	1332
f 1284 	1285 	1334
f 1284 	1334 	1333
f 1285 	1286 	1335
f 1285 	1335 	1334
f 1286 	1287 	1336
f 1286 	1336 	1335
f 1287 	1288 	1337
f 1287 	1337 	1336
f 1288 	1289 	1338
f 1288 	1338 	1337
f 1289 	1290 	1339
f 1289 	1339 	1338
f 1290 	1291 	1340
f 1290 	1340 	1339
f 1291 	1292 	1341
f 1291 	1341 	1340
f 1292 	1293 	1342
f 1292 	1342 	1341
f 1293 	1294 	1343
f 1293 	1343 	1342
f 1294 	1295 	1344
f 1294 	1344 	1343
f 1295 	1296 	1345
f 1295 	1345 	1344
f 1296 	1297 	1346
f 1296 	1346 	1345
f 1297 	1298 	1347
f 1297 	1347 	1346
f 1298 	1299 	1348
f 1298 	1348 	1347
f 1299 	1300 	1349
f 1299 	1349 	1348
f 1300 	1301 	1350
f 1300 	1350 	1349
f 1301 	1302 	1351
f 1301 	1351 	1350
f 1302 	1303 	1352
f 1302 	1352 	1351
f 1303 	1304 	1353
f 1303 	1353 	1352
f 1304 	1305 	1354
f 1304 	1354 	1353
f 1305 	1306 	1355
f 1305 	1355 	1354
f 1306 	1307 	1356
f 1306 	1356 	1355
f 1307 	1308 	1357
f 1307 	1357 	1356
f 1308 	1309 	1358
f 1308 	1358 	1357
f 1309 	1310 	1359
f 1309 	1359 	1358
f 1310 	1311 	1360
f 1310 	1360 	1359
f 1311 	1264 	1312
f 1311 	1312 	1360
f 1312 	1313 	1313
f 1313 	1315 	1315
f 1315 	1316 	1316
f 1316 	1317 	1317
f 1317 	1318 	1318
f 1318 	1319 	1319
f 1319 	1320 	1320
f 1320 	1321 	1321
f 1321 	1322 	1322
f 1322 	1323 	1323
f 1323 	1324 	1324
f 1324 	1325 	1325
f 1325 	1326 	1326
f 1326 	1327 	1327
f 1327 	1328 	1328
f 1328 	1329 	1329
f 1329 	1330 	1330
f 1330 	1331 	1331
f 1331 	1332 	1332
f 1332 	1333 	1333
f 1333 	1334 	1334
f 1334 	1335 	1335
f 1335 	1336 	1336
f 1336 	1337 	1337
f 1337 	1338 	1338
f 1338 	1339 	1339
f 1339 	1340 	1340
f 1340 	1341 	1341
f 1341 	1342 	1342
f 1342 	1343 	1343
f 1343 	1344 	1344
f 1344 	1345 	1345
f 1345 	1346 	1346
f 1346 	1347 	1347
f 1347 	1348 	1348
f 1348 	1349 	1349
f 1349 	1350 	1350
f 1350 	1351 	1351
f 1351 	1352 	1352
f 1352 	1353 	1353
f 1353 	1354 	1354
f 1354 	1355 	1355
f 1355 	1356 	1356
f 1356 	1357 	1357
f 1357 	1358 	1358
f 1358 	1359 	1359
f 1359 	1360 	1360
f 1360 	1312 	1312
# 288 faces

 #end of obj_9

o obj_10
v 24.9218 		21.6534 		17.0856
v 25.0081 		21.6338 		17.1162
v 25.0369 		21.8583 		17.222
v 24.9218 		21.8844 		17.1813
v 25.093 		21.6027 		17.1413
v 25.15 		21.8167 		17.2556
v 25.1749 		21.5606 		17.1606
v 25.2593 		21.7606 		17.2813
v 25.2525 		21.5082 		17.1737
v 25.3627 		21.6907 		17.2987
v 25.3244 		21.4464 		17.1804
v 25.4587 		21.6084 		17.3076
v 25.3895 		21.3763 		17.1805
v 25.5454 		21.515 		17.3078
v 25.4465 		21.2992 		17.1741
v 25.6214 		21.412 		17.2993
v 25.4946 		21.2162 		17.1613
v 25.6855 		21.3014 		17.2822
v 25.5329 		21.1288 		17.1423
v 25.7366 		21.1849 		17.2568
v 25.5607 		21.0386 		17.1173
v 25.7736 		21.0646 		17.2236
v 25.5775 		20.947 		17.087
v 25.7961 		20.9425 		17.1831
v 25.5832 		20.8557 		17.0517
v 25.8037 		20.8207 		17.1361
v 25.5775 		20.7661 		17.0121
v 25.7961 		20.7013 		17.0832
v 25.5607 		20.6799 		16.9688
v 25.7736 		20.5864 		17.0255
v 25.5329 		20.5985 		16.9226
v 25.7366 		20.4778 		16.9639
v 25.4946 		20.5233 		16.8743
v 25.6855 		20.3775 		16.8995
v 25.4465 		20.4555 		16.8247
v 25.6214 		20.2872 		16.8334
v 25.3895 		20.3964 		16.7746
v 25.5454 		20.2084 		16.7666
v 25.3244 		20.347 		16.725
v 25.4587 		20.1425 		16.7004
v 25.2525 		20.308 		16.6766
v 25.3627 		20.0905 		16.6359
v 25.1749 		20.2802 		16.6303
v 25.2593 		20.0535 		16.5742
v 25.093 		20.2641 		16.5869
v 25.15 		20.0319 		16.5163
v 25.0081 		20.2599 		16.5471
v 25.0369 		20.0263 		16.4632
v 24.9218 		20.2676 		16.5116
v 24.9218 		20.0366 		16.4159
v 24.8355 		20.2872 		16.481
v 24.8067 		20.0628 		16.3751
v 24.7506 		20.3184 		16.4558
v 24.6935 		20.1043 		16.3416
v 24.6687 		20.3605 		16.4366
v 24.5843 		20.1605 		16.3159
v 24.5911 		20.4129 		16.4235
v 24.4809 		20.2303 		16.2984
v 24.5192 		20.4746 		16.4168
v 24.3849 		20.3127 		16.2895
v 24.4541 		20.5447 		16.4167
v 24.2982 		20.4061 		16.2893
v 24.3971 		20.6219 		16.423
v 24.2221 		20.509 		16.2979
v 24.349 		20.7049 		16.4359
v 24.1581 		20.6196 		16.315
v 24.3107 		20.7922 		16.4549
v 24.107 		20.7361 		16.3403
v 24.2829 		20.8825 		16.4798
v 24.07 		20.8564 		16.3735
v 24.266 		20.974 		16.5102
v 24.0475 		20.9785 		16.414
v 24.2604 		21.0654 		16.5455
v 24.0399 		21.1003 		16.4611
v 24.266 		21.1549 		16.5851
v 24.0475 		21.2197 		16.5139
v 24.2829 		21.2411 		16.6284
v 24.07 		21.3347 		16.5716
v 24.3107 		21.3225 		16.6746
v 24.107 		21.4432 		16.6332
v 24.349 		21.3978 		16.7229
v 24.1581 		21.5435 		16.6977
v 24.3971 		21.4655 		16.7725
v 24.2221 		21.6338 		16.7638
v 24.4541 		21.5246 		16.8225
v 24.2982 		21.7127 		16.8305
v 24.5192 		21.5741 		16.8722
v 24.3849 		21.7786 		16.8967
v 24.5911 		21.613 		16.9206
v 24.4809 		21.8305 		16.9612
v 24.6687 		21.6408 		16.9669
v 24.5843 		21.8676 		17.023
v 24.7506 		21.657 		17.0103
v 24.6935 		21.8891 		17.0809
v 24.8355 		21.6612 		17.0501
v 24.8067 		21.8947 		17.1339
v 25.047 		21.7691 		16.8063
v 25.1333 		21.7495 		16.8369
v 25.2182 		21.7184 		16.8621
v 25.3001 		21.6762 		16.8814
v 25.3777 		21.6238 		16.8945
v 25.4496 		21.5621 		16.9011
v 25.5147 		21.492 		16.9013
v 25.5717 		21.4148 		16.8949
v 25.6198 		21.3318 		16.882
v 25.6581 		21.2445 		16.863
v 25.6859 		21.1543 		16.8381
v 25.7027 		21.0627 		16.8077
v 25.7084 		20.9713 		16.7724
v 25.7027 		20.8818 		16.7328
v 25.6859 		20.7956 		16.6895
v 25.6581 		20.7142 		16.6433
v 25.6198 		20.6389 		16.595
v 25.5717 		20.5712 		16.5454
v 25.5147 		20.5121 		16.4954
v 25.4496 		20.4626 		16.4457
v 25.3777 		20.4237 		16.3973
v 25.3001 		20.3959 		16.351
v 25.2182 		20.3798 		16.3076
v 25.1333 		20.3755 		16.2678
v 25.047 		20.3833 		16.2323
v 24.9607 		20.4029 		16.2017
v 24.8758 		20.434 		16.1766
v 24.7939 		20.4761 		16.1573
v 24.7163 		20.5285 		16.1442
v 24.6443 		20.5903 		16.1375
v 24.5793 		20.6604 		16.1374
v 24.5223 		20.7375 		16.1438
v 24.4742 		20.8205 		16.1566
v 24.4359 		20.9079 		16.1757
v 24.4081 		20.9981 		16.2006
v 24.3912 		21.0897 		16.2309
v 24.3856 		21.181 		16.2662
v 24.3912 		21.2706 		16.3058
v 24.4081 		21.3568 		16.3491
v 24.4359 		21.4382 		16.3953
v 24.4742 		21.5134 		16.4436
v 24.5223 		21.5812 		16.4932
v 24.5793 		21.6403 		16.5433
v 24.6443 		21.6897 		16.593
v 24.7163 		21.7287 		16.6413
v 24.7939 		21.7565 		16.6876
v 24.8758 		21.7726 		16.7311
v 24.9607 		21.7769 		16.7709
v 25.047 		22.0001 		16.902
v 25.1621 		21.9739 		16.9428
v 25.2752 		21.9324 		16.9763
v 25.3845 		21.8762 		17.002
v 25.4879 		21.8064 		17.0195
v 25.5838 		21.7241 		17.0284
v 25.6706 		21.6306 		17.0286
v 25.7466 		21.5277 		17.02
v 25.8107 		21.4171 		17.0029
v 25.8617 		21.3006 		16.9776
v 25.8988 		21.1803 		16.9444
v 25.9213 		21.0582 		16.9039
v 25.9289 		20.9364 		16.8568
v 25.9213 		20.817 		16.804
v 25.8988 		20.702 		16.7463
v 25.8617 		20.5935 		16.6847
v 25.8107 		20.4932 		16.6203
v 25.7466 		20.4029 		16.5541
v 25.6706 		20.3241 		16.4874
v 25.5838 		20.2581 		16.4212
v 25.4879 		20.2062 		16.3567
v 25.3845 		20.1691 		16.2949
v 25.2752 		20.1476 		16.237
v 25.1621 		20.142 		16.184
v 25.047 		20.1523 		16.1367
v 24.9319 		20.1785 		16.0959
v 24.8187 		20.22 		16.0623
v 24.7095 		20.2761 		16.0366
v 24.606 		20.346 		16.0192
v 24.5101 		20.4283 		16.0103
v 24.4234 		20.5218 		16.0101
v 24.3473 		20.6247 		16.0186
v 24.2833 		20.7353 		16.0357
v 24.2322 		20.8518 		16.0611
v 24.1952 		20.9721 		16.0943
v 24.1727 		21.0942 		16.1348
v 24.1651 		21.216 		16.1819
v 24.1727 		21.3354 		16.2347
v 24.1952 		21.4503 		16.2924
v 24.2322 		21.5589 		16.354
v 24.2833 		21.6592 		16.4184
v 24.3473 		21.7495 		16.4846
v 24.4234 		21.8283 		16.5513
v 24.5101 		21.8943 		16.6175
v 24.606 		21.9462 		16.682
v 24.7095 		21.9832 		16.7437
v 24.8187 		22.0048 		16.8016
v 24.9319 		22.0104 		16.8547
# 192 vertices

g group_10_10988977

usemtl color_10988977
s 0

f 1361 	1362 	1363
f 1361 	1363 	1364
f 1362 	1365 	1366
f 1362 	1366 	1363
f 1365 	1367 	1368
f 1365 	1368 	1366
f 1367 	1369 	1370
f 1367 	1370 	1368
f 1369 	1371 	1372
f 1369 	1372 	1370
f 1371 	1373 	1374
f 1371 	1374 	1372
f 1373 	1375 	1376
f 1373 	1376 	1374
f 1375 	1377 	1378
f 1375 	1378 	1376
f 1377 	1379 	1380
f 1377 	1380 	1378
f 1379 	1381 	1382
f 1379 	1382 	1380
f 1381 	1383 	1384
f 1381 	1384 	1382
f 1383 	1385 	1386
f 1383 	1386 	1384
f 1385 	1387 	1388
f 1385 	1388 	1386
f 1387 	1389 	1390
f 1387 	1390 	1388
f 1389 	1391 	1392
f 1389 	1392 	1390
f 1391 	1393 	1394
f 1391 	1394 	1392
f 1393 	1395 	1396
f 1393 	1396 	1394
f 1395 	1397 	1398
f 1395 	1398 	1396
f 1397 	1399 	1400
f 1397 	1400 	1398
f 1399 	1401 	1402
f 1399 	1402 	1400
f 1401 	1403 	1404
f 1401 	1404 	1402
f 1403 	1405 	1406
f 1403 	1406 	1404
f 1405 	1407 	1408
f 1405 	1408 	1406
f 1407 	1409 	1410
f 1407 	1410 	1408
f 1409 	1411 	1412
f 1409 	1412 	1410
f 1411 	1413 	1414
f 1411 	1414 	1412
f 1413 	1415 	1416
f 1413 	1416 	1414
f 1415 	1417 	1418
f 1415 	1418 	1416
f 1417 	1419 	1420
f 1417 	1420 	1418
f 1419 	1421 	1422
f 1419 	1422 	1420
f 1421 	1423 	1424
f 1421 	1424 	1422
f 1423 	1425 	1426
f 1423 	1426 	1424
f 1425 	1427 	1428
f 1425 	1428 	1426
f 1427 	1429 	1430
f 1427 	1430 	1428
f 1429 	1431 	1432
f 1429 	1432 	1430
f 1431 	1433 	1434
f 1431 	1434 	1432
f 1433 	1435 	1436
f 1433 	1436 	1434
f 1435 	1437 	1438
f 1435 	1438 	1436
f 1437 	1439 	1440
f 1437 	1440 	1438
f 1439 	1441 	1442
f 1439 	1442 	1440
f 1441 	1443 	1444
f 1441 	1444 	1442
f 1443 	1445 	1446
f 1443 	1446 	1444
f 1445 	1447 	1448
f 1445 	1448 	1446
f 1447 	1449 	1450
f 1447 	1450 	1448
f 1449 	1451 	1452
f 1449 	1452 	1450
f 1451 	1453 	1454
f 1451 	1454 	1452
f 1453 	1455 	1456
f 1453 	1456 	1454
f 1455 	1361 	1364
f 1455 	1364 	1456
f 1457 	1458 	1362
f 1457 	1362 	1361
f 1458 	1459 	1365
f 1458 	1365 	1362
f 1459 	1460 	1367
f 1459 	1367 	1365
f 1460 	1461 	1369
f 1460 	1369 	1367
f 1461 	1462 	1371
f 1461 	1371 	1369
f 1462 	1463 	1373
f 1462 	1373 	1371
f 1463 	1464 	1375
f 1463 	1375 	1373
f 1464 	1465 	1377
f 1464 	1377 	1375
f 1465 	1466 	1379
f 1465 	1379 	1377
f 1466 	1467 	1381
f 1466 	1381 	1379
f 1467 	1468 	1383
f 1467 	1383 	1381
f 1468 	1469 	1385
f 1468 	1385 	1383
f 1469 	1470 	1387
f 1469 	1387 	1385
f 1470 	1471 	1389
f 1470 	1389 	1387
f 1471 	1472 	1391
f 1471 	1391 	1389
f 1472 	1473 	1393
f 1472 	1393 	1391
f 1473 	1474 	1395
f 1473 	1395 	1393
f 1474 	1475 	1397
f 1474 	1397 	1395
f 1475 	1476 	1399
f 1475 	1399 	1397
f 1476 	1477 	1401
f 1476 	1401 	1399
f 1477 	1478 	1403
f 1477 	1403 	1401
f 1478 	1479 	1405
f 1478 	1405 	1403
f 1479 	1480 	1407
f 1479 	1407 	1405
f 1480 	1481 	1409
f 1480 	1409 	1407
f 1481 	1482 	1411
f 1481 	1411 	1409
f 1482 	1483 	1413
f 1482 	1413 	1411
f 1483 	1484 	1415
f 1483 	1415 	1413
f 1484 	1485 	1417
f 1484 	1417 	1415
f 1485 	1486 	1419
f 1485 	1419 	1417
f 1486 	1487 	1421
f 1486 	1421 	1419
f 1487 	1488 	1423
f 1487 	1423 	1421
f 1488 	1489 	1425
f 1488 	1425 	1423
f 1489 	1490 	1427
f 1489 	1427 	1425
f 1490 	1491 	1429
f 1490 	1429 	1427
f 1491 	1492 	1431
f 1491 	1431 	1429
f 1492 	1493 	1433
f 1492 	1433 	1431
f 1493 	1494 	1435
f 1493 	1435 	1433
f 1494 	1495 	1437
f 1494 	1437 	1435
f 1495 	1496 	1439
f 1495 	1439 	1437
f 1496 	1497 	1441
f 1496 	1441 	1439
f 1497 	1498 	1443
f 1497 	1443 	1441
f 1498 	1499 	1445
f 1498 	1445 	1443
f 1499 	1500 	1447
f 1499 	1447 	1445
f 1500 	1501 	1449
f 1500 	1449 	1447
f 1501 	1502 	1451
f 1501 	1451 	1449
f 1502 	1503 	1453
f 1502 	1453 	1451
f 1503 	1504 	1455
f 1503 	1455 	1453
f 1504 	1457 	1361
f 1504 	1361 	1455
f 1505 	1506 	1458
f 1505 	1458 	1457
f 1506 	1507 	1459
f 1506 	1459 	1458
f 1507 	1508 	1460
f 1507 	1460 	1459
f 1508 	1509 	1461
f 1508 	1461 	1460
f 1509 	1510 	1462
f 1509 	1462 	1461
f 1510 	1511 	1463
f 1510 	1463 	1462
f 1511 	1512 	1464
f 1511 	1464 	1463
f 1512 	1513 	1465
f 1512 	1465 	1464
f 1513 	1514 	1466
f 1513 	1466 	1465
f 1514 	1515 	1467
f 1514 	1467 	1466
f 1515 	1516 	1468
f 1515 	1468 	1467
f 1516 	1517 	1469
f 1516 	1469 	1468
f 1517 	1518 	1470
f 1517 	1470 	1469
f 1518 	1519 	1471
f 1518 	1471 	1470
f 1519 	1520 	1472
f 1519 	1472 	1471
f 1520 	1521 	1473
f 1520 	1473 	1472
f 1521 	1522 	1474
f 1521 	1474 	1473
f 1522 	1523 	1475
f 1522 	1475 	1474
f 1523 	1524 	1476
f 1523 	1476 	1475
f 1524 	1525 	1477
f 1524 	1477 	1476
f 1525 	1526 	1478
f 1525 	1478 	1477
f 1526 	1527 	1479
f 1526 	1479 	1478
f 1527 	1528 	1480
f 1527 	1480 	1479
f 1528 	1529 	1481
f 1528 	1481 	1480
f 1529 	1530 	1482
f 1529 	1482 	1481
f 1530 	1531 	1483
f 1530 	1483 	1482
f 1531 	1532 	1484
f 1531 	1484 	1483
f 1532 	1533 	1485
f 1532 	1485 	1484
f 1533 	1534 	1486
f 1533 	1486 	1485
f 1534 	1535 	1487
f 1534 	1487 	1486
f 1535 	1536 	1488
f 1535 	1488 	1487
f 1536 	1537 	1489
f 1536 	1489 	1488
f 1537 	1538 	1490
f 1537 	1490 	1489
f 1538 	1539 	1491
f 1538 	1491 	1490
f 1539 	1540 	1492
f 1539 	1492 	1491
f 1540 	1541 	1493
f 1540 	1493 	1492
f 1541 	1542 	1494
f 1541 	1494 	1493
f 1542 	1543 	1495
f 1542 	1495 	1494
f 1543 	1544 	1496
f 1543 	1496 	1495
f 1544 	1545 	1497
f 1544 	1497 	1496
f 1545 	1546 	1498
f 1545 	1498 	1497
f 1546 	1547 	1499
f 1546 	1499 	1498
f 1547 	1548 	1500
f 1547 	1500 	1499
f 1548 	1549 	1501
f 1548 	1501 	1500
f 1549 	1550 	1502
f 1549 	1502 	1501
f 1550 	1551 	1503
f 1550 	1503 	1502
f 1551 	1552 	1504
f 1551 	1504 	1503
f 1552 	1505 	1457
f 1552 	1457 	1504
f 1364 	1363 	1363
f 1363 	1366 	1366
f 1366 	1368 	1368
f 1368 	1370 	1370
f 1370 	1372 	1372
f 1372 	1374 	1374
f 1374 	1376 	1376
f 1376 	1378 	1378
f 1378 	1380 	1380
f 1380 	1382 	1382
f 1382 	1384 	1384
f 1384 	1386 	1386
f 1386 	1388 	1388
f 1388 	1390 	1390
f 1390 	1392 	1392
f 1392 	1394 	1394
f 1394 	1396 	1396
f 1396 	1398 	1398
f 1398 	1400 	1400
f 1400 	1402 	1402
f 1402 	1404 	1404
f 1404 	1406 	1406
f 1406 	1408 	1408
f 1408 	1410 	1410
f 1410 	1412 	1412
f 1412 	1414 	1414
f 1414 	1416 	1416
f 1416 	1418 	1418
f 1418 	1420 	1420
f 1420 	1422 	1422
f 1422 	1424 	1424
f 1424 	1426 	1426
f 1426 	1428 	1428
f 1428 	1430 	1430
f 1430 	1432 	1432
f 1432 	1434 	1434
f 1434 	1436 	1436
f 1436 	1438 	1438
f 1438 	1440 	1440
f 1440 	1442 	1442
f 1442 	1444 	1444
f 1444 	1446 	1446
f 1446 	1448 	1448
f 1448 	1450 	1450
f 1450 	1452 	1452
f 1452 	1454 	1454
f 1454 	1456 	1456
f 1456 	1364 	1364
f 1364 	1363 	1506
f 1364 	1506 	1505
f 1363 	1366 	1507
f 1363 	1507 	1506
f 1366 	1368 	1508
f 1366 	1508 	1507
f 1368 	1370 	1509
f 1368 	1509 	1508
f 1370 	1372 	1510
f 1370 	1510 	1509
f 1372 	1374 	1511
f 1372 	1511 	1510
f 1374 	1376 	1512
f 1374 	1512 	1511
f 1376 	1378 	1513
f 1376 	1513 	1512
f 1378 	1380 	1514
f 1378 	1514 	1513
f 1380 	1382 	1515
f 1380 	1515 	1514
f 1382 	1384 	1516
f 1382 	1516 	1515
f 1384 	1386 	1517
f 1384 	1517 	1516
f 1386 	1388 	1518
f 1386 	1518 	1517
f 1388 	1390 	1519
f 1388 	1519 	1518
f 1390 	1392 	1520
f 1390 	1520 	1519
f 1392 	1394 	1521
f 1392 	1521 	1520
f 1394 	1396 	1522
f 1394 	1522 	1521
f 1396 	1398 	1523
f 1396 	1523 	1522
f 1398 	1400 	1524
f 1398 	1524 	1523
f 1400 	1402 	1525
f 1400 	1525 	1524
f 1402 	1404 	1526
f 1402 	1526 	1525
f 1404 	1406 	1527
f 1404 	1527 	1526
f 1406 	1408 	1528
f 1406 	1528 	1527
f 1408 	1410 	1529
f 1408 	1529 	1528
f 1410 	1412 	1530
f 1410 	1530 	1529
f 1412 	1414 	1531
f 1412 	1531 	1530
f 1414 	1416 	1532
f 1414 	1532 	1531
f 1416 	1418 	1533
f 1416 	1533 	1532
f 1418 	1420 	1534
f 1418 	1534 	1533
f 1420 	1422 	1535
f 1420 	1535 	1534
f 1422 	1424 	1536
f 1422 	1536 	1535
f 1424 	1426 	1537
f 1424 	1537 	1536
f 1426 	1428 	1538
f 1426 	1538 	1537
f 1428 	1430 	1539
f 1428 	1539 	1538
f 1430 	1432 	1540
f 1430 	1540 	1539
f 1432 	1434 	1541
f 1432 	1541 	1540
f 1434 	1436 	1542
f 1434 	1542 	1541
f 1436 	1438 	1543
f 1436 	1543 	1542
f 1438 	1440 	1544
f 1438 	1544 	1543
f 1440 	1442 	1545
f 1440 	1545 	1544
f 1442 	1444 	1546
f 1442 	1546 	1545
f 1444 	1446 	1547
f 1444 	1547 	1546
f 1446 	1448 	1548
f 1446 	1548 	1547
f 1448 	1450 	1549
f 1448 	1549 	1548
f 1450 	1452 	1550
f 1450 	1550 	1549
f 1452 	1454 	1551
f 1452 	1551 	1550
f 1454 	1456 	1552
f 1454 	1552 	1551
f 1456 	1364 	1505
f 1456 	1505 	1552
f 1505 	1506 	1506
f 1506 	1507 	1507
f 1507 	1508 	1508
f 1508 	1509 	1509
f 1509 	1510 	1510
f 1510 	1511 	1511
f 1511 	1512 	1512
f 1512 	1513 	1513
f 1513 	1514 	1514
f 1514 	1515 	1515
f 1515 	1516 	1516
f 1516 	1517 	1517
f 1517 	1518 	1518
f 1518 	1519 	1519
f 1519 	1520 	1520
f 1520 	1521 	1521
f 1521 	1522 	1522
f 1522 	1523 	1523
f 1523 	1524 	1524
f 1524 	1525 	1525
f 1525 	1526 	1526
f 1526 	1527 	1527
f 1527 	1528 	1528
f 1528 	1529 	1529
f 1529 	1530 	1530
f 1530 	1531 	1531
f 1531 	1532 	1532
f 1532 	1533 	1533
f 1533 	1534 	1534
f 1534 	1535 	1535
f 1535 	1536 	1536
f 1536 	1537 	1537
f 1537 	1538 	1538
f 1538 	1539 	1539
f 1539 	1540 	1540
f 1540 	1541 	1541
f 1541 	1542 	1542
f 1542 	1543 	1543
f 1543 	1544 	1544
f 1544 	1545 	1545
f 1545 	1546 	1546
f 1546 	1547 	1547
f 1547 	1548 	1548
f 1548 	1549 	1549
f 1549 	1550 	1550
f 1550 	1551 	1551
f 1551 	1552 	1552
f 1552 	1505 	1505
# 480 faces

 #end of obj_10

o obj_11
v 25.0139 		21.6787 		17.1373
v 24.9218 		21.6996 		17.1047
v 24.9218 		20.9605 		16.7986
v 25.1044 		21.6455 		17.1642
v 25.1918 		21.6006 		17.1847
v 25.2745 		21.5447 		17.1987
v 25.3513 		21.4788 		17.2058
v 25.4207 		21.4041 		17.206
v 25.4815 		21.3217 		17.1991
v 25.5328 		21.2332 		17.1855
v 25.5736 		21.14 		17.1652
v 25.6033 		21.0438 		17.1386
v 25.6213 		20.9461 		17.1062
v 25.6273 		20.8487 		17.0686
v 25.6213 		20.7532 		17.0263
v 25.6033 		20.6612 		16.9801
v 25.5736 		20.5744 		16.9309
v 25.5328 		20.4941 		16.8793
v 25.4815 		20.4219 		16.8264
v 25.4207 		20.3588 		16.773
v 25.3513 		20.3061 		16.7201
v 25.2745 		20.2645 		16.6684
v 25.1918 		20.2349 		16.6191
v 25.1044 		20.2177 		16.5727
v 25.0139 		20.2131 		16.5303
v 24.9218 		20.2214 		16.4924
v 24.8297 		20.2423 		16.4598
v 24.7392 		20.2755 		16.433
v 24.6518 		20.3205 		16.4124
v 24.569 		20.3764 		16.3985
v 24.4923 		20.4422 		16.3913
v 24.4229 		20.517 		16.3912
v 24.3621 		20.5993 		16.398
v 24.3108 		20.6878 		16.4117
v 24.27 		20.781 		16.432
v 24.2403 		20.8772 		16.4586
v 24.2223 		20.9749 		16.4909
v 24.2163 		21.0724 		16.5286
v 24.2223 		21.1679 		16.5709
v 24.2403 		21.2598 		16.617
v 24.27 		21.3467 		16.6663
v 24.3108 		21.4269 		16.7178
v 24.3621 		21.4992 		16.7708
v 24.4229 		21.5622 		16.8241
v 24.4923 		21.615 		16.8771
v 24.569 		21.6565 		16.9287
v 24.6518 		21.6862 		16.9781
v 24.7392 		21.7034 		17.0244
v 24.8297 		21.7079 		17.0669
v 25.7564 		22.4707 		15.2431
v 25.8485 		22.4498 		15.2757
v 25.7564 		21.7316 		14.937
v 25.939 		22.4166 		15.3025
v 26.0264 		22.3717 		15.3231
v 26.1092 		22.3158 		15.3371
v 26.1859 		22.2499 		15.3442
v 26.2553 		22.1752 		15.3443
v 26.3162 		22.0928 		15.3375
v 26.3674 		22.0043 		15.3238
v 26.4082 		21.9112 		15.3035
v 26.4379 		21.8149 		15.277
v 26.4559 		21.7172 		15.2446
v 26.4619 		21.6198 		15.2069
v 26.4559 		21.5243 		15.1647
v 26.4379 		21.4323 		15.1185
v 26.4082 		21.3455 		15.0692
v 26.3674 		21.2652 		15.0177
v 26.3162 		21.193 		14.9648
v 26.2553 		21.1299 		14.9114
v 26.1859 		21.0772 		14.8584
v 26.1092 		21.0356 		14.8068
v 26.0264 		21.006 		14.7574
v 25.939 		20.9888 		14.7111
v 25.8485 		20.9843 		14.6687
v 25.7564 		20.9925 		14.6308
v 25.6643 		21.0134 		14.5982
v 25.5738 		21.0467 		14.5714
v 25.4865 		21.0916 		14.5508
v 25.4037 		21.1475 		14.5368
v 25.327 		21.2133 		14.5297
v 25.2576 		21.2881 		14.5296
v 25.1967 		21.3704 		14.5364
v 25.1454 		21.4589 		14.5501
v 25.1046 		21.5521 		14.5704
v 25.075 		21.6484 		14.5969
v 25.057 		21.746 		14.6293
v 25.0509 		21.8435 		14.667
v 25.057 		21.939 		14.7092
v 25.075 		22.0309 		14.7554
v 25.1046 		22.1178 		14.8047
v 25.1454 		22.198 		14.8562
v 25.1967 		22.2703 		14.9091
v 25.2576 		22.3333 		14.9625
v 25.327 		22.3861 		15.0155
v 25.4037 		22.4276 		15.0671
v 25.4865 		22.4573 		15.1165
v 25.5738 		22.4745 		15.1628
v 25.6643 		22.479 		15.2052
# 98 vertices

g group_11_14541540

usemtl color_14541540
s 0

f 1553 	1554 	1555
f 1556 	1553 	1555
f 1557 	1556 	1555
f 1558 	1557 	1555
f 1559 	1558 	1555
f 1560 	1559 	1555
f 1561 	1560 	1555
f 1562 	1561 	1555
f 1563 	1562 	1555
f 1564 	1563 	1555
f 1565 	1564 	1555
f 1566 	1565 	1555
f 1567 	1566 	1555
f 1568 	1567 	1555
f 1569 	1568 	1555
f 1570 	1569 	1555
f 1571 	1570 	1555
f 1572 	1571 	1555
f 1573 	1572 	1555
f 1574 	1573 	1555
f 1575 	1574 	1555
f 1576 	1575 	1555
f 1577 	1576 	1555
f 1578 	1577 	1555
f 1579 	1578 	1555
f 1580 	1579 	1555
f 1581 	1580 	1555
f 1582 	1581 	1555
f 1583 	1582 	1555
f 1584 	1583 	1555
f 1585 	1584 	1555
f 1586 	1585 	1555
f 1587 	1586 	1555
f 1588 	1587 	1555
f 1589 	1588 	1555
f 1590 	1589 	1555
f 1591 	1590 	1555
f 1592 	1591 	1555
f 1593 	1592 	1555
f 1594 	1593 	1555
f 1595 	1594 	1555
f 1596 	1595 	1555
f 1597 	1596 	1555
f 1598 	1597 	1555
f 1599 	1598 	1555
f 1600 	1599 	1555
f 1601 	1600 	1555
f 1554 	1601 	1555
f 1602 	1603 	1604
f 1603 	1605 	1604
f 1605 	1606 	1604
f 1606 	1607 	1604
f 1607 	1608 	1604
f 1608 	1609 	1604
f 1609 	1610 	1604
f 1610 	1611 	1604
f 1611 	1612 	1604
f 1612 	1613 	1604
f 1613 	1614 	1604
f 1614 	1615 	1604
f 1615 	1616 	1604
f 1616 	1617 	1604
f 1617 	1618 	1604
f 1618 	1619 	1604
f 1619 	1620 	1604
f 1620 	1621 	1604
f 1621 	1622 	1604
f 1622 	1623 	1604
f 1623 	1624 	1604
f 1624 	1625 	1604
f 1625 	1626 	1604
f 1626 	1627 	1604
f 1627 	1628 	1604
f 1628 	1629 	1604
f 1629 	1630 	1604
f 1630 	1631 	1604
f 1631 	1632 	1604
f 1632 	1633 	1604
f 1633 	1634 	1604
f 1634 	1635 	1604
f 1635 	1636 	1604
f 1636 	1637 	1604
f 1637 	1638 	1604
f 1638 	1639 	1604
f 1639 	1640 	1604
f 1640 	1641 	1604
f 1641 	1642 	1604
f 1642 	1643 	1604
f 1643 	1644 	1604
f 1644 	1645 	1604
f 1645 	1646 	1604
f 1646 	1647 	1604
f 1647 	1648 	1604
f 1648 	1649 	1604
f 1649 	1650 	1604
f 1650 	1602 	1604
f 1554 	1553 	1553
f 1553 	1556 	1556
f 1556 	1557 	1557
f 1557 	1558 	1558
f 1558 	1559 	1559
f 1559 	1560 	1560
f 1560 	1561 	1561
f 1561 	1562 	1562
f 1562 	1563 	1563
f 1563 	1564 	1564
f 1564 	1565 	1565
f 1565 	1566 	1566
f 1566 	1567 	1567
f 1567 	1568 	1568
f 1568 	1569 	1569
f 1569 	1570 	1570
f 1570 	1571 	1571
f 1571 	1572 	1572
f 1572 	1573 	1573
f 1573 	1574 	1574
f 1574 	1575 	1575
f 1575 	1576 	1576
f 1576 	1577 	1577
f 1577 	1578 	1578
f 1578 	1579 	1579
f 1579 	1580 	1580
f 1580 	1581 	1581
f 1581 	1582 	1582
f 1582 	1583 	1583
f 1583 	1584 	1584
f 1584 	1585 	1585
f 1585 	1586 	1586
f 1586 	1587 	1587
f 1587 	1588 	1588
f 1588 	1589 	1589
f 1589 	1590 	1590
f 1590 	1591 	1591
f 1591 	1592 	1592
f 1592 	1593 	1593
f 1593 	1594 	1594
f 1594 	1595 	1595
f 1595 	1596 	1596
f 1596 	1597 	1597
f 1597 	1598 	1598
f 1598 	1599 	1599
f 1599 	1600 	1600
f 1600 	1601 	1601
f 1601 	1554 	1554
f 1554 	1553 	1603
f 1554 	1603 	1602
f 1553 	1556 	1605
f 1553 	1605 	1603
f 1556 	1557 	1606
f 1556 	1606 	1605
f 1557 	1558 	1607
f 1557 	1607 	1606
f 1558 	1559 	1608
f 1558 	1608 	1607
f 1559 	1560 	1609
f 1559 	1609 	1608
f 1560 	1561 	1610
f 1560 	1610 	1609
f 1561 	1562 	1611
f 1561 	1611 	1610
f 1562 	1563 	1612
f 1562 	1612 	1611
f 1563 	1564 	1613
f 1563 	1613 	1612
f 1564 	1565 	1614
f 1564 	1614 	1613
f 1565 	1566 	1615
f 1565 	1615 	1614
f 1566 	1567 	1616
f 1566 	1616 	1615
f 1567 	1568 	1617
f 1567 	1617 	1616
f 1568 	1569 	1618
f 1568 	1618 	1617
f 1569 	1570 	1619
f 1569 	1619 	1618
f 1570 	1571 	1620
f 1570 	1620 	1619
f 1571 	1572 	1621
f 1571 	1621 	1620
f 1572 	1573 	1622
f 1572 	1622 	1621
f 1573 	1574 	1623
f 1573 	1623 	1622
f 1574 	1575 	1624
f 1574 	1624 	1623
f 1575 	1576 	1625
f 1575 	1625 	1624
f 1576 	1577 	1626
f 1576 	1626 	1625
f 1577 	1578 	1627
f 1577 	1627 	1626
f 1578 	1579 	1628
f 1578 	1628 	1627
f 1579 	1580 	1629
f 1579 	1629 	1628
f 1580 	1581 	1630
f 1580 	1630 	1629
f 1581 	1582 	1631
f 1581 	1631 	1630
f 1582 	1583 	1632
f 1582 	1632 	1631
f 1583 	1584 	1633
f 1583 	1633 	1632
f 1584 	1585 	1634
f 1584 	1634 	1633
f 1585 	1586 	1635
f 1585 	1635 	1634
f 1586 	1587 	1636
f 1586 	1636 	1635
f 1587 	1588 	1637
f 1587 	1637 	1636
f 1588 	1589 	1638
f 1588 	1638 	1637
f 1589 	1590 	1639
f 1589 	1639 	1638
f 1590 	1591 	1640
f 1590 	1640 	1639
f 1591 	1592 	1641
f 1591 	1641 	1640
f 1592 	1593 	1642
f 1592 	1642 	1641
f 1593 	1594 	1643
f 1593 	1643 	1642
f 1594 	1595 	1644
f 1594 	1644 	1643
f 1595 	1596 	1645
f 1595 	1645 	1644
f 1596 	1597 	1646
f 1596 	1646 	1645
f 1597 	1598 	1647
f 1597 	1647 	1646
f 1598 	1599 	1648
f 1598 	1648 	1647
f 1599 	1600 	1649
f 1599 	1649 	1648
f 1600 	1601 	1650
f 1600 	1650 	1649
f 1601 	1554 	1602
f 1601 	1602 	1650
f 1602 	1603 	1603
f 1603 	1605 	1605
f 1605 	1606 	1606
f 1606 	1607 	1607
f 1607 	1608 	1608
f 1608 	1609 	1609
f 1609 	1610 	1610
f 1610 	1611 	1611
f 1611 	1612 	1612
f 1612 	1613 	1613
f 1613 	1614 	1614
f 1614 	1615 	1615
f 1615 	1616 	1616
f 1616 	1617 	1617
f 1617 	1618 	1618
f 1618 	1619 	1619
f 1619 	1620 	1620
f 1620 	1621 	1621
f 1621 	1622 	1622
f 1622 	1623 	1623
f 1623 	1624 	1624
f 1624 	1625 	1625
f 1625 	1626 	1626
f 1626 	1627 	1627
f 1627 	1628 	1628
f 1628 	1629 	1629
f 1629 	1630 	1630
f 1630 	1631 	1631
f 1631 	1632 	1632
f 1632 	1633 	1633
f 1633 	1634 	1634
f 1634 	1635 	1635
f 1635 	1636 	1636
f 1636 	1637 	1637
f 1637 	1638 	1638
f 1638 	1639 	1639
f 1639 	1640 	1640
f 1640 	1641 	1641
f 1641 	1642 	1642
f 1642 	1643 	1643
f 1643 	1644 	1644
f 1644 	1645 	1645
f 1645 	1646 	1646
f 1646 	1647 	1647
f 1647 	1648 	1648
f 1648 	1649 	1649
f 1649 	1650 	1650
f 1650 	1602 	1602
# 288 faces

 #end of obj_11

o obj_12
v 26.1181 		21.3729 		13.8432
v 26.2044 		21.3651 		13.8787
v 26.2332 		21.1316 		13.7949
v 26.1181 		21.1419 		13.7476
v 26.2893 		21.3693 		13.9185
v 26.3464 		21.1372 		13.848
v 26.3712 		21.3855 		13.962
v 26.4556 		21.1587 		13.9058
v 26.4488 		21.4133 		14.0082
v 26.5591 		21.1958 		13.9676
v 26.5208 		21.4522 		14.0566
v 26.655 		21.2477 		14.0321
v 26.5858 		21.5017 		14.1063
v 26.7417 		21.3137 		14.0983
v 26.6428 		21.5608 		14.1563
v 26.8178 		21.3925 		14.165
v 26.6909 		21.6285 		14.2059
v 26.8818 		21.4828 		14.2312
v 26.7292 		21.7038 		14.2543
v 26.9329 		21.5831 		14.2956
v 26.757 		21.7852 		14.3005
v 26.97 		21.6916 		14.3572
v 26.7739 		21.8714 		14.3437
v 26.9925 		21.8066 		14.4149
v 26.7795 		21.9609 		14.3834
v 27 		21.926 		14.4677
v 26.7739 		22.0523 		14.4187
v 26.9925 		22.0478 		14.5148
v 26.757 		22.1438 		14.449
v 26.97 		22.1699 		14.5553
v 26.7292 		22.2341 		14.4739
v 26.9329 		22.2902 		14.5885
v 26.6909 		22.3214 		14.493
v 26.8818 		22.4067 		14.6139
v 26.6428 		22.4044 		14.5058
v 26.8178 		22.5173 		14.631
v 26.5858 		22.4816 		14.5122
v 26.7417 		22.6202 		14.6395
v 26.5208 		22.5517 		14.512
v 26.655 		22.7136 		14.6393
v 26.4488 		22.6134 		14.5054
v 26.5591 		22.796 		14.6304
v 26.3712 		22.6658 		14.4923
v 26.4556 		22.8658 		14.613
v 26.2893 		22.7079 		14.473
v 26.3464 		22.922 		14.5872
v 26.2044 		22.7391 		14.4478
v 26.2332 		22.9635 		14.5537
v 26.1181 		22.7587 		14.4173
v 26.1181 		22.9897 		14.5129
v 26.0318 		22.7664 		14.3818
v 26.003 		23 		14.4656
v 25.9469 		22.7622 		14.342
v 25.8899 		22.9944 		14.4126
v 25.865 		22.7461 		14.2986
v 25.7806 		22.9728 		14.3547
v 25.7874 		22.7183 		14.2523
v 25.6772 		22.9358 		14.2929
v 25.7155 		22.6793 		14.2039
v 25.5813 		22.8838 		14.2284
v 25.6504 		22.6299 		14.1542
v 25.4945 		22.8179 		14.1622
v 25.5934 		22.5708 		14.1042
v 25.4185 		22.7391 		14.0955
v 25.5453 		22.503 		14.0546
v 25.3544 		22.6488 		14.0293
v 25.507 		22.4278 		14.0062
v 25.3034 		22.5485 		13.9649
v 25.4792 		22.3464 		13.9601
v 25.2663 		22.4399 		13.9033
v 25.4624 		22.2602 		13.9168
v 25.2438 		22.325 		13.8456
v 25.4567 		22.1706 		13.8771
v 25.2362 		22.2056 		13.7928
v 25.4624 		22.0793 		13.8418
v 25.2438 		22.0838 		13.7457
v 25.4792 		21.9877 		13.8115
v 25.2663 		21.9617 		13.7052
v 25.507 		21.8975 		13.7866
v 25.3034 		21.8414 		13.672
v 25.5453 		21.8101 		13.7675
v 25.3544 		21.7249 		13.6466
v 25.5934 		21.7271 		13.7547
v 25.4185 		21.6143 		13.6295
v 25.6504 		21.65 		13.7483
v 25.4945 		21.5113 		13.621
v 25.7155 		21.5799 		13.7485
v 25.5813 		21.4179 		13.6212
v 25.7874 		21.5181 		13.7551
v 25.6772 		21.3356 		13.6301
v 25.865 		21.4657 		13.7682
v 25.7806 		21.2657 		13.6476
v 25.9469 		21.4236 		13.7875
v 25.8899 		21.2096 		13.6733
v 26.0318 		21.3925 		13.8127
v 26.003 		21.168 		13.7068
v 25.8955 		21.1672 		14.3397
v 25.9819 		21.1595 		14.3752
v 26.0667 		21.1637 		14.415
v 26.1487 		21.1799 		14.4584
v 26.2263 		21.2077 		14.5047
v 26.2982 		21.2466 		14.5531
v 26.3632 		21.2961 		14.6027
v 26.4203 		21.3552 		14.6528
v 26.4683 		21.4229 		14.7024
v 26.5066 		21.4981 		14.7507
v 26.5344 		21.5795 		14.7969
v 26.5513 		21.6658 		14.8402
v 26.557 		21.7553 		14.8798
v 26.5513 		21.8466 		14.9151
v 26.5344 		21.9382 		14.9455
v 26.5066 		22.0285 		14.9704
v 26.4683 		22.1158 		14.9894
v 26.4203 		22.1988 		15.0022
v 26.3632 		22.276 		15.0086
v 26.2982 		22.346 		15.0085
v 26.2263 		22.4078 		15.0018
v 26.1487 		22.4602 		14.9887
v 26.0667 		22.5023 		14.9694
v 25.9819 		22.5334 		14.9443
v 25.8955 		22.5531 		14.9137
v 25.8092 		22.5608 		14.8782
v 25.7244 		22.5566 		14.8384
v 25.6424 		22.5404 		14.795
v 25.5648 		22.5126 		14.7487
v 25.4929 		22.4737 		14.7003
v 25.4279 		22.4242 		14.6507
v 25.3708 		22.3651 		14.6006
v 25.3227 		22.2974 		14.551
v 25.2845 		22.2222 		14.5027
v 25.2567 		22.1408 		14.4565
v 25.2398 		22.0545 		14.4132
v 25.2341 		21.965 		14.3736
v 25.2398 		21.8737 		14.3383
v 25.2567 		21.7821 		14.3079
v 25.2845 		21.6918 		14.283
v 25.3227 		21.6045 		14.264
v 25.3708 		21.5215 		14.2512
v 25.4279 		21.4443 		14.2448
v 25.4929 		21.3743 		14.2449
v 25.5648 		21.3125 		14.2516
v 25.6424 		21.2601 		14.2647
v 25.7244 		21.218 		14.2839
v 25.8092 		21.1869 		14.3091
v 25.8955 		20.9363 		14.244
v 26.0107 		20.9259 		14.2913
v 26.1238 		20.9316 		14.3444
v 26.233 		20.9531 		14.4023
v 26.3365 		20.9902 		14.464
v 26.4324 		21.0421 		14.5285
v 26.5191 		21.108 		14.5947
v 26.5952 		21.1868 		14.6615
v 26.6593 		21.2771 		14.7276
v 26.7103 		21.3774 		14.792
v 26.7474 		21.486 		14.8536
v 26.7699 		21.601 		14.9113
v 26.7774 		21.7204 		14.9642
v 26.7699 		21.8421 		15.0112
v 26.7474 		21.9642 		15.0517
v 26.7103 		22.0846 		15.0849
v 26.6593 		22.201 		15.1103
v 26.5952 		22.3117 		15.1274
v 26.5191 		22.4146 		15.1359
v 26.4324 		22.508 		15.1357
v 26.3365 		22.5904 		15.1268
v 26.233 		22.6602 		15.1094
v 26.1238 		22.7164 		15.0837
v 26.0107 		22.7579 		15.0501
v 25.8955 		22.784 		15.0094
v 25.7804 		22.7944 		14.962
v 25.6673 		22.7887 		14.909
v 25.5581 		22.7672 		14.8511
v 25.4546 		22.7301 		14.7894
v 25.3587 		22.6782 		14.7248
v 25.272 		22.6123 		14.6586
v 25.1959 		22.5335 		14.5919
v 25.1318 		22.4432 		14.5258
v 25.0808 		22.3429 		14.4613
v 25.0437 		22.2343 		14.3997
v 25.0212 		22.1193 		14.342
v 25.0137 		21.9999 		14.2892
v 25.0212 		21.8782 		14.2421
v 25.0437 		21.7561 		14.2017
v 25.0808 		21.6357 		14.1684
v 25.1318 		21.5193 		14.1431
v 25.1959 		21.4086 		14.126
v 25.272 		21.3057 		14.1175
v 25.3587 		21.2123 		14.1176
v 25.4546 		21.1299 		14.1265
v 25.5581 		21.0601 		14.144
v 25.6673 		21.0039 		14.1697
v 25.7804 		20.9624 		14.2032
# 192 vertices

g group_12_10988977

usemtl color_10988977
s 0

f 1651 	1652 	1653
f 1651 	1653 	1654
f 1652 	1655 	1656
f 1652 	1656 	1653
f 1655 	1657 	1658
f 1655 	1658 	1656
f 1657 	1659 	1660
f 1657 	1660 	1658
f 1659 	1661 	1662
f 1659 	1662 	1660
f 1661 	1663 	1664
f 1661 	1664 	1662
f 1663 	1665 	1666
f 1663 	1666 	1664
f 1665 	1667 	1668
f 1665 	1668 	1666
f 1667 	1669 	1670
f 1667 	1670 	1668
f 1669 	1671 	1672
f 1669 	1672 	1670
f 1671 	1673 	1674
f 1671 	1674 	1672
f 1673 	1675 	1676
f 1673 	1676 	1674
f 1675 	1677 	1678
f 1675 	1678 	1676
f 1677 	1679 	1680
f 1677 	1680 	1678
f 1679 	1681 	1682
f 1679 	1682 	1680
f 1681 	1683 	1684
f 1681 	1684 	1682
f 1683 	1685 	1686
f 1683 	1686 	1684
f 1685 	1687 	1688
f 1685 	1688 	1686
f 1687 	1689 	1690
f 1687 	1690 	1688
f 1689 	1691 	1692
f 1689 	1692 	1690
f 1691 	1693 	1694
f 1691 	1694 	1692
f 1693 	1695 	1696
f 1693 	1696 	1694
f 1695 	1697 	1698
f 1695 	1698 	1696
f 1697 	1699 	1700
f 1697 	1700 	1698
f 1699 	1701 	1702
f 1699 	1702 	1700
f 1701 	1703 	1704
f 1701 	1704 	1702
f 1703 	1705 	1706
f 1703 	1706 	1704
f 1705 	1707 	1708
f 1705 	1708 	1706
f 1707 	1709 	1710
f 1707 	1710 	1708
f 1709 	1711 	1712
f 1709 	1712 	1710
f 1711 	1713 	1714
f 1711 	1714 	1712
f 1713 	1715 	1716
f 1713 	1716 	1714
f 1715 	1717 	1718
f 1715 	1718 	1716
f 1717 	1719 	1720
f 1717 	1720 	1718
f 1719 	1721 	1722
f 1719 	1722 	1720
f 1721 	1723 	1724
f 1721 	1724 	1722
f 1723 	1725 	1726
f 1723 	1726 	1724
f 1725 	1727 	1728
f 1725 	1728 	1726
f 1727 	1729 	1730
f 1727 	1730 	1728
f 1729 	1731 	1732
f 1729 	1732 	1730
f 1731 	1733 	1734
f 1731 	1734 	1732
f 1733 	1735 	1736
f 1733 	1736 	1734
f 1735 	1737 	1738
f 1735 	1738 	1736
f 1737 	1739 	1740
f 1737 	1740 	1738
f 1739 	1741 	1742
f 1739 	1742 	1740
f 1741 	1743 	1744
f 1741 	1744 	1742
f 1743 	1745 	1746
f 1743 	1746 	1744
f 1745 	1651 	1654
f 1745 	1654 	1746
f 1747 	1748 	1652
f 1747 	1652 	1651
f 1748 	1749 	1655
f 1748 	1655 	1652
f 1749 	1750 	1657
f 1749 	1657 	1655
f 1750 	1751 	1659
f 1750 	1659 	1657
f 1751 	1752 	1661
f 1751 	1661 	1659
f 1752 	1753 	1663
f 1752 	1663 	1661
f 1753 	1754 	1665
f 1753 	1665 	1663
f 1754 	1755 	1667
f 1754 	1667 	1665
f 1755 	1756 	1669
f 1755 	1669 	1667
f 1756 	1757 	1671
f 1756 	1671 	1669
f 1757 	1758 	1673
f 1757 	1673 	1671
f 1758 	1759 	1675
f 1758 	1675 	1673
f 1759 	1760 	1677
f 1759 	1677 	1675
f 1760 	1761 	1679
f 1760 	1679 	1677
f 1761 	1762 	1681
f 1761 	1681 	1679
f 1762 	1763 	1683
f 1762 	1683 	1681
f 1763 	1764 	1685
f 1763 	1685 	1683
f 1764 	1765 	1687
f 1764 	1687 	1685
f 1765 	1766 	1689
f 1765 	1689 	1687
f 1766 	1767 	1691
f 1766 	1691 	1689
f 1767 	1768 	1693
f 1767 	1693 	1691
f 1768 	1769 	1695
f 1768 	1695 	1693
f 1769 	1770 	1697
f 1769 	1697 	1695
f 1770 	1771 	1699
f 1770 	1699 	1697
f 1771 	1772 	1701
f 1771 	1701 	1699
f 1772 	1773 	1703
f 1772 	1703 	1701
f 1773 	1774 	1705
f 1773 	1705 	1703
f 1774 	1775 	1707
f 1774 	1707 	1705
f 1775 	1776 	1709
f 1775 	1709 	1707
f 1776 	1777 	1711
f 1776 	1711 	1709
f 1777 	1778 	1713
f 1777 	1713 	1711
f 1778 	1779 	1715
f 1778 	1715 	1713
f 1779 	1780 	1717
f 1779 	1717 	1715
f 1780 	1781 	1719
f 1780 	1719 	1717
f 1781 	1782 	1721
f 1781 	1721 	1719
f 1782 	1783 	1723
f 1782 	1723 	1721
f 1783 	1784 	1725
f 1783 	1725 	1723
f 1784 	1785 	1727
f 1784 	1727 	1725
f 1785 	1786 	1729
f 1785 	1729 	1727
f 1786 	1787 	1731
f 1786 	1731 	1729
f 1787 	1788 	1733
f 1787 	1733 	1731
f 1788 	1789 	1735
f 1788 	1735 	1733
f 1789 	1790 	1737
f 1789 	1737 	1735
f 1790 	1791 	1739
f 1790 	1739 	1737
f 1791 	1792 	1741
f 1791 	1741 	1739
f 1792 	1793 	1743
f 1792 	1743 	1741
f 1793 	1794 	1745
f 1793 	1745 	1743
f 1794 	1747 	1651
f 1794 	1651 	1745
f 1795 	1796 	1748
f 1795 	1748 	1747
f 1796 	1797 	1749
f 1796 	1749 	1748
f 1797 	1798 	1750
f 1797 	1750 	1749
f 1798 	1799 	1751
f 1798 	1751 	1750
f 1799 	1800 	1752
f 1799 	1752 	1751
f 1800 	1801 	1753
f 1800 	1753 	1752
f 1801 	1802 	1754
f 1801 	1754 	1753
f 1802 	1803 	1755
f 1802 	1755 	1754
f 1803 	1804 	1756
f 1803 	1756 	1755
f 1804 	1805 	1757
f 1804 	1757 	1756
f 1805 	1806 	1758
f 1805 	1758 	1757
f 1806 	1807 	1759
f 1806 	1759 	1758
f 1807 	1808 	1760
f 1807 	1760 	1759
f 1808 	1809 	1761
f 1808 	1761 	1760
f 1809 	1810 	1762
f 1809 	1762 	1761
f 1810 	1811 	1763
f 1810 	1763 	1762
f 1811 	1812 	1764
f 1811 	1764 	1763
f 1812 	1813 	1765
f 1812 	1765 	1764
f 1813 	1814 	1766
f 1813 	1766 	1765
f 1814 	1815 	1767
f 1814 	1767 	1766
f 1815 	1816 	1768
f 1815 	1768 	1767
f 1816 	1817 	1769
f 1816 	1769 	1768
f 1817 	1818 	1770
f 1817 	1770 	1769
f 1818 	1819 	1771
f 1818 	1771 	1770
f 1819 	1820 	1772
f 1819 	1772 	1771
f 1820 	1821 	1773
f 1820 	1773 	1772
f 1821 	1822 	1774
f 1821 	1774 	1773
f 1822 	1823 	1775
f 1822 	1775 	1774
f 1823 	1824 	1776
f 1823 	1776 	1775
f 1824 	1825 	1777
f 1824 	1777 	1776
f 1825 	1826 	1778
f 1825 	1778 	1777
f 1826 	1827 	1779
f 1826 	1779 	1778
f 1827 	1828 	1780
f 1827 	1780 	1779
f 1828 	1829 	1781
f 1828 	1781 	1780
f 1829 	1830 	1782
f 1829 	1782 	1781
f 1830 	1831 	1783
f 1830 	1783 	1782
f 1831 	1832 	1784
f 1831 	1784 	1783
f 1832 	1833 	1785
f 1832 	1785 	1784
f 1833 	1834 	1786
f 1833 	1786 	1785
f 1834 	1835 	1787
f 1834 	1787 	1786
f 1835 	1836 	1788
f 1835 	1788 	1787
f 1836 	1837 	1789
f 1836 	1789 	1788
f 1837 	1838 	1790
f 1837 	1790 	1789
f 1838 	1839 	1791
f 1838 	1791 	1790
f 1839 	1840 	1792
f 1839 	1792 	1791
f 1840 	1841 	1793
f 1840 	1793 	1792
f 1841 	1842 	1794
f 1841 	1794 	1793
f 1842 	1795 	1747
f 1842 	1747 	1794
f 1654 	1653 	1653
f 1653 	1656 	1656
f 1656 	1658 	1658
f 1658 	1660 	1660
f 1660 	1662 	1662
f 1662 	1664 	1664
f 1664 	1666 	1666
f 1666 	1668 	1668
f 1668 	1670 	1670
f 1670 	1672 	1672
f 1672 	1674 	1674
f 1674 	1676 	1676
f 1676 	1678 	1678
f 1678 	1680 	1680
f 1680 	1682 	1682
f 1682 	1684 	1684
f 1684 	1686 	1686
f 1686 	1688 	1688
f 1688 	1690 	1690
f 1690 	1692 	1692
f 1692 	1694 	1694
f 1694 	1696 	1696
f 1696 	1698 	1698
f 1698 	1700 	1700
f 1700 	1702 	1702
f 1702 	1704 	1704
f 1704 	1706 	1706
f 1706 	1708 	1708
f 1708 	1710 	1710
f 1710 	1712 	1712
f 1712 	1714 	1714
f 1714 	1716 	1716
f 1716 	1718 	1718
f 1718 	1720 	1720
f 1720 	1722 	1722
f 1722 	1724 	1724
f 1724 	1726 	1726
f 1726 	1728 	1728
f 1728 	1730 	1730
f 1730 	1732 	1732
f 1732 	1734 	1734
f 1734 	1736 	1736
f 1736 	1738 	1738
f 1738 	1740 	1740
f 1740 	1742 	1742
f 1742 	1744 	1744
f 1744 	1746 	1746
f 1746 	1654 	1654
f 1654 	1653 	1796
f 1654 	1796 	1795
f 1653 	1656 	1797
f 1653 	1797 	1796
f 1656 	1658 	1798
f 1656 	1798 	1797
f 1658 	1660 	1799
f 1658 	1799 	1798
f 1660 	1662 	1800
f 1660 	1800 	1799
f 1662 	1664 	1801
f 1662 	1801 	1800
f 1664 	1666 	1802
f 1664 	1802 	1801
f 1666 	1668 	1803
f 1666 	1803 	1802
f 1668 	1670 	1804
f 1668 	1804 	1803
f 1670 	1672 	1805
f 1670 	1805 	1804
f 1672 	1674 	1806
f 1672 	1806 	1805
f 1674 	1676 	1807
f 1674 	1807 	1806
f 1676 	1678 	1808
f 1676 	1808 	1807
f 1678 	1680 	1809
f 1678 	1809 	1808
f 1680 	1682 	1810
f 1680 	1810 	1809
f 1682 	1684 	1811
f 1682 	1811 	1810
f 1684 	1686 	1812
f 1684 	1812 	1811
f 1686 	1688 	1813
f 1686 	1813 	1812
f 1688 	1690 	1814
f 1688 	1814 	1813
f 1690 	1692 	1815
f 1690 	1815 	1814
f 1692 	1694 	1816
f 1692 	1816 	1815
f 1694 	1696 	1817
f 1694 	1817 	1816
f 1696 	1698 	1818
f 1696 	1818 	1817
f 1698 	1700 	1819
f 1698 	1819 	1818
f 1700 	1702 	1820
f 1700 	1820 	1819
f 1702 	1704 	1821
f 1702 	1821 	1820
f 1704 	1706 	1822
f 1704 	1822 	1821
f 1706 	1708 	1823
f 1706 	1823 	1822
f 1708 	1710 	1824
f 1708 	1824 	1823
f 1710 	1712 	1825
f 1710 	1825 	1824
f 1712 	1714 	1826
f 1712 	1826 	1825
f 1714 	1716 	1827
f 1714 	1827 	1826
f 1716 	1718 	1828
f 1716 	1828 	1827
f 1718 	1720 	1829
f 1718 	1829 	1828
f 1720 	1722 	1830
f 1720 	1830 	1829
f 1722 	1724 	1831
f 1722 	1831 	1830
f 1724 	1726 	1832
f 1724 	1832 	1831
f 1726 	1728 	1833
f 1726 	1833 	1832
f 1728 	1730 	1834
f 1728 	1834 	1833
f 1730 	1732 	1835
f 1730 	1835 	1834
f 1732 	1734 	1836
f 1732 	1836 	1835
f 1734 	1736 	1837
f 1734 	1837 	1836
f 1736 	1738 	1838
f 1736 	1838 	1837
f 1738 	1740 	1839
f 1738 	1839 	1838
f 1740 	1742 	1840
f 1740 	1840 	1839
f 1742 	1744 	1841
f 1742 	1841 	1840
f 1744 	1746 	1842
f 1744 	1842 	1841
f 1746 	1654 	1795
f 1746 	1795 	1842
f 1795 	1796 	1796
f 1796 	1797 	1797
f 1797 	1798 	1798
f 1798 	1799 	1799
f 1799 	1800 	1800
f 1800 	1801 	1801
f 1801 	1802 	1802
f 1802 	1803 	1803
f 1803 	1804 	1804
f 1804 	1805 	1805
f 1805 	1806 	1806
f 1806 	1807 	1807
f 1807 	1808 	1808
f 1808 	1809 	1809
f 1809 	1810 	1810
f 1810 	1811 	1811
f 1811 	1812 	1812
f 1812 	1813 	1813
f 1813 	1814 	1814
f 1814 	1815 	1815
f 1815 	1816 	1816
f 1816 	1817 	1817
f 1817 	1818 	1818
f 1818 	1819 	1819
f 1819 	1820 	1820
f 1820 	1821 	1821
f 1821 	1822 	1822
f 1822 	1823 	1823
f 1823 	1824 	1824
f 1824 	1825 	1825
f 1825 	1826 	1826
f 1826 	1827 	1827
f 1827 	1828 	1828
f 1828 	1829 	1829
f 1829 	1830 	1830
f 1830 	1831 	1831
f 1831 	1832 	1832
f 1832 	1833 	1833
f 1833 	1834 	1834
f 1834 	1835 	1835
f 1835 	1836 	1836
f 1836 	1837 	1837
f 1837 	1838 	1838
f 1838 	1839 	1839
f 1839 	1840 	1840
f 1840 	1841 	1841
f 1841 	1842 	1842
f 1842 	1795 	1795
# 480 faces

 #end of obj_12

o obj_13
v 26.1824 		21.2927 		13.924
v 26.0903 		21.301 		13.8862
v 26.0903 		22.0401 		14.1923
v 26.2729 		21.2972 		13.9665
v 26.3603 		21.3144 		14.0128
v 26.443 		21.3441 		14.0622
v 26.5198 		21.3856 		14.1138
v 26.5892 		21.4384 		14.1667
v 26.65 		21.5014 		14.2201
v 26.7013 		21.5737 		14.273
v 26.7421 		21.6539 		14.3246
v 26.7718 		21.7408 		14.3739
v 26.7898 		21.8327 		14.42
v 26.7958 		21.9282 		14.4623
v 26.7898 		22.0257 		14.4999
v 26.7718 		22.1233 		14.5323
v 26.7421 		22.2196 		14.5589
v 26.7013 		22.3128 		14.5792
v 26.65 		22.4013 		14.5929
v 26.5892 		22.4836 		14.5997
v 26.5198 		22.5584 		14.5995
v 26.443 		22.6242 		14.5924
v 26.3603 		22.6801 		14.5785
v 26.2729 		22.725 		14.5579
v 26.1824 		22.7583 		14.5311
v 26.0903 		22.7792 		14.4985
v 25.9982 		22.7875 		14.4606
v 25.9077 		22.7829 		14.4181
v 25.8203 		22.7657 		14.3718
v 25.7375 		22.7361 		14.3224
v 25.6608 		22.6945 		14.2708
v 25.5914 		22.6418 		14.2179
v 25.5306 		22.5787 		14.1645
v 25.4793 		22.5065 		14.1116
v 25.4385 		22.4262 		14.06
v 25.4088 		22.3394 		14.0108
v 25.3908 		22.2474 		13.9646
v 25.3848 		22.1519 		13.9223
v 25.3908 		22.0545 		13.8847
v 25.4088 		21.9568 		13.8523
v 25.4385 		21.8606 		13.8257
v 25.4793 		21.7674 		13.8054
v 25.5306 		21.6789 		13.7917
v 25.5914 		21.5965 		13.7849
v 25.6608 		21.5218 		13.7851
v 25.7375 		21.4559 		13.7922
v 25.8203 		21.4 		13.8061
v 25.9077 		21.3551 		13.8267
v 25.9982 		21.3219 		13.8535
v 25.2557 		20.5299 		15.7478
v 25.3477 		20.5216 		15.7856
v 25.2557 		21.269 		16.0539
v 25.4383 		20.5261 		15.8281
v 25.5256 		20.5433 		15.8744
v 25.6084 		20.573 		15.9238
v 25.6851 		20.6145 		15.9754
v 25.7545 		20.6673 		16.0284
v 25.8154 		20.7303 		16.0818
v 25.8666 		20.8026 		16.1347
v 25.9075 		20.8828 		16.1862
v 25.9371 		20.9697 		16.2355
v 25.9551 		21.0616 		16.2816
v 25.9612 		21.1571 		16.3239
v 25.9551 		21.2546 		16.3616
v 25.9371 		21.3522 		16.394
v 25.9075 		21.4485 		16.4205
v 25.8666 		21.5417 		16.4408
v 25.8154 		21.6302 		16.4545
v 25.7545 		21.7125 		16.4613
v 25.6851 		21.7873 		16.4612
v 25.6084 		21.8531 		16.4541
v 25.5256 		21.909 		16.4401
v 25.4383 		21.9539 		16.4195
v 25.3477 		21.9871 		16.3927
v 25.2557 		22.0081 		16.3601
v 25.1636 		22.0163 		16.3222
v 25.0731 		22.0118 		16.2798
v 24.9857 		21.9946 		16.2335
v 24.9029 		21.965 		16.1841
v 24.8262 		21.9234 		16.1325
v 24.7568 		21.8707 		16.0795
v 24.6959 		21.8076 		16.0261
v 24.6447 		21.7354 		15.9732
v 24.6038 		21.6551 		15.9217
v 24.5742 		21.5683 		15.8724
v 24.5562 		21.4763 		15.8262
v 24.5501 		21.3808 		15.7839
v 24.5562 		21.2834 		15.7463
v 24.5742 		21.1857 		15.7139
v 24.6038 		21.0894 		15.6873
v 24.6447 		20.9963 		15.667
v 24.6959 		20.9078 		15.6534
v 24.7568 		20.8254 		15.6465
v 24.8262 		20.7507 		15.6467
v 24.9029 		20.6848 		15.6538
v 24.9857 		20.6289 		15.6678
v 25.0731 		20.584 		15.6883
v 25.1636 		20.5508 		15.7152
# 98 vertices

g group_13_14541540

usemtl color_14541540
s 0

f 1843 	1844 	1845
f 1846 	1843 	1845
f 1847 	1846 	1845
f 1848 	1847 	1845
f 1849 	1848 	1845
f 1850 	1849 	1845
f 1851 	1850 	1845
f 1852 	1851 	1845
f 1853 	1852 	1845
f 1854 	1853 	1845
f 1855 	1854 	1845
f 1856 	1855 	1845
f 1857 	1856 	1845
f 1858 	1857 	1845
f 1859 	1858 	1845
f 1860 	1859 	1845
f 1861 	1860 	1845
f 1862 	1861 	1845
f 1863 	1862 	1845
f 1864 	1863 	1845
f 1865 	1864 	1845
f 1866 	1865 	1845
f 1867 	1866 	1845
f 1868 	1867 	1845
f 1869 	1868 	1845
f 1870 	1869 	1845
f 1871 	1870 	1845
f 1872 	1871 	1845
f 1873 	1872 	1845
f 1874 	1873 	1845
f 1875 	1874 	1845
f 1876 	1875 	1845
f 1877 	1876 	1845
f 1878 	1877 	1845
f 1879 	1878 	1845
f 1880 	1879 	1845
f 1881 	1880 	1845
f 1882 	1881 	1845
f 1883 	1882 	1845
f 1884 	1883 	1845
f 1885 	1884 	1845
f 1886 	1885 	1845
f 1887 	1886 	1845
f 1888 	1887 	1845
f 1889 	1888 	1845
f 1890 	1889 	1845
f 1891 	1890 	1845
f 1844 	1891 	1845
f 1892 	1893 	1894
f 1893 	1895 	1894
f 1895 	1896 	1894
f 1896 	1897 	1894
f 1897 	1898 	1894
f 1898 	1899 	1894
f 1899 	1900 	1894
f 1900 	1901 	1894
f 1901 	1902 	1894
f 1902 	1903 	1894
f 1903 	1904 	1894
f 1904 	1905 	1894
f 1905 	1906 	1894
f 1906 	1907 	1894
f 1907 	1908 	1894
f 1908 	1909 	1894
f 1909 	1910 	1894
f 1910 	1911 	1894
f 1911 	1912 	1894
f 1912 	1913 	1894
f 1913 	1914 	1894
f 1914 	1915 	1894
f 1915 	1916 	1894
f 1916 	1917 	1894
f 1917 	1918 	1894
f 1918 	1919 	1894
f 1919 	1920 	1894
f 1920 	1921 	1894
f 1921 	1922 	1894
f 1922 	1923 	1894
f 1923 	1924 	1894
f 1924 	1925 	1894
f 1925 	1926 	1894
f 1926 	1927 	1894
f 1927 	1928 	1894
f 1928 	1929 	1894
f 1929 	1930 	1894
f 1930 	1931 	1894
f 1931 	1932 	1894
f 1932 	1933 	1894
f 1933 	1934 	1894
f 1934 	1935 	1894
f 1935 	1936 	1894
f 1936 	1937 	1894
f 1937 	1938 	1894
f 1938 	1939 	1894
f 1939 	1940 	1894
f 1940 	1892 	1894
f 1844 	1843 	1843
f 1843 	1846 	1846
f 1846 	1847 	1847
f 1847 	1848 	1848
f 1848 	1849 	1849
f 1849 	1850 	1850
f 1850 	1851 	1851
f 1851 	1852 	1852
f 1852 	1853 	1853
f 1853 	1854 	1854
f 1854 	1855 	1855
f 1855 	1856 	1856
f 1856 	1857 	1857
f 1857 	1858 	1858
f 1858 	1859 	1859
f 1859 	1860 	1860
f 1860 	1861 	1861
f 1861 	1862 	1862
f 1862 	1863 	1863
f 1863 	1864 	1864
f 1864 	1865 	1865
f 1865 	1866 	1866
f 1866 	1867 	1867
f 1867 	1868 	1868
f 1868 	1869 	1869
f 1869 	1870 	1870
f 1870 	1871 	1871
f 1871 	1872 	1872
f 1872 	1873 	1873
f 1873 	1874 	1874
f 1874 	1875 	1875
f 1875 	1876 	1876
f 1876 	1877 	1877
f 1877 	1878 	1878
f 1878 	1879 	1879
f 1879 	1880 	1880
f 1880 	1881 	1881
f 1881 	1882 	1882
f 1882 	1883 	1883
f 1883 	1884 	1884
f 1884 	1885 	1885
f 1885 	1886 	1886
f 1886 	1887 	1887
f 1887 	1888 	1888
f 1888 	1889 	1889
f 1889 	1890 	1890
f 1890 	1891 	1891
f 1891 	1844 	1844
f 1844 	1843 	1893
f 1844 	1893 	1892
f 1843 	1846 	1895
f 1843 	1895 	1893
f 1846 	1847 	1896
f 1846 	1896 	1895
f 1847 	1848 	1897
f 1847 	1897 	1896
f 1848 	1849 	1898
f 1848 	1898 	1897
f 1849 	1850 	1899
f 1849 	1899 	1898
f 1850 	1851 	1900
f 1850 	1900 	1899
f 1851 	1852 	1901
f 1851 	1901 	1900
f 1852 	1853 	1902
f 1852 	1902 	1901
f 1853 	1854 	1903
f 1853 	1903 	1902
f 1854 	1855 	1904
f 1854 	1904 	1903
f 1855 	1856 	1905
f 1855 	1905 	1904
f 1856 	1857 	1906
f 1856 	1906 	1905
f 1857 	1858 	1907
f 1857 	1907 	1906
f 1858 	1859 	1908
f 1858 	1908 	1907
f 1859 	1860 	1909
f 1859 	1909 	1908
f 1860 	1861 	1910
f 1860 	1910 	1909
f 1861 	1862 	1911
f 1861 	1911 	1910
f 1862 	1863 	1912
f 1862 	1912 	1911
f 1863 	1864 	1913
f 1863 	1913 	1912
f 1864 	1865 	1914
f 1864 	1914 	1913
f 1865 	1866 	1915
f 1865 	1915 	1914
f 1866 	1867 	1916
f 1866 	1916 	1915
f 1867 	1868 	1917
f 1867 	1917 	1916
f 1868 	1869 	1918
f 1868 	1918 	1917
f 1869 	1870 	1919
f 1869 	1919 	1918
f 1870 	1871 	1920
f 1870 	1920 	1919
f 1871 	1872 	1921
f 1871 	1921 	1920
f 1872 	1873 	1922
f 1872 	1922 	1921
f 1873 	1874 	1923
f 1873 	1923 	1922
f 1874 	1875 	1924
f 1874 	1924 	1923
f 1875 	1876 	1925
f 1875 	1925 	1924
f 1876 	1877 	1926
f 1876 	1926 	1925
f 1877 	1878 	1927
f 1877 	1927 	1926
f 1878 	1879 	1928
f 1878 	1928 	1927
f 1879 	1880 	1929
f 1879 	1929 	1928
f 1880 	1881 	1930
f 1880 	1930 	1929
f 1881 	1882 	1931
f 1881 	1931 	1930
f 1882 	1883 	1932
f 1882 	1932 	1931
f 1883 	1884 	1933
f 1883 	1933 	1932
f 1884 	1885 	1934
f 1884 	1934 	1933
f 1885 	1886 	1935
f 1885 	1935 	1934
f 1886 	1887 	1936
f 1886 	1936 	1935
f 1887 	1888 	1937
f 1887 	1937 	1936
f 1888 	1889 	1938
f 1888 	1938 	1937
f 1889 	1890 	1939
f 1889 	1939 	1938
f 1890 	1891 	1940
f 1890 	1940 	1939
f 1891 	1844 	1892
f 1891 	1892 	1940
f 1892 	1893 	1893
f 1893 	1895 	1895
f 1895 	1896 	1896
f 1896 	1897 	1897
f 1897 	1898 	1898
f 1898 	1899 	1899
f 1899 	1900 	1900
f 1900 	1901 	1901
f 1901 	1902 	1902
f 1902 	1903 	1903
f 1903 	1904 	1904
f 1904 	1905 	1905
f 1905 	1906 	1906
f 1906 	1907 	1907
f 1907 	1908 	1908
f 1908 	1909 	1909
f 1909 	1910 	1910
f 1910 	1911 	1911
f 1911 	1912 	1912
f 1912 	1913 	1913
f 1913 	1914 	1914
f 1914 	1915 	1915
f 1915 	1916 	1916
f 1916 	1917 	1917
f 1917 	1918 	1918
f 1918 	1919 	1919
f 1919 	1920 	1920
f 1920 	1921 	1921
f 1921 	1922 	1922
f 1922 	1923 	1923
f 1923 	1924 	1924
f 1924 	1925 	1925
f 1925 	1926 	1926
f 1926 	1927 	1927
f 1927 	1928 	1928
f 1928 	1929 	1929
f 1929 	1930 	1930
f 1930 	1931 	1931
f 1931 	1932 	1932
f 1932 	1933 	1933
f 1933 	1934 	1934
f 1934 	1935 	1935
f 1935 	1936 	1936
f 1936 	1937 	1937
f 1937 	1938 	1938
f 1938 	1939 	1939
f 1939 	1940 	1940
f 1940 	1892 	1892
# 288 faces

 #end of obj_13

o obj_14
v 25.0882 		21.5891 		16.8355
v 25.0192 		21.6048 		16.811
v 25.0192 		21.0505 		16.5814
v 25.1561 		21.5642 		16.8556
v 25.2217 		21.5305 		16.871
v 25.2837 		21.4886 		16.8815
v 25.3413 		21.4392 		16.8868
v 25.3933 		21.3831 		16.8869
v 25.439 		21.3214 		16.8818
v 25.4774 		21.255 		16.8716
v 25.508 		21.1851 		16.8563
v 25.5303 		21.1129 		16.8364
v 25.5438 		21.0397 		16.8121
v 25.5483 		20.9666 		16.7839
v 25.5438 		20.895 		16.7522
v 25.5303 		20.826 		16.7176
v 25.508 		20.7609 		16.6806
v 25.4774 		20.7007 		16.6419
v 25.439 		20.6465 		16.6023
v 25.3933 		20.5992 		16.5622
v 25.3413 		20.5596 		16.5225
v 25.2837 		20.5285 		16.4838
v 25.2217 		20.5063 		16.4467
v 25.1561 		20.4933 		16.412
v 25.0882 		20.49 		16.3802
v 25.0192 		20.4962 		16.3518
v 24.9501 		20.5118 		16.3273
v 24.8822 		20.5368 		16.3072
v 24.8167 		20.5704 		16.2918
v 24.7546 		20.6124 		16.2813
v 24.6971 		20.6618 		16.276
v 24.645 		20.7178 		16.2758
v 24.5994 		20.7796 		16.281
v 24.5609 		20.846 		16.2912
v 24.5303 		20.9158 		16.3064
v 24.5081 		20.988 		16.3264
v 24.4946 		21.0613 		16.3507
v 24.49 		21.1344 		16.3789
v 24.4946 		21.206 		16.4106
v 24.5081 		21.275 		16.4452
v 24.5303 		21.3401 		16.4822
v 24.5609 		21.4003 		16.5208
v 24.5994 		21.4545 		16.5605
v 24.645 		21.5018 		16.6006
v 24.6971 		21.5413 		16.6403
v 24.7546 		21.5725 		16.679
v 24.8167 		21.5947 		16.716
v 24.8822 		21.6076 		16.7508
v 24.9501 		21.611 		16.7826
v 26.1974 		22.6934 		14.183
v 26.2665 		22.6777 		14.2075
v 26.1974 		22.139 		13.9534
v 26.3344 		22.6528 		14.2276
v 26.3999 		22.6191 		14.243
v 26.462 		22.5772 		14.2535
v 26.5195 		22.5278 		14.2588
v 26.5716 		22.4717 		14.2589
v 26.6172 		22.4099 		14.2538
v 26.6556 		22.3436 		14.2436
v 26.6863 		22.2737 		14.2283
v 26.7085 		22.2015 		14.2084
v 26.722 		22.1282 		14.1841
v 26.7265 		22.0552 		14.1559
v 26.722 		21.9835 		14.1242
v 26.7085 		21.9145 		14.0896
v 26.6863 		21.8494 		14.0526
v 26.6556 		21.7892 		14.014
v 26.6172 		21.735 		13.9743
v 26.5716 		21.6878 		13.9342
v 26.5195 		21.6482 		13.8945
v 26.462 		21.617 		13.8558
v 26.3999 		21.5948 		13.8188
v 26.3344 		21.5819 		13.784
v 26.2665 		21.5785 		13.7522
v 26.1974 		21.5847 		13.7238
v 26.1283 		21.6004 		13.6993
v 26.0605 		21.6253 		13.6792
v 25.9949 		21.659 		13.6638
v 25.9328 		21.7009 		13.6533
v 25.8753 		21.7503 		13.648
v 25.8233 		21.8064 		13.6479
v 25.7776 		21.8681 		13.653
v 25.7392 		21.9345 		13.6632
v 25.7086 		22.0044 		13.6785
v 25.6863 		22.0766 		13.6984
v 25.6728 		22.1498 		13.7227
v 25.6683 		22.2229 		13.7509
v 25.6728 		22.2945 		13.7826
v 25.6863 		22.3635 		13.8172
v 25.7086 		22.4287 		13.8542
v 25.7392 		22.4888 		13.8928
v 25.7776 		22.543 		13.9325
v 25.8233 		22.5903 		13.9726
v 25.8753 		22.6299 		14.0123
v 25.9328 		22.661 		14.051
v 25.9949 		22.6833 		14.088
v 26.0605 		22.6962 		14.1228
v 26.1283 		22.6996 		14.1546
# 98 vertices

g group_14_2829873

usemtl color_2829873
s 0

f 1941 	1942 	1943
f 1944 	1941 	1943
f 1945 	1944 	1943
f 1946 	1945 	1943
f 1947 	1946 	1943
f 1948 	1947 	1943
f 1949 	1948 	1943
f 1950 	1949 	1943
f 1951 	1950 	1943
f 1952 	1951 	1943
f 1953 	1952 	1943
f 1954 	1953 	1943
f 1955 	1954 	1943
f 1956 	1955 	1943
f 1957 	1956 	1943
f 1958 	1957 	1943
f 1959 	1958 	1943
f 1960 	1959 	1943
f 1961 	1960 	1943
f 1962 	1961 	1943
f 1963 	1962 	1943
f 1964 	1963 	1943
f 1965 	1964 	1943
f 1966 	1965 	1943
f 1967 	1966 	1943
f 1968 	1967 	1943
f 1969 	1968 	1943
f 1970 	1969 	1943
f 1971 	1970 	1943
f 1972 	1971 	1943
f 1973 	1972 	1943
f 1974 	1973 	1943
f 1975 	1974 	1943
f 1976 	1975 	1943
f 1977 	1976 	1943
f 1978 	1977 	1943
f 1979 	1978 	1943
f 1980 	1979 	1943
f 1981 	1980 	1943
f 1982 	1981 	1943
f 1983 	1982 	1943
f 1984 	1983 	1943
f 1985 	1984 	1943
f 1986 	1985 	1943
f 1987 	1986 	1943
f 1988 	1987 	1943
f 1989 	1988 	1943
f 1942 	1989 	1943
f 1990 	1991 	1992
f 1991 	1993 	1992
f 1993 	1994 	1992
f 1994 	1995 	1992
f 1995 	1996 	1992
f 1996 	1997 	1992
f 1997 	1998 	1992
f 1998 	1999 	1992
f 1999 	2000 	1992
f 2000 	2001 	1992
f 2001 	2002 	1992
f 2002 	2003 	1992
f 2003 	2004 	1992
f 2004 	2005 	1992
f 2005 	2006 	1992
f 2006 	2007 	1992
f 2007 	2008 	1992
f 2008 	2009 	1992
f 2009 	2010 	1992
f 2010 	2011 	1992
f 2011 	2012 	1992
f 2012 	2013 	1992
f 2013 	2014 	1992
f 2014 	2015 	1992
f 2015 	2016 	1992
f 2016 	2017 	1992
f 2017 	2018 	1992
f 2018 	2019 	1992
f 2019 	2020 	1992
f 2020 	2021 	1992
f 2021 	2022 	1992
f 2022 	2023 	1992
f 2023 	2024 	1992
f 2024 	2025 	1992
f 2025 	2026 	1992
f 2026 	2027 	1992
f 2027 	2028 	1992
f 2028 	2029 	1992
f 2029 	2030 	1992
f 2030 	2031 	1992
f 2031 	2032 	1992
f 2032 	2033 	1992
f 2033 	2034 	1992
f 2034 	2035 	1992
f 2035 	2036 	1992
f 2036 	2037 	1992
f 2037 	2038 	1992
f 2038 	1990 	1992
f 1942 	1941 	1941
f 1941 	1944 	1944
f 1944 	1945 	1945
f 1945 	1946 	1946
f 1946 	1947 	1947
f 1947 	1948 	1948
f 1948 	1949 	1949
f 1949 	1950 	1950
f 1950 	1951 	1951
f 1951 	1952 	1952
f 1952 	1953 	1953
f 1953 	1954 	1954
f 1954 	1955 	1955
f 1955 	1956 	1956
f 1956 	1957 	1957
f 1957 	1958 	1958
f 1958 	1959 	1959
f 1959 	1960 	1960
f 1960 	1961 	1961
f 1961 	1962 	1962
f 1962 	1963 	1963
f 1963 	1964 	1964
f 1964 	1965 	1965
f 1965 	1966 	1966
f 1966 	1967 	1967
f 1967 	1968 	1968
f 1968 	1969 	1969
f 1969 	1970 	1970
f 1970 	1971 	1971
f 1971 	1972 	1972
f 1972 	1973 	1973
f 1973 	1974 	1974
f 1974 	1975 	1975
f 1975 	1976 	1976
f 1976 	1977 	1977
f 1977 	1978 	1978
f 1978 	1979 	1979
f 1979 	1980 	1980
f 1980 	1981 	1981
f 1981 	1982 	1982
f 1982 	1983 	1983
f 1983 	1984 	1984
f 1984 	1985 	1985
f 1985 	1986 	1986
f 1986 	1987 	1987
f 1987 	1988 	1988
f 1988 	1989 	1989
f 1989 	1942 	1942
f 1942 	1941 	1991
f 1942 	1991 	1990
f 1941 	1944 	1993
f 1941 	1993 	1991
f 1944 	1945 	1994
f 1944 	1994 	1993
f 1945 	1946 	1995
f 1945 	1995 	1994
f 1946 	1947 	1996
f 1946 	1996 	1995
f 1947 	1948 	1997
f 1947 	1997 	1996
f 1948 	1949 	1998
f 1948 	1998 	1997
f 1949 	1950 	1999
f 1949 	1999 	1998
f 1950 	1951 	2000
f 1950 	2000 	1999
f 1951 	1952 	2001
f 1951 	2001 	2000
f 1952 	1953 	2002
f 1952 	2002 	2001
f 1953 	1954 	2003
f 1953 	2003 	2002
f 1954 	1955 	2004
f 1954 	2004 	2003
f 1955 	1956 	2005
f 1955 	2005 	2004
f 1956 	1957 	2006
f 1956 	2006 	2005
f 1957 	1958 	2007
f 1957 	2007 	2006
f 1958 	1959 	2008
f 1958 	2008 	2007
f 1959 	1960 	2009
f 1959 	2009 	2008
f 1960 	1961 	2010
f 1960 	2010 	2009
f 1961 	1962 	2011
f 1961 	2011 	2010
f 1962 	1963 	2012
f 1962 	2012 	2011
f 1963 	1964 	2013
f 1963 	2013 	2012
f 1964 	1965 	2014
f 1964 	2014 	2013
f 1965 	1966 	2015
f 1965 	2015 	2014
f 1966 	1967 	2016
f 1966 	2016 	2015
f 1967 	1968 	2017
f 1967 	2017 	2016
f 1968 	1969 	2018
f 1968 	2018 	2017
f 1969 	1970 	2019
f 1969 	2019 	2018
f 1970 	1971 	2020
f 1970 	2020 	2019
f 1971 	1972 	2021
f 1971 	2021 	2020
f 1972 	1973 	2022
f 1972 	2022 	2021
f 1973 	1974 	2023
f 1973 	2023 	2022
f 1974 	1975 	2024
f 1974 	2024 	2023
f 1975 	1976 	2025
f 1975 	2025 	2024
f 1976 	1977 	2026
f 1976 	2026 	2025
f 1977 	1978 	2027
f 1977 	2027 	2026
f 1978 	1979 	2028
f 1978 	2028 	2027
f 1979 	1980 	2029
f 1979 	2029 	2028
f 1980 	1981 	2030
f 1980 	2030 	2029
f 1981 	1982 	2031
f 1981 	2031 	2030
f 1982 	1983 	2032
f 1982 	2032 	2031
f 1983 	1984 	2033
f 1983 	2033 	2032
f 1984 	1985 	2034
f 1984 	2034 	2033
f 1985 	1986 	2035
f 1985 	2035 	2034
f 1986 	1987 	2036
f 1986 	2036 	2035
f 1987 	1988 	2037
f 1987 	2037 	2036
f 1988 	1989 	2038
f 1988 	2038 	2037
f 1989 	1942 	1990
f 1989 	1990 	2038
f 1990 	1991 	1991
f 1991 	1993 	1993
f 1993 	1994 	1994
f 1994 	1995 	1995
f 1995 	1996 	1996
f 1996 	1997 	1997
f 1997 	1998 	1998
f 1998 	1999 	1999
f 1999 	2000 	2000
f 2000 	2001 	2001
f 2001 	2002 	2002
f 2002 	2003 	2003
f 2003 	2004 	2004
f 2004 	2005 	2005
f 2005 	2006 	2006
f 2006 	2007 	2007
f 2007 	2008 	2008
f 2008 	2009 	2009
f 2009 	2010 	2010
f 2010 	2011 	2011
f 2011 	2012 	2012
f 2012 	2013 	2013
f 2013 	2014 	2014
f 2014 	2015 	2015
f 2015 	2016 	2016
f 2016 	2017 	2017
f 2017 	2018 	2018
f 2018 	2019 	2019
f 2019 	2020 	2020
f 2020 	2021 	2021
f 2021 	2022 	2022
f 2022 	2023 	2023
f 2023 	2024 	2024
f 2024 	2025 	2025
f 2025 	2026 	2026
f 2026 	2027 	2027
f 2027 	2028 	2028
f 2028 	2029 	2029
f 2029 	2030 	2030
f 2030 	2031 	2031
f 2031 	2032 	2032
f 2032 	2033 	2033
f 2033 	2034 	2034
f 2034 	2035 	2035
f 2035 	2036 	2036
f 2036 	2037 	2037
f 2037 	2038 	2038
f 2038 	1990 	1990
# 288 faces

 #end of obj_14

o obj_15
v 23.9545 		19.0524 		16.6381
v 24.048 		19.0464 		16.6406
v 24.0791 		19.2754 		16.5457
v 23.9545 		19.2833 		16.5424
v 24.1398 		19.0288 		16.6479
v 24.2016 		19.2519 		16.5555
v 24.2285 		18.9996 		16.66
v 24.3198 		19.213 		16.5716
v 24.3125 		18.9595 		16.6766
v 24.4318 		19.1596 		16.5937
v 24.3904 		18.9092 		16.6974
v 24.5356 		19.0924 		16.6215
v 24.4608 		18.8494 		16.7222
v 24.6295 		19.0127 		16.6545
v 24.5225 		18.7813 		16.7504
v 24.7118 		18.9219 		16.6922
v 24.5745 		18.7059 		16.7816
v 24.7812 		18.8214 		16.7338
v 24.616 		18.6246 		16.8153
v 24.8364 		18.713 		16.7787
v 24.6461 		18.5388 		16.8508
v 24.8766 		18.5986 		16.8261
v 24.6643 		18.4499 		16.8877
v 24.9009 		18.4801 		16.8752
v 24.6705 		18.3595 		16.9251
v 24.9091 		18.3595 		16.9251
v 24.6643 		18.269 		16.9626
v 24.9009 		18.2389 		16.9751
v 24.6461 		18.1801 		16.9994
v 24.8766 		18.1203 		17.0242
v 24.616 		18.0943 		17.035
v 24.8364 		18.0059 		17.0716
v 24.5745 		18.013 		17.0686
v 24.7812 		17.8975 		17.1165
v 24.5225 		17.9376 		17.0999
v 24.7118 		17.797 		17.1581
v 24.4608 		17.8695 		17.1281
v 24.6295 		17.7062 		17.1957
v 24.3904 		17.8097 		17.1528
v 24.5356 		17.6265 		17.2287
v 24.3125 		17.7594 		17.1737
v 24.4318 		17.5594 		17.2565
v 24.2285 		17.7193 		17.1903
v 24.3198 		17.5059 		17.2787
v 24.1398 		17.6902 		17.2024
v 24.2016 		17.4671 		17.2948
v 24.048 		17.6725 		17.2097
v 24.0791 		17.4435 		17.3045
v 23.9545 		17.6666 		17.2121
v 23.9545 		17.4356 		17.3078
v 23.8611 		17.6725 		17.2097
v 23.83 		17.4435 		17.3045
v 23.7693 		17.6902 		17.2024
v 23.7075 		17.4671 		17.2948
v 23.6806 		17.7193 		17.1903
v 23.5893 		17.5059 		17.2787
v 23.5966 		17.7594 		17.1737
v 23.4773 		17.5594 		17.2565
v 23.5187 		17.8097 		17.1528
v 23.3735 		17.6265 		17.2287
v 23.4483 		17.8695 		17.1281
v 23.2796 		17.7062 		17.1957
v 23.3866 		17.9376 		17.0999
v 23.1973 		17.797 		17.1581
v 23.3345 		18.013 		17.0686
v 23.1279 		17.8975 		17.1165
v 23.2931 		18.0943 		17.035
v 23.0727 		18.0059 		17.0716
v 23.263 		18.1801 		16.9994
v 23.0325 		18.1203 		17.0242
v 23.2448 		18.269 		16.9626
v 23.0082 		18.2389 		16.9751
v 23.2386 		18.3595 		16.9251
v 23 		18.3595 		16.9251
v 23.2448 		18.4499 		16.8877
v 23.0082 		18.4801 		16.8752
v 23.263 		18.5388 		16.8508
v 23.0325 		18.5986 		16.8261
v 23.2931 		18.6246 		16.8153
v 23.0727 		18.713 		16.7787
v 23.3345 		18.7059 		16.7816
v 23.1279 		18.8214 		16.7338
v 23.3866 		18.7813 		16.7504
v 23.1973 		18.9219 		16.6922
v 23.4483 		18.8494 		16.7222
v 23.2796 		19.0127 		16.6545
v 23.5187 		18.9092 		16.6974
v 23.3735 		19.0924 		16.6215
v 23.5966 		18.9595 		16.6766
v 23.4773 		19.1596 		16.5937
v 23.6806 		18.9996 		16.66
v 23.5893 		19.213 		16.5716
v 23.7693 		19.0288 		16.6479
v 23.7075 		19.2519 		16.5555
v 23.8611 		19.0464 		16.6406
v 23.83 		19.2754 		16.5457
v 23.9545 		18.9021 		16.2754
v 24.048 		18.8962 		16.2779
v 24.1398 		18.8785 		16.2852
v 24.2285 		18.8494 		16.2973
v 24.3125 		18.8093 		16.3139
v 24.3904 		18.759 		16.3347
v 24.4608 		18.6992 		16.3595
v 24.5225 		18.631 		16.3877
v 24.5745 		18.5557 		16.4189
v 24.616 		18.4744 		16.4526
v 24.6461 		18.3886 		16.4881
v 24.6643 		18.2997 		16.525
v 24.6705 		18.2092 		16.5624
v 24.6643 		18.1188 		16.5999
v 24.6461 		18.0299 		16.6367
v 24.616 		17.9441 		16.6723
v 24.5745 		17.8628 		16.7059
v 24.5225 		17.7874 		16.7371
v 24.4608 		17.7193 		16.7654
v 24.3904 		17.6595 		16.7901
v 24.3125 		17.6092 		16.811
v 24.2285 		17.5691 		16.8276
v 24.1398 		17.5399 		16.8397
v 24.048 		17.5222 		16.847
v 23.9545 		17.5163 		16.8494
v 23.8611 		17.5222 		16.847
v 23.7693 		17.5399 		16.8397
v 23.6806 		17.5691 		16.8276
v 23.5966 		17.6092 		16.811
v 23.5187 		17.6595 		16.7901
v 23.4483 		17.7193 		16.7654
v 23.3866 		17.7874 		16.7371
v 23.3345 		17.8628 		16.7059
v 23.2931 		17.9441 		16.6723
v 23.263 		18.0299 		16.6367
v 23.2448 		18.1188 		16.5999
v 23.2386 		18.2092 		16.5624
v 23.2448 		18.2997 		16.525
v 23.263 		18.3886 		16.4881
v 23.2931 		18.4744 		16.4526
v 23.3345 		18.5557 		16.4189
v 23.3866 		18.631 		16.3877
v 23.4483 		18.6992 		16.3595
v 23.5187 		18.759 		16.3347
v 23.5966 		18.8093 		16.3139
v 23.6806 		18.8494 		16.2973
v 23.7693 		18.8785 		16.2852
v 23.8611 		18.8962 		16.2779
v 23.9545 		19.1331 		16.1797
v 24.0791 		19.1252 		16.183
v 24.2016 		19.1016 		16.1928
v 24.3198 		19.0628 		16.2089
v 24.4318 		19.0093 		16.231
v 24.5356 		18.9422 		16.2588
v 24.6295 		18.8625 		16.2918
v 24.7118 		18.7717 		16.3295
v 24.7812 		18.6712 		16.3711
v 24.8364 		18.5628 		16.416
v 24.8766 		18.4483 		16.4634
v 24.9009 		18.3298 		16.5125
v 24.9091 		18.2092 		16.5624
v 24.9009 		18.0886 		16.6124
v 24.8766 		17.9701 		16.6615
v 24.8364 		17.8557 		16.7089
v 24.7812 		17.7473 		16.7538
v 24.7118 		17.6468 		16.7954
v 24.6295 		17.5559 		16.833
v 24.5356 		17.4763 		16.866
v 24.4318 		17.4091 		16.8938
v 24.3198 		17.3557 		16.916
v 24.2016 		17.3168 		16.9321
v 24.0791 		17.2933 		16.9418
v 23.9545 		17.2853 		16.9451
v 23.83 		17.2933 		16.9418
v 23.7075 		17.3168 		16.9321
v 23.5893 		17.3557 		16.916
v 23.4773 		17.4091 		16.8938
v 23.3735 		17.4763 		16.866
v 23.2796 		17.5559 		16.833
v 23.1973 		17.6468 		16.7954
v 23.1279 		17.7473 		16.7538
v 23.0727 		17.8557 		16.7089
v 23.0325 		17.9701 		16.6615
v 23.0082 		18.0886 		16.6124
v 23 		18.2092 		16.5624
v 23.0082 		18.3298 		16.5125
v 23.0325 		18.4483 		16.4634
v 23.0727 		18.5628 		16.416
v 23.1279 		18.6712 		16.3711
v 23.1973 		18.7717 		16.3295
v 23.2796 		18.8625 		16.2918
v 23.3735 		18.9422 		16.2588
v 23.4773 		19.0093 		16.231
v 23.5893 		19.0628 		16.2089
v 23.7075 		19.1016 		16.1928
v 23.83 		19.1252 		16.183
# 192 vertices

g group_15_10988977

usemtl color_10988977
s 0

f 2039 	2040 	2041
f 2039 	2041 	2042
f 2040 	2043 	2044
f 2040 	2044 	2041
f 2043 	2045 	2046
f 2043 	2046 	2044
f 2045 	2047 	2048
f 2045 	2048 	2046
f 2047 	2049 	2050
f 2047 	2050 	2048
f 2049 	2051 	2052
f 2049 	2052 	2050
f 2051 	2053 	2054
f 2051 	2054 	2052
f 2053 	2055 	2056
f 2053 	2056 	2054
f 2055 	2057 	2058
f 2055 	2058 	2056
f 2057 	2059 	2060
f 2057 	2060 	2058
f 2059 	2061 	2062
f 2059 	2062 	2060
f 2061 	2063 	2064
f 2061 	2064 	2062
f 2063 	2065 	2066
f 2063 	2066 	2064
f 2065 	2067 	2068
f 2065 	2068 	2066
f 2067 	2069 	2070
f 2067 	2070 	2068
f 2069 	2071 	2072
f 2069 	2072 	2070
f 2071 	2073 	2074
f 2071 	2074 	2072
f 2073 	2075 	2076
f 2073 	2076 	2074
f 2075 	2077 	2078
f 2075 	2078 	2076
f 2077 	2079 	2080
f 2077 	2080 	2078
f 2079 	2081 	2082
f 2079 	2082 	2080
f 2081 	2083 	2084
f 2081 	2084 	2082
f 2083 	2085 	2086
f 2083 	2086 	2084
f 2085 	2087 	2088
f 2085 	2088 	2086
f 2087 	2089 	2090
f 2087 	2090 	2088
f 2089 	2091 	2092
f 2089 	2092 	2090
f 2091 	2093 	2094
f 2091 	2094 	2092
f 2093 	2095 	2096
f 2093 	2096 	2094
f 2095 	2097 	2098
f 2095 	2098 	2096
f 2097 	2099 	2100
f 2097 	2100 	2098
f 2099 	2101 	2102
f 2099 	2102 	2100
f 2101 	2103 	2104
f 2101 	2104 	2102
f 2103 	2105 	2106
f 2103 	2106 	2104
f 2105 	2107 	2108
f 2105 	2108 	2106
f 2107 	2109 	2110
f 2107 	2110 	2108
f 2109 	2111 	2112
f 2109 	2112 	2110
f 2111 	2113 	2114
f 2111 	2114 	2112
f 2113 	2115 	2116
f 2113 	2116 	2114
f 2115 	2117 	2118
f 2115 	2118 	2116
f 2117 	2119 	2120
f 2117 	2120 	2118
f 2119 	2121 	2122
f 2119 	2122 	2120
f 2121 	2123 	2124
f 2121 	2124 	2122
f 2123 	2125 	2126
f 2123 	2126 	2124
f 2125 	2127 	2128
f 2125 	2128 	2126
f 2127 	2129 	2130
f 2127 	2130 	2128
f 2129 	2131 	2132
f 2129 	2132 	2130
f 2131 	2133 	2134
f 2131 	2134 	2132
f 2133 	2039 	2042
f 2133 	2042 	2134
f 2135 	2136 	2040
f 2135 	2040 	2039
f 2136 	2137 	2043
f 2136 	2043 	2040
f 2137 	2138 	2045
f 2137 	2045 	2043
f 2138 	2139 	2047
f 2138 	2047 	2045
f 2139 	2140 	2049
f 2139 	2049 	2047
f 2140 	2141 	2051
f 2140 	2051 	2049
f 2141 	2142 	2053
f 2141 	2053 	2051
f 2142 	2143 	2055
f 2142 	2055 	2053
f 2143 	2144 	2057
f 2143 	2057 	2055
f 2144 	2145 	2059
f 2144 	2059 	2057
f 2145 	2146 	2061
f 2145 	2061 	2059
f 2146 	2147 	2063
f 2146 	2063 	2061
f 2147 	2148 	2065
f 2147 	2065 	2063
f 2148 	2149 	2067
f 2148 	2067 	2065
f 2149 	2150 	2069
f 2149 	2069 	2067
f 2150 	2151 	2071
f 2150 	2071 	2069
f 2151 	2152 	2073
f 2151 	2073 	2071
f 2152 	2153 	2075
f 2152 	2075 	2073
f 2153 	2154 	2077
f 2153 	2077 	2075
f 2154 	2155 	2079
f 2154 	2079 	2077
f 2155 	2156 	2081
f 2155 	2081 	2079
f 2156 	2157 	2083
f 2156 	2083 	2081
f 2157 	2158 	2085
f 2157 	2085 	2083
f 2158 	2159 	2087
f 2158 	2087 	2085
f 2159 	2160 	2089
f 2159 	2089 	2087
f 2160 	2161 	2091
f 2160 	2091 	2089
f 2161 	2162 	2093
f 2161 	2093 	2091
f 2162 	2163 	2095
f 2162 	2095 	2093
f 2163 	2164 	2097
f 2163 	2097 	2095
f 2164 	2165 	2099
f 2164 	2099 	2097
f 2165 	2166 	2101
f 2165 	2101 	2099
f 2166 	2167 	2103
f 2166 	2103 	2101
f 2167 	2168 	2105
f 2167 	2105 	2103
f 2168 	2169 	2107
f 2168 	2107 	2105
f 2169 	2170 	2109
f 2169 	2109 	2107
f 2170 	2171 	2111
f 2170 	2111 	2109
f 2171 	2172 	2113
f 2171 	2113 	2111
f 2172 	2173 	2115
f 2172 	2115 	2113
f 2173 	2174 	2117
f 2173 	2117 	2115
f 2174 	2175 	2119
f 2174 	2119 	2117
f 2175 	2176 	2121
f 2175 	2121 	2119
f 2176 	2177 	2123
f 2176 	2123 	2121
f 2177 	2178 	2125
f 2177 	2125 	2123
f 2178 	2179 	2127
f 2178 	2127 	2125
f 2179 	2180 	2129
f 2179 	2129 	2127
f 2180 	2181 	2131
f 2180 	2131 	2129
f 2181 	2182 	2133
f 2181 	2133 	2131
f 2182 	2135 	2039
f 2182 	2039 	2133
f 2183 	2184 	2136
f 2183 	2136 	2135
f 2184 	2185 	2137
f 2184 	2137 	2136
f 2185 	2186 	2138
f 2185 	2138 	2137
f 2186 	2187 	2139
f 2186 	2139 	2138
f 2187 	2188 	2140
f 2187 	2140 	2139
f 2188 	2189 	2141
f 2188 	2141 	2140
f 2189 	2190 	2142
f 2189 	2142 	2141
f 2190 	2191 	2143
f 2190 	2143 	2142
f 2191 	2192 	2144
f 2191 	2144 	2143
f 2192 	2193 	2145
f 2192 	2145 	2144
f 2193 	2194 	2146
f 2193 	2146 	2145
f 2194 	2195 	2147
f 2194 	2147 	2146
f 2195 	2196 	2148
f 2195 	2148 	2147
f 2196 	2197 	2149
f 2196 	2149 	2148
f 2197 	2198 	2150
f 2197 	2150 	2149
f 2198 	2199 	2151
f 2198 	2151 	2150
f 2199 	2200 	2152
f 2199 	2152 	2151
f 2200 	2201 	2153
f 2200 	2153 	2152
f 2201 	2202 	2154
f 2201 	2154 	2153
f 2202 	2203 	2155
f 2202 	2155 	2154
f 2203 	2204 	2156
f 2203 	2156 	2155
f 2204 	2205 	2157
f 2204 	2157 	2156
f 2205 	2206 	2158
f 2205 	2158 	2157
f 2206 	2207 	2159
f 2206 	2159 	2158
f 2207 	2208 	2160
f 2207 	2160 	2159
f 2208 	2209 	2161
f 2208 	2161 	2160
f 2209 	2210 	2162
f 2209 	2162 	2161
f 2210 	2211 	2163
f 2210 	2163 	2162
f 2211 	2212 	2164
f 2211 	2164 	2163
f 2212 	2213 	2165
f 2212 	2165 	2164
f 2213 	2214 	2166
f 2213 	2166 	2165
f 2214 	2215 	2167
f 2214 	2167 	2166
f 2215 	2216 	2168
f 2215 	2168 	2167
f 2216 	2217 	2169
f 2216 	2169 	2168
f 2217 	2218 	2170
f 2217 	2170 	2169
f 2218 	2219 	2171
f 2218 	2171 	2170
f 2219 	2220 	2172
f 2219 	2172 	2171
f 2220 	2221 	2173
f 2220 	2173 	2172
f 2221 	2222 	2174
f 2221 	2174 	2173
f 2222 	2223 	2175
f 2222 	2175 	2174
f 2223 	2224 	2176
f 2223 	2176 	2175
f 2224 	2225 	2177
f 2224 	2177 	2176
f 2225 	2226 	2178
f 2225 	2178 	2177
f 2226 	2227 	2179
f 2226 	2179 	2178
f 2227 	2228 	2180
f 2227 	2180 	2179
f 2228 	2229 	2181
f 2228 	2181 	2180
f 2229 	2230 	2182
f 2229 	2182 	2181
f 2230 	2183 	2135
f 2230 	2135 	2182
f 2042 	2041 	2041
f 2041 	2044 	2044
f 2044 	2046 	2046
f 2046 	2048 	2048
f 2048 	2050 	2050
f 2050 	2052 	2052
f 2052 	2054 	2054
f 2054 	2056 	2056
f 2056 	2058 	2058
f 2058 	2060 	2060
f 2060 	2062 	2062
f 2062 	2064 	2064
f 2064 	2066 	2066
f 2066 	2068 	2068
f 2068 	2070 	2070
f 2070 	2072 	2072
f 2072 	2074 	2074
f 2074 	2076 	2076
f 2076 	2078 	2078
f 2078 	2080 	2080
f 2080 	2082 	2082
f 2082 	2084 	2084
f 2084 	2086 	2086
f 2086 	2088 	2088
f 2088 	2090 	2090
f 2090 	2092 	2092
f 2092 	2094 	2094
f 2094 	2096 	2096
f 2096 	2098 	2098
f 2098 	2100 	2100
f 2100 	2102 	2102
f 2102 	2104 	2104
f 2104 	2106 	2106
f 2106 	2108 	2108
f 2108 	2110 	2110
f 2110 	2112 	2112
f 2112 	2114 	2114
f 2114 	2116 	2116
f 2116 	2118 	2118
f 2118 	2120 	2120
f 2120 	2122 	2122
f 2122 	2124 	2124
f 2124 	2126 	2126
f 2126 	2128 	2128
f 2128 	2130 	2130
f 2130 	2132 	2132
f 2132 	2134 	2134
f 2134 	2042 	2042
f 2042 	2041 	2184
f 2042 	2184 	2183
f 2041 	2044 	2185
f 2041 	2185 	2184
f 2044 	2046 	2186
f 2044 	2186 	2185
f 2046 	2048 	2187
f 2046 	2187 	2186
f 2048 	2050 	2188
f 2048 	2188 	2187
f 2050 	2052 	2189
f 2050 	2189 	2188
f 2052 	2054 	2190
f 2052 	2190 	2189
f 2054 	2056 	2191
f 2054 	2191 	2190
f 2056 	2058 	2192
f 2056 	2192 	2191
f 2058 	2060 	2193
f 2058 	2193 	2192
f 2060 	2062 	2194
f 2060 	2194 	2193
f 2062 	2064 	2195
f 2062 	2195 	2194
f 2064 	2066 	2196
f 2064 	2196 	2195
f 2066 	2068 	2197
f 2066 	2197 	2196
f 2068 	2070 	2198
f 2068 	2198 	2197
f 2070 	2072 	2199
f 2070 	2199 	2198
f 2072 	2074 	2200
f 2072 	2200 	2199
f 2074 	2076 	2201
f 2074 	2201 	2200
f 2076 	2078 	2202
f 2076 	2202 	2201
f 2078 	2080 	2203
f 2078 	2203 	2202
f 2080 	2082 	2204
f 2080 	2204 	2203
f 2082 	2084 	2205
f 2082 	2205 	2204
f 2084 	2086 	2206
f 2084 	2206 	2205
f 2086 	2088 	2207
f 2086 	2207 	2206
f 2088 	2090 	2208
f 2088 	2208 	2207
f 2090 	2092 	2209
f 2090 	2209 	2208
f 2092 	2094 	2210
f 2092 	2210 	2209
f 2094 	2096 	2211
f 2094 	2211 	2210
f 2096 	2098 	2212
f 2096 	2212 	2211
f 2098 	2100 	2213
f 2098 	2213 	2212
f 2100 	2102 	2214
f 2100 	2214 	2213
f 2102 	2104 	2215
f 2102 	2215 	2214
f 2104 	2106 	2216
f 2104 	2216 	2215
f 2106 	2108 	2217
f 2106 	2217 	2216
f 2108 	2110 	2218
f 2108 	2218 	2217
f 2110 	2112 	2219
f 2110 	2219 	2218
f 2112 	2114 	2220
f 2112 	2220 	2219
f 2114 	2116 	2221
f 2114 	2221 	2220
f 2116 	2118 	2222
f 2116 	2222 	2221
f 2118 	2120 	2223
f 2118 	2223 	2222
f 2120 	2122 	2224
f 2120 	2224 	2223
f 2122 	2124 	2225
f 2122 	2225 	2224
f 2124 	2126 	2226
f 2124 	2226 	2225
f 2126 	2128 	2227
f 2126 	2227 	2226
f 2128 	2130 	2228
f 2128 	2228 	2227
f 2130 	2132 	2229
f 2130 	2229 	2228
f 2132 	2134 	2230
f 2132 	2230 	2229
f 2134 	2042 	2183
f 2134 	2183 	2230
f 2183 	2184 	2184
f 2184 	2185 	2185
f 2185 	2186 	2186
f 2186 	2187 	2187
f 2187 	2188 	2188
f 2188 	2189 	2189
f 2189 	2190 	2190
f 2190 	2191 	2191
f 2191 	2192 	2192
f 2192 	2193 	2193
f 2193 	2194 	2194
f 2194 	2195 	2195
f 2195 	2196 	2196
f 2196 	2197 	2197
f 2197 	2198 	2198
f 2198 	2199 	2199
f 2199 	2200 	2200
f 2200 	2201 	2201
f 2201 	2202 	2202
f 2202 	2203 	2203
f 2203 	2204 	2204
f 2204 	2205 	2205
f 2205 	2206 	2206
f 2206 	2207 	2207
f 2207 	2208 	2208
f 2208 	2209 	2209
f 2209 	2210 	2210
f 2210 	2211 	2211
f 2211 	2212 	2212
f 2212 	2213 	2213
f 2213 	2214 	2214
f 2214 	2215 	2215
f 2215 	2216 	2216
f 2216 	2217 	2217
f 2217 	2218 	2218
f 2218 	2219 	2219
f 2219 	2220 	2220
f 2220 	2221 	2221
f 2221 	2222 	2222
f 2222 	2223 	2223
f 2223 	2224 	2224
f 2224 	2225 	2225
f 2225 	2226 	2226
f 2226 	2227 	2227
f 2227 	2228 	2228
f 2228 	2229 	2229
f 2229 	2230 	2230
f 2230 	2183 	2183
# 480 faces

 #end of obj_15

o obj_16
v 24.0542 		19.0922 		16.6216
v 23.9545 		19.0986 		16.619
v 23.9545 		18.3595 		16.9251
v 24.1522 		19.0734 		16.6294
v 24.2468 		19.0423 		16.6423
v 24.3364 		18.9995 		16.66
v 24.4194 		18.9458 		16.6822
v 24.4945 		18.8821 		16.7086
v 24.5604 		18.8094 		16.7388
v 24.6159 		18.729 		16.7721
v 24.6601 		18.6423 		16.808
v 24.6922 		18.5508 		16.8459
v 24.7116 		18.4559 		16.8852
v 24.7182 		18.3595 		16.9251
v 24.7116 		18.263 		16.9651
v 24.6922 		18.1682 		17.0044
v 24.6601 		18.0766 		17.0423
v 24.6159 		17.9899 		17.0782
v 24.5604 		17.9095 		17.1115
v 24.4945 		17.8368 		17.1416
v 24.4194 		17.7731 		17.168
v 24.3364 		17.7194 		17.1903
v 24.2468 		17.6766 		17.208
v 24.1522 		17.6455 		17.2208
v 24.0542 		17.6267 		17.2287
v 23.9545 		17.6204 		17.2313
v 23.8549 		17.6267 		17.2287
v 23.7569 		17.6455 		17.2208
v 23.6623 		17.6766 		17.208
v 23.5727 		17.7194 		17.1903
v 23.4897 		17.7731 		17.168
v 23.4146 		17.8368 		17.1416
v 23.3487 		17.9095 		17.1115
v 23.2932 		17.9899 		17.0782
v 23.249 		18.0766 		17.0423
v 23.2169 		18.1682 		17.0044
v 23.1974 		18.263 		16.9651
v 23.1909 		18.3595 		16.9251
v 23.1974 		18.4559 		16.8852
v 23.2169 		18.5508 		16.8459
v 23.249 		18.6423 		16.808
v 23.2932 		18.729 		16.7721
v 23.3487 		18.8094 		16.7388
v 23.4146 		18.8821 		16.7086
v 23.4897 		18.9458 		16.6822
v 23.5727 		18.9995 		16.66
v 23.6623 		19.0423 		16.6423
v 23.7569 		19.0734 		16.6294
v 23.8549 		19.0922 		16.6216
v 23.9545 		18.097 		14.201
v 24.0542 		18.0907 		14.2036
v 23.9545 		17.3579 		14.5071
v 24.1522 		18.0718 		14.2114
v 24.2468 		18.0407 		14.2243
v 24.3364 		17.998 		14.242
v 24.4194 		17.9443 		14.2642
v 24.4945 		17.8805 		14.2906
v 24.5604 		17.8078 		14.3208
v 24.6159 		17.7274 		14.354
v 24.6601 		17.6407 		14.39
v 24.6922 		17.5492 		14.4279
v 24.7116 		17.4544 		14.4672
v 24.7182 		17.3579 		14.5071
v 24.7116 		17.2614 		14.5471
v 24.6922 		17.1666 		14.5864
v 24.6601 		17.0751 		14.6243
v 24.6159 		16.9883 		14.6602
v 24.5604 		16.908 		14.6935
v 24.4945 		16.8353 		14.7236
v 24.4194 		16.7715 		14.75
v 24.3364 		16.7178 		14.7723
v 24.2468 		16.6751 		14.79
v 24.1522 		16.644 		14.8028
v 24.0542 		16.6251 		14.8107
v 23.9545 		16.6188 		14.8133
v 23.8549 		16.6251 		14.8107
v 23.7569 		16.644 		14.8028
v 23.6623 		16.6751 		14.79
v 23.5727 		16.7178 		14.7723
v 23.4897 		16.7715 		14.75
v 23.4146 		16.8353 		14.7236
v 23.3487 		16.908 		14.6935
v 23.2932 		16.9883 		14.6602
v 23.249 		17.0751 		14.6243
v 23.2169 		17.1666 		14.5864
v 23.1974 		17.2614 		14.5471
v 23.1909 		17.3579 		14.5071
v 23.1974 		17.4544 		14.4672
v 23.2169 		17.5492 		14.4279
v 23.249 		17.6407 		14.39
v 23.2932 		17.7274 		14.354
v 23.3487 		17.8078 		14.3208
v 23.4146 		17.8805 		14.2906
v 23.4897 		17.9443 		14.2642
v 23.5727 		17.998 		14.242
v 23.6623 		18.0407 		14.2243
v 23.7569 		18.0718 		14.2114
v 23.8549 		18.0907 		14.2036
# 98 vertices

g group_16_14541540

usemtl color_14541540
s 0

f 2231 	2232 	2233
f 2234 	2231 	2233
f 2235 	2234 	2233
f 2236 	2235 	2233
f 2237 	2236 	2233
f 2238 	2237 	2233
f 2239 	2238 	2233
f 2240 	2239 	2233
f 2241 	2240 	2233
f 2242 	2241 	2233
f 2243 	2242 	2233
f 2244 	2243 	2233
f 2245 	2244 	2233
f 2246 	2245 	2233
f 2247 	2246 	2233
f 2248 	2247 	2233
f 2249 	2248 	2233
f 2250 	2249 	2233
f 2251 	2250 	2233
f 2252 	2251 	2233
f 2253 	2252 	2233
f 2254 	2253 	2233
f 2255 	2254 	2233
f 2256 	2255 	2233
f 2257 	2256 	2233
f 2258 	2257 	2233
f 2259 	2258 	2233
f 2260 	2259 	2233
f 2261 	2260 	2233
f 2262 	2261 	2233
f 2263 	2262 	2233
f 2264 	2263 	2233
f 2265 	2264 	2233
f 2266 	2265 	2233
f 2267 	2266 	2233
f 2268 	2267 	2233
f 2269 	2268 	2233
f 2270 	2269 	2233
f 2271 	2270 	2233
f 2272 	2271 	2233
f 2273 	2272 	2233
f 2274 	2273 	2233
f 2275 	2274 	2233
f 2276 	2275 	2233
f 2277 	2276 	2233
f 2278 	2277 	2233
f 2279 	2278 	2233
f 2232 	2279 	2233
f 2280 	2281 	2282
f 2281 	2283 	2282
f 2283 	2284 	2282
f 2284 	2285 	2282
f 2285 	2286 	2282
f 2286 	2287 	2282
f 2287 	2288 	2282
f 2288 	2289 	2282
f 2289 	2290 	2282
f 2290 	2291 	2282
f 2291 	2292 	2282
f 2292 	2293 	2282
f 2293 	2294 	2282
f 2294 	2295 	2282
f 2295 	2296 	2282
f 2296 	2297 	2282
f 2297 	2298 	2282
f 2298 	2299 	2282
f 2299 	2300 	2282
f 2300 	2301 	2282
f 2301 	2302 	2282
f 2302 	2303 	2282
f 2303 	2304 	2282
f 2304 	2305 	2282
f 2305 	2306 	2282
f 2306 	2307 	2282
f 2307 	2308 	2282
f 2308 	2309 	2282
f 2309 	2310 	2282
f 2310 	2311 	2282
f 2311 	2312 	2282
f 2312 	2313 	2282
f 2313 	2314 	2282
f 2314 	2315 	2282
f 2315 	2316 	2282
f 2316 	2317 	2282
f 2317 	2318 	2282
f 2318 	2319 	2282
f 2319 	2320 	2282
f 2320 	2321 	2282
f 2321 	2322 	2282
f 2322 	2323 	2282
f 2323 	2324 	2282
f 2324 	2325 	2282
f 2325 	2326 	2282
f 2326 	2327 	2282
f 2327 	2328 	2282
f 2328 	2280 	2282
f 2232 	2231 	2231
f 2231 	2234 	2234
f 2234 	2235 	2235
f 2235 	2236 	2236
f 2236 	2237 	2237
f 2237 	2238 	2238
f 2238 	2239 	2239
f 2239 	2240 	2240
f 2240 	2241 	2241
f 2241 	2242 	2242
f 2242 	2243 	2243
f 2243 	2244 	2244
f 2244 	2245 	2245
f 2245 	2246 	2246
f 2246 	2247 	2247
f 2247 	2248 	2248
f 2248 	2249 	2249
f 2249 	2250 	2250
f 2250 	2251 	2251
f 2251 	2252 	2252
f 2252 	2253 	2253
f 2253 	2254 	2254
f 2254 	2255 	2255
f 2255 	2256 	2256
f 2256 	2257 	2257
f 2257 	2258 	2258
f 2258 	2259 	2259
f 2259 	2260 	2260
f 2260 	2261 	2261
f 2261 	2262 	2262
f 2262 	2263 	2263
f 2263 	2264 	2264
f 2264 	2265 	2265
f 2265 	2266 	2266
f 2266 	2267 	2267
f 2267 	2268 	2268
f 2268 	2269 	2269
f 2269 	2270 	2270
f 2270 	2271 	2271
f 2271 	2272 	2272
f 2272 	2273 	2273
f 2273 	2274 	2274
f 2274 	2275 	2275
f 2275 	2276 	2276
f 2276 	2277 	2277
f 2277 	2278 	2278
f 2278 	2279 	2279
f 2279 	2232 	2232
f 2232 	2231 	2281
f 2232 	2281 	2280
f 2231 	2234 	2283
f 2231 	2283 	2281
f 2234 	2235 	2284
f 2234 	2284 	2283
f 2235 	2236 	2285
f 2235 	2285 	2284
f 2236 	2237 	2286
f 2236 	2286 	2285
f 2237 	2238 	2287
f 2237 	2287 	2286
f 2238 	2239 	2288
f 2238 	2288 	2287
f 2239 	2240 	2289
f 2239 	2289 	2288
f 2240 	2241 	2290
f 2240 	2290 	2289
f 2241 	2242 	2291
f 2241 	2291 	2290
f 2242 	2243 	2292
f 2242 	2292 	2291
f 2243 	2244 	2293
f 2243 	2293 	2292
f 2244 	2245 	2294
f 2244 	2294 	2293
f 2245 	2246 	2295
f 2245 	2295 	2294
f 2246 	2247 	2296
f 2246 	2296 	2295
f 2247 	2248 	2297
f 2247 	2297 	2296
f 2248 	2249 	2298
f 2248 	2298 	2297
f 2249 	2250 	2299
f 2249 	2299 	2298
f 2250 	2251 	2300
f 2250 	2300 	2299
f 2251 	2252 	2301
f 2251 	2301 	2300
f 2252 	2253 	2302
f 2252 	2302 	2301
f 2253 	2254 	2303
f 2253 	2303 	2302
f 2254 	2255 	2304
f 2254 	2304 	2303
f 2255 	2256 	2305
f 2255 	2305 	2304
f 2256 	2257 	2306
f 2256 	2306 	2305
f 2257 	2258 	2307
f 2257 	2307 	2306
f 2258 	2259 	2308
f 2258 	2308 	2307
f 2259 	2260 	2309
f 2259 	2309 	2308
f 2260 	2261 	2310
f 2260 	2310 	2309
f 2261 	2262 	2311
f 2261 	2311 	2310
f 2262 	2263 	2312
f 2262 	2312 	2311
f 2263 	2264 	2313
f 2263 	2313 	2312
f 2264 	2265 	2314
f 2264 	2314 	2313
f 2265 	2266 	2315
f 2265 	2315 	2314
f 2266 	2267 	2316
f 2266 	2316 	2315
f 2267 	2268 	2317
f 2267 	2317 	2316
f 2268 	2269 	2318
f 2268 	2318 	2317
f 2269 	2270 	2319
f 2269 	2319 	2318
f 2270 	2271 	2320
f 2270 	2320 	2319
f 2271 	2272 	2321
f 2271 	2321 	2320
f 2272 	2273 	2322
f 2272 	2322 	2321
f 2273 	2274 	2323
f 2273 	2323 	2322
f 2274 	2275 	2324
f 2274 	2324 	2323
f 2275 	2276 	2325
f 2275 	2325 	2324
f 2276 	2277 	2326
f 2276 	2326 	2325
f 2277 	2278 	2327
f 2277 	2327 	2326
f 2278 	2279 	2328
f 2278 	2328 	2327
f 2279 	2232 	2280
f 2279 	2280 	2328
f 2280 	2281 	2281
f 2281 	2283 	2283
f 2283 	2284 	2284
f 2284 	2285 	2285
f 2285 	2286 	2286
f 2286 	2287 	2287
f 2287 	2288 	2288
f 2288 	2289 	2289
f 2289 	2290 	2290
f 2290 	2291 	2291
f 2291 	2292 	2292
f 2292 	2293 	2293
f 2293 	2294 	2294
f 2294 	2295 	2295
f 2295 	2296 	2296
f 2296 	2297 	2297
f 2297 	2298 	2298
f 2298 	2299 	2299
f 2299 	2300 	2300
f 2300 	2301 	2301
f 2301 	2302 	2302
f 2302 	2303 	2303
f 2303 	2304 	2304
f 2304 	2305 	2305
f 2305 	2306 	2306
f 2306 	2307 	2307
f 2307 	2308 	2308
f 2308 	2309 	2309
f 2309 	2310 	2310
f 2310 	2311 	2311
f 2311 	2312 	2312
f 2312 	2313 	2313
f 2313 	2314 	2314
f 2314 	2315 	2315
f 2315 	2316 	2316
f 2316 	2317 	2317
f 2317 	2318 	2318
f 2318 	2319 	2319
f 2319 	2320 	2320
f 2320 	2321 	2321
f 2321 	2322 	2322
f 2322 	2323 	2323
f 2323 	2324 	2324
f 2324 	2325 	2325
f 2325 	2326 	2326
f 2326 	2327 	2327
f 2327 	2328 	2328
f 2328 	2280 	2280
# 288 faces

 #end of obj_16

o obj_17
v 23.9545 		16.231 		13.7463
v 24.048 		16.2369 		13.7439
v 24.0791 		16.0079 		13.8387
v 23.9545 		16 		13.842
v 24.1398 		16.2546 		13.7366
v 24.2016 		16.0315 		13.829
v 24.2285 		16.2837 		13.7245
v 24.3198 		16.0703 		13.8129
v 24.3125 		16.3238 		13.7079
v 24.4318 		16.1238 		13.7907
v 24.3904 		16.3742 		13.687
v 24.5356 		16.1909 		13.7629
v 24.4608 		16.4339 		13.6623
v 24.6295 		16.2706 		13.7299
v 24.5225 		16.5021 		13.634
v 24.7118 		16.3615 		13.6923
v 24.5745 		16.5774 		13.6028
v 24.7812 		16.4619 		13.6507
v 24.616 		16.6587 		13.5692
v 24.8364 		16.5703 		13.6058
v 24.6461 		16.7445 		13.5336
v 24.8766 		16.6848 		13.5584
v 24.6643 		16.8334 		13.4968
v 24.9009 		16.8033 		13.5093
v 24.6705 		16.9239 		13.4593
v 24.9091 		16.9239 		13.4593
v 24.6643 		17.0143 		13.4219
v 24.9009 		17.0445 		13.4094
v 24.6461 		17.1032 		13.385
v 24.8766 		17.163 		13.3603
v 24.616 		17.189 		13.3495
v 24.8364 		17.2774 		13.3129
v 24.5745 		17.2703 		13.3158
v 24.7812 		17.3858 		13.268
v 24.5225 		17.3457 		13.2846
v 24.7118 		17.4863 		13.2264
v 24.4608 		17.4138 		13.2564
v 24.6295 		17.5772 		13.1887
v 24.3904 		17.4736 		13.2316
v 24.5356 		17.6568 		13.1557
v 24.3125 		17.524 		13.2108
v 24.4318 		17.724 		13.1279
v 24.2285 		17.564 		13.1942
v 24.3198 		17.7774 		13.1058
v 24.1398 		17.5932 		13.1821
v 24.2016 		17.8163 		13.0897
v 24.048 		17.6109 		13.1748
v 24.0791 		17.8399 		13.0799
v 23.9545 		17.6168 		13.1723
v 23.9545 		17.8478 		13.0766
v 23.8611 		17.6109 		13.1748
v 23.83 		17.8399 		13.0799
v 23.7693 		17.5932 		13.1821
v 23.7075 		17.8163 		13.0897
v 23.6806 		17.564 		13.1942
v 23.5893 		17.7774 		13.1058
v 23.5966 		17.524 		13.2108
v 23.4773 		17.724 		13.1279
v 23.5187 		17.4736 		13.2316
v 23.3735 		17.6568 		13.1557
v 23.4483 		17.4138 		13.2564
v 23.2796 		17.5772 		13.1887
v 23.3866 		17.3457 		13.2846
v 23.1973 		17.4863 		13.2264
v 23.3345 		17.2703 		13.3158
v 23.1279 		17.3858 		13.268
v 23.2931 		17.189 		13.3495
v 23.0727 		17.2774 		13.3129
v 23.263 		17.1032 		13.385
v 23.0325 		17.163 		13.3603
v 23.2448 		17.0143 		13.4219
v 23.0082 		17.0445 		13.4094
v 23.2386 		16.9239 		13.4593
v 23 		16.9239 		13.4593
v 23.2448 		16.8334 		13.4968
v 23.0082 		16.8033 		13.5093
v 23.263 		16.7445 		13.5336
v 23.0325 		16.6848 		13.5584
v 23.2931 		16.6587 		13.5692
v 23.0727 		16.5703 		13.6058
v 23.3345 		16.5774 		13.6028
v 23.1279 		16.4619 		13.6507
v 23.3866 		16.5021 		13.634
v 23.1973 		16.3615 		13.6923
v 23.4483 		16.4339 		13.6623
v 23.2796 		16.2706 		13.7299
v 23.5187 		16.3742 		13.687
v 23.3735 		16.1909 		13.7629
v 23.5966 		16.3238 		13.7079
v 23.4773 		16.1238 		13.7907
v 23.6806 		16.2837 		13.7245
v 23.5893 		16.0703 		13.8129
v 23.7693 		16.2546 		13.7366
v 23.7075 		16.0315 		13.829
v 23.8611 		16.2369 		13.7439
v 23.83 		16.0079 		13.8387
v 23.9545 		16.4981 		14.3911
v 24.048 		16.504 		14.3887
v 24.1398 		16.5217 		14.3814
v 24.2285 		16.5508 		14.3693
v 24.3125 		16.5909 		14.3527
v 24.3904 		16.6412 		14.3318
v 24.4608 		16.701 		14.3071
v 24.5225 		16.7691 		14.2788
v 24.5745 		16.8445 		14.2476
v 24.616 		16.9258 		14.214
v 24.6461 		17.0116 		14.1784
v 24.6643 		17.1005 		14.1416
v 24.6705 		17.191 		14.1041
v 24.6643 		17.2814 		14.0667
v 24.6461 		17.3703 		14.0298
v 24.616 		17.4561 		13.9943
v 24.5745 		17.5374 		13.9606
v 24.5225 		17.6128 		13.9294
v 24.4608 		17.6809 		13.9012
v 24.3904 		17.7407 		13.8764
v 24.3125 		17.791 		13.8556
v 24.2285 		17.8311 		13.839
v 24.1398 		17.8603 		13.8269
v 24.048 		17.8779 		13.8196
v 23.9545 		17.8839 		13.8171
v 23.8611 		17.8779 		13.8196
v 23.7693 		17.8603 		13.8269
v 23.6806 		17.8311 		13.839
v 23.5966 		17.791 		13.8556
v 23.5187 		17.7407 		13.8764
v 23.4483 		17.6809 		13.9012
v 23.3866 		17.6128 		13.9294
v 23.3345 		17.5374 		13.9606
v 23.2931 		17.4561 		13.9943
v 23.263 		17.3703 		14.0298
v 23.2448 		17.2814 		14.0667
v 23.2386 		17.191 		14.1041
v 23.2448 		17.1005 		14.1416
v 23.263 		17.0116 		14.1784
v 23.2931 		16.9258 		14.214
v 23.3345 		16.8445 		14.2476
v 23.3866 		16.7691 		14.2788
v 23.4483 		16.701 		14.3071
v 23.5187 		16.6412 		14.3318
v 23.5966 		16.5909 		14.3527
v 23.6806 		16.5508 		14.3693
v 23.7693 		16.5217 		14.3814
v 23.8611 		16.504 		14.3887
v 23.9545 		16.2671 		14.4868
v 24.0791 		16.275 		14.4835
v 24.2016 		16.2986 		14.4738
v 24.3198 		16.3374 		14.4577
v 24.4318 		16.3909 		14.4355
v 24.5356 		16.458 		14.4077
v 24.6295 		16.5377 		14.3747
v 24.7118 		16.6285 		14.3371
v 24.7812 		16.729 		14.2955
v 24.8364 		16.8374 		14.2506
v 24.8766 		16.9518 		14.2032
v 24.9009 		17.0704 		14.1541
v 24.9091 		17.191 		14.1041
v 24.9009 		17.3116 		14.0542
v 24.8766 		17.4301 		14.0051
v 24.8364 		17.5445 		13.9577
v 24.7812 		17.6529 		13.9128
v 24.7118 		17.7534 		13.8712
v 24.6295 		17.8442 		13.8335
v 24.5356 		17.9239 		13.8005
v 24.4318 		17.9911 		13.7727
v 24.3198 		18.0445 		13.7506
v 24.2016 		18.0834 		13.7345
v 24.0791 		18.1069 		13.7247
v 23.9545 		18.1148 		13.7214
v 23.83 		18.1069 		13.7247
v 23.7075 		18.0834 		13.7345
v 23.5893 		18.0445 		13.7506
v 23.4773 		17.9911 		13.7727
v 23.3735 		17.9239 		13.8005
v 23.2796 		17.8442 		13.8335
v 23.1973 		17.7534 		13.8712
v 23.1279 		17.6529 		13.9128
v 23.0727 		17.5445 		13.9577
v 23.0325 		17.4301 		14.0051
v 23.0082 		17.3116 		14.0542
v 23 		17.191 		14.1041
v 23.0082 		17.0704 		14.1541
v 23.0325 		16.9518 		14.2032
v 23.0727 		16.8374 		14.2506
v 23.1279 		16.729 		14.2955
v 23.1973 		16.6285 		14.3371
v 23.2796 		16.5377 		14.3747
v 23.3735 		16.458 		14.4077
v 23.4773 		16.3909 		14.4355
v 23.5893 		16.3374 		14.4577
v 23.7075 		16.2986 		14.4738
v 23.83 		16.275 		14.4835
# 192 vertices

g group_17_10988977

usemtl color_10988977
s 0

f 2329 	2330 	2331
f 2329 	2331 	2332
f 2330 	2333 	2334
f 2330 	2334 	2331
f 2333 	2335 	2336
f 2333 	2336 	2334
f 2335 	2337 	2338
f 2335 	2338 	2336
f 2337 	2339 	2340
f 2337 	2340 	2338
f 2339 	2341 	2342
f 2339 	2342 	2340
f 2341 	2343 	2344
f 2341 	2344 	2342
f 2343 	2345 	2346
f 2343 	2346 	2344
f 2345 	2347 	2348
f 2345 	2348 	2346
f 2347 	2349 	2350
f 2347 	2350 	2348
f 2349 	2351 	2352
f 2349 	2352 	2350
f 2351 	2353 	2354
f 2351 	2354 	2352
f 2353 	2355 	2356
f 2353 	2356 	2354
f 2355 	2357 	2358
f 2355 	2358 	2356
f 2357 	2359 	2360
f 2357 	2360 	2358
f 2359 	2361 	2362
f 2359 	2362 	2360
f 2361 	2363 	2364
f 2361 	2364 	2362
f 2363 	2365 	2366
f 2363 	2366 	2364
f 2365 	2367 	2368
f 2365 	2368 	2366
f 2367 	2369 	2370
f 2367 	2370 	2368
f 2369 	2371 	2372
f 2369 	2372 	2370
f 2371 	2373 	2374
f 2371 	2374 	2372
f 2373 	2375 	2376
f 2373 	2376 	2374
f 2375 	2377 	2378
f 2375 	2378 	2376
f 2377 	2379 	2380
f 2377 	2380 	2378
f 2379 	2381 	2382
f 2379 	2382 	2380
f 2381 	2383 	2384
f 2381 	2384 	2382
f 2383 	2385 	2386
f 2383 	2386 	2384
f 2385 	2387 	2388
f 2385 	2388 	2386
f 2387 	2389 	2390
f 2387 	2390 	2388
f 2389 	2391 	2392
f 2389 	2392 	2390
f 2391 	2393 	2394
f 2391 	2394 	2392
f 2393 	2395 	2396
f 2393 	2396 	2394
f 2395 	2397 	2398
f 2395 	2398 	2396
f 2397 	2399 	2400
f 2397 	2400 	2398
f 2399 	2401 	2402
f 2399 	2402 	2400
f 2401 	2403 	2404
f 2401 	2404 	2402
f 2403 	2405 	2406
f 2403 	2406 	2404
f 2405 	2407 	2408
f 2405 	2408 	2406
f 2407 	2409 	2410
f 2407 	2410 	2408
f 2409 	2411 	2412
f 2409 	2412 	2410
f 2411 	2413 	2414
f 2411 	2414 	2412
f 2413 	2415 	2416
f 2413 	2416 	2414
f 2415 	2417 	2418
f 2415 	2418 	2416
f 2417 	2419 	2420
f 2417 	2420 	2418
f 2419 	2421 	2422
f 2419 	2422 	2420
f 2421 	2423 	2424
f 2421 	2424 	2422
f 2423 	2329 	2332
f 2423 	2332 	2424
f 2425 	2426 	2330
f 2425 	2330 	2329
f 2426 	2427 	2333
f 2426 	2333 	2330
f 2427 	2428 	2335
f 2427 	2335 	2333
f 2428 	2429 	2337
f 2428 	2337 	2335
f 2429 	2430 	2339
f 2429 	2339 	2337
f 2430 	2431 	2341
f 2430 	2341 	2339
f 2431 	2432 	2343
f 2431 	2343 	2341
f 2432 	2433 	2345
f 2432 	2345 	2343
f 2433 	2434 	2347
f 2433 	2347 	2345
f 2434 	2435 	2349
f 2434 	2349 	2347
f 2435 	2436 	2351
f 2435 	2351 	2349
f 2436 	2437 	2353
f 2436 	2353 	2351
f 2437 	2438 	2355
f 2437 	2355 	2353
f 2438 	2439 	2357
f 2438 	2357 	2355
f 2439 	2440 	2359
f 2439 	2359 	2357
f 2440 	2441 	2361
f 2440 	2361 	2359
f 2441 	2442 	2363
f 2441 	2363 	2361
f 2442 	2443 	2365
f 2442 	2365 	2363
f 2443 	2444 	2367
f 2443 	2367 	2365
f 2444 	2445 	2369
f 2444 	2369 	2367
f 2445 	2446 	2371
f 2445 	2371 	2369
f 2446 	2447 	2373
f 2446 	2373 	2371
f 2447 	2448 	2375
f 2447 	2375 	2373
f 2448 	2449 	2377
f 2448 	2377 	2375
f 2449 	2450 	2379
f 2449 	2379 	2377
f 2450 	2451 	2381
f 2450 	2381 	2379
f 2451 	2452 	2383
f 2451 	2383 	2381
f 2452 	2453 	2385
f 2452 	2385 	2383
f 2453 	2454 	2387
f 2453 	2387 	2385
f 2454 	2455 	2389
f 2454 	2389 	2387
f 2455 	2456 	2391
f 2455 	2391 	2389
f 2456 	2457 	2393
f 2456 	2393 	2391
f 2457 	2458 	2395
f 2457 	2395 	2393
f 2458 	2459 	2397
f 2458 	2397 	2395
f 2459 	2460 	2399
f 2459 	2399 	2397
f 2460 	2461 	2401
f 2460 	2401 	2399
f 2461 	2462 	2403
f 2461 	2403 	2401
f 2462 	2463 	2405
f 2462 	2405 	2403
f 2463 	2464 	2407
f 2463 	2407 	2405
f 2464 	2465 	2409
f 2464 	2409 	2407
f 2465 	2466 	2411
f 2465 	2411 	2409
f 2466 	2467 	2413
f 2466 	2413 	2411
f 2467 	2468 	2415
f 2467 	2415 	2413
f 2468 	2469 	2417
f 2468 	2417 	2415
f 2469 	2470 	2419
f 2469 	2419 	2417
f 2470 	2471 	2421
f 2470 	2421 	2419
f 2471 	2472 	2423
f 2471 	2423 	2421
f 2472 	2425 	2329
f 2472 	2329 	2423
f 2473 	2474 	2426
f 2473 	2426 	2425
f 2474 	2475 	2427
f 2474 	2427 	2426
f 2475 	2476 	2428
f 2475 	2428 	2427
f 2476 	2477 	2429
f 2476 	2429 	2428
f 2477 	2478 	2430
f 2477 	2430 	2429
f 2478 	2479 	2431
f 2478 	2431 	2430
f 2479 	2480 	2432
f 2479 	2432 	2431
f 2480 	2481 	2433
f 2480 	2433 	2432
f 2481 	2482 	2434
f 2481 	2434 	2433
f 2482 	2483 	2435
f 2482 	2435 	2434
f 2483 	2484 	2436
f 2483 	2436 	2435
f 2484 	2485 	2437
f 2484 	2437 	2436
f 2485 	2486 	2438
f 2485 	2438 	2437
f 2486 	2487 	2439
f 2486 	2439 	2438
f 2487 	2488 	2440
f 2487 	2440 	2439
f 2488 	2489 	2441
f 2488 	2441 	2440
f 2489 	2490 	2442
f 2489 	2442 	2441
f 2490 	2491 	2443
f 2490 	2443 	2442
f 2491 	2492 	2444
f 2491 	2444 	2443
f 2492 	2493 	2445
f 2492 	2445 	2444
f 2493 	2494 	2446
f 2493 	2446 	2445
f 2494 	2495 	2447
f 2494 	2447 	2446
f 2495 	2496 	2448
f 2495 	2448 	2447
f 2496 	2497 	2449
f 2496 	2449 	2448
f 2497 	2498 	2450
f 2497 	2450 	2449
f 2498 	2499 	2451
f 2498 	2451 	2450
f 2499 	2500 	2452
f 2499 	2452 	2451
f 2500 	2501 	2453
f 2500 	2453 	2452
f 2501 	2502 	2454
f 2501 	2454 	2453
f 2502 	2503 	2455
f 2502 	2455 	2454
f 2503 	2504 	2456
f 2503 	2456 	2455
f 2504 	2505 	2457
f 2504 	2457 	2456
f 2505 	2506 	2458
f 2505 	2458 	2457
f 2506 	2507 	2459
f 2506 	2459 	2458
f 2507 	2508 	2460
f 2507 	2460 	2459
f 2508 	2509 	2461
f 2508 	2461 	2460
f 2509 	2510 	2462
f 2509 	2462 	2461
f 2510 	2511 	2463
f 2510 	2463 	2462
f 2511 	2512 	2464
f 2511 	2464 	2463
f 2512 	2513 	2465
f 2512 	2465 	2464
f 2513 	2514 	2466
f 2513 	2466 	2465
f 2514 	2515 	2467
f 2514 	2467 	2466
f 2515 	2516 	2468
f 2515 	2468 	2467
f 2516 	2517 	2469
f 2516 	2469 	2468
f 2517 	2518 	2470
f 2517 	2470 	2469
f 2518 	2519 	2471
f 2518 	2471 	2470
f 2519 	2520 	2472
f 2519 	2472 	2471
f 2520 	2473 	2425
f 2520 	2425 	2472
f 2332 	2331 	2331
f 2331 	2334 	2334
f 2334 	2336 	2336
f 2336 	2338 	2338
f 2338 	2340 	2340
f 2340 	2342 	2342
f 2342 	2344 	2344
f 2344 	2346 	2346
f 2346 	2348 	2348
f 2348 	2350 	2350
f 2350 	2352 	2352
f 2352 	2354 	2354
f 2354 	2356 	2356
f 2356 	2358 	2358
f 2358 	2360 	2360
f 2360 	2362 	2362
f 2362 	2364 	2364
f 2364 	2366 	2366
f 2366 	2368 	2368
f 2368 	2370 	2370
f 2370 	2372 	2372
f 2372 	2374 	2374
f 2374 	2376 	2376
f 2376 	2378 	2378
f 2378 	2380 	2380
f 2380 	2382 	2382
f 2382 	2384 	2384
f 2384 	2386 	2386
f 2386 	2388 	2388
f 2388 	2390 	2390
f 2390 	2392 	2392
f 2392 	2394 	2394
f 2394 	2396 	2396
f 2396 	2398 	2398
f 2398 	2400 	2400
f 2400 	2402 	2402
f 2402 	2404 	2404
f 2404 	2406 	2406
f 2406 	2408 	2408
f 2408 	2410 	2410
f 2410 	2412 	2412
f 2412 	2414 	2414
f 2414 	2416 	2416
f 2416 	2418 	2418
f 2418 	2420 	2420
f 2420 	2422 	2422
f 2422 	2424 	2424
f 2424 	2332 	2332
f 2332 	2331 	2474
f 2332 	2474 	2473
f 2331 	2334 	2475
f 2331 	2475 	2474
f 2334 	2336 	2476
f 2334 	2476 	2475
f 2336 	2338 	2477
f 2336 	2477 	2476
f 2338 	2340 	2478
f 2338 	2478 	2477
f 2340 	2342 	2479
f 2340 	2479 	2478
f 2342 	2344 	2480
f 2342 	2480 	2479
f 2344 	2346 	2481
f 2344 	2481 	2480
f 2346 	2348 	2482
f 2346 	2482 	2481
f 2348 	2350 	2483
f 2348 	2483 	2482
f 2350 	2352 	2484
f 2350 	2484 	2483
f 2352 	2354 	2485
f 2352 	2485 	2484
f 2354 	2356 	2486
f 2354 	2486 	2485
f 2356 	2358 	2487
f 2356 	2487 	2486
f 2358 	2360 	2488
f 2358 	2488 	2487
f 2360 	2362 	2489
f 2360 	2489 	2488
f 2362 	2364 	2490
f 2362 	2490 	2489
f 2364 	2366 	2491
f 2364 	2491 	2490
f 2366 	2368 	2492
f 2366 	2492 	2491
f 2368 	2370 	2493
f 2368 	2493 	2492
f 2370 	2372 	2494
f 2370 	2494 	2493
f 2372 	2374 	2495
f 2372 	2495 	2494
f 2374 	2376 	2496
f 2374 	2496 	2495
f 2376 	2378 	2497
f 2376 	2497 	2496
f 2378 	2380 	2498
f 2378 	2498 	2497
f 2380 	2382 	2499
f 2380 	2499 	2498
f 2382 	2384 	2500
f 2382 	2500 	2499
f 2384 	2386 	2501
f 2384 	2501 	2500
f 2386 	2388 	2502
f 2386 	2502 	2501
f 2388 	2390 	2503
f 2388 	2503 	2502
f 2390 	2392 	2504
f 2390 	2504 	2503
f 2392 	2394 	2505
f 2392 	2505 	2504
f 2394 	2396 	2506
f 2394 	2506 	2505
f 2396 	2398 	2507
f 2396 	2507 	2506
f 2398 	2400 	2508
f 2398 	2508 	2507
f 2400 	2402 	2509
f 2400 	2509 	2508
f 2402 	2404 	2510
f 2402 	2510 	2509
f 2404 	2406 	2511
f 2404 	2511 	2510
f 2406 	2408 	2512
f 2406 	2512 	2511
f 2408 	2410 	2513
f 2408 	2513 	2512
f 2410 	2412 	2514
f 2410 	2514 	2513
f 2412 	2414 	2515
f 2412 	2515 	2514
f 2414 	2416 	2516
f 2414 	2516 	2515
f 2416 	2418 	2517
f 2416 	2517 	2516
f 2418 	2420 	2518
f 2418 	2518 	2517
f 2420 	2422 	2519
f 2420 	2519 	2518
f 2422 	2424 	2520
f 2422 	2520 	2519
f 2424 	2332 	2473
f 2424 	2473 	2520
f 2473 	2474 	2474
f 2474 	2475 	2475
f 2475 	2476 	2476
f 2476 	2477 	2477
f 2477 	2478 	2478
f 2478 	2479 	2479
f 2479 	2480 	2480
f 2480 	2481 	2481
f 2481 	2482 	2482
f 2482 	2483 	2483
f 2483 	2484 	2484
f 2484 	2485 	2485
f 2485 	2486 	2486
f 2486 	2487 	2487
f 2487 	2488 	2488
f 2488 	2489 	2489
f 2489 	2490 	2490
f 2490 	2491 	2491
f 2491 	2492 	2492
f 2492 	2493 	2493
f 2493 	2494 	2494
f 2494 	2495 	2495
f 2495 	2496 	2496
f 2496 	2497 	2497
f 2497 	2498 	2498
f 2498 	2499 	2499
f 2499 	2500 	2500
f 2500 	2501 	2501
f 2501 	2502 	2502
f 2502 	2503 	2503
f 2503 	2504 	2504
f 2504 	2505 	2505
f 2505 	2506 	2506
f 2506 	2507 	2507
f 2507 	2508 	2508
f 2508 	2509 	2509
f 2509 	2510 	2510
f 2510 	2511 	2511
f 2511 	2512 	2512
f 2512 	2513 	2513
f 2513 	2514 	2514
f 2514 	2515 	2515
f 2515 	2516 	2516
f 2516 	2517 	2517
f 2517 	2518 	2518
f 2518 	2519 	2519
f 2519 	2520 	2520
f 2520 	2473 	2473
# 480 faces

 #end of obj_17

o obj_18
v 24.0542 		16.2245 		13.8434
v 23.9545 		16.2182 		13.8461
v 23.9545 		16.9573 		13.5399
v 24.1522 		16.2433 		13.8356
v 24.2468 		16.2744 		13.8228
v 24.3364 		16.3172 		13.8051
v 24.4194 		16.3709 		13.7828
v 24.4945 		16.4346 		13.7564
v 24.5604 		16.5073 		13.7263
v 24.6159 		16.5877 		13.693
v 24.6601 		16.6744 		13.6571
v 24.6922 		16.766 		13.6192
v 24.7116 		16.8608 		13.5799
v 24.7182 		16.9573 		13.5399
v 24.7116 		17.0537 		13.5
v 24.6922 		17.1486 		13.4607
v 24.6601 		17.2401 		13.4228
v 24.6159 		17.3268 		13.3868
v 24.5604 		17.4072 		13.3536
v 24.4945 		17.4799 		13.3234
v 24.4194 		17.5436 		13.297
v 24.3364 		17.5973 		13.2748
v 24.2468 		17.6401 		13.2571
v 24.1522 		17.6712 		13.2442
v 24.0542 		17.69 		13.2364
v 23.9545 		17.6964 		13.2338
v 23.8549 		17.69 		13.2364
v 23.7569 		17.6712 		13.2442
v 23.6623 		17.6401 		13.2571
v 23.5727 		17.5973 		13.2748
v 23.4897 		17.5436 		13.297
v 23.4146 		17.4799 		13.3234
v 23.3487 		17.4072 		13.3536
v 23.2932 		17.3268 		13.3868
v 23.249 		17.2401 		13.4228
v 23.2169 		17.1486 		13.4607
v 23.1974 		17.0537 		13.5
v 23.1909 		16.9573 		13.5399
v 23.1974 		16.8608 		13.5799
v 23.2169 		16.766 		13.6192
v 23.249 		16.6744 		13.6571
v 23.2932 		16.5877 		13.693
v 23.3487 		16.5073 		13.7263
v 23.4146 		16.4346 		13.7564
v 23.4897 		16.3709 		13.7828
v 23.5727 		16.3172 		13.8051
v 23.6623 		16.2744 		13.8228
v 23.7569 		16.2433 		13.8356
v 23.8549 		16.2245 		13.8434
v 23.9545 		17.2197 		16.2641
v 24.0542 		17.2261 		16.2615
v 23.9545 		17.9588 		15.9579
v 24.1522 		17.2449 		16.2536
v 24.2468 		17.276 		16.2408
v 24.3364 		17.3188 		16.2231
v 24.4194 		17.3725 		16.2008
v 24.4945 		17.4362 		16.1744
v 24.5604 		17.5089 		16.1443
v 24.6159 		17.5893 		16.111
v 24.6601 		17.676 		16.0751
v 24.6922 		17.7675 		16.0372
v 24.7116 		17.8624 		15.9979
v 24.7182 		17.9588 		15.9579
v 24.7116 		18.0553 		15.918
v 24.6922 		18.1501 		15.8787
v 24.6601 		18.2417 		15.8408
v 24.6159 		18.3284 		15.8049
v 24.5604 		18.4088 		15.7716
v 24.4945 		18.4815 		15.7414
v 24.4194 		18.5452 		15.715
v 24.3364 		18.5989 		15.6928
v 24.2468 		18.6417 		15.6751
v 24.1522 		18.6728 		15.6622
v 24.0542 		18.6916 		15.6544
v 23.9545 		18.6979 		15.6518
v 23.8549 		18.6916 		15.6544
v 23.7569 		18.6728 		15.6622
v 23.6623 		18.6417 		15.6751
v 23.5727 		18.5989 		15.6928
v 23.4897 		18.5452 		15.715
v 23.4146 		18.4815 		15.7414
v 23.3487 		18.4088 		15.7716
v 23.2932 		18.3284 		15.8049
v 23.249 		18.2417 		15.8408
v 23.2169 		18.1501 		15.8787
v 23.1974 		18.0553 		15.918
v 23.1909 		17.9588 		15.9579
v 23.1974 		17.8624 		15.9979
v 23.2169 		17.7675 		16.0372
v 23.249 		17.676 		16.0751
v 23.2932 		17.5893 		16.111
v 23.3487 		17.5089 		16.1443
v 23.4146 		17.4362 		16.1744
v 23.4897 		17.3725 		16.2008
v 23.5727 		17.3188 		16.2231
v 23.6623 		17.276 		16.2408
v 23.7569 		17.2449 		16.2536
v 23.8549 		17.2261 		16.2615
# 98 vertices

g group_18_14541540

usemtl color_14541540
s 0

f 2521 	2522 	2523
f 2524 	2521 	2523
f 2525 	2524 	2523
f 2526 	2525 	2523
f 2527 	2526 	2523
f 2528 	2527 	2523
f 2529 	2528 	2523
f 2530 	2529 	2523
f 2531 	2530 	2523
f 2532 	2531 	2523
f 2533 	2532 	2523
f 2534 	2533 	2523
f 2535 	2534 	2523
f 2536 	2535 	2523
f 2537 	2536 	2523
f 2538 	2537 	2523
f 2539 	2538 	2523
f 2540 	2539 	2523
f 2541 	2540 	2523
f 2542 	2541 	2523
f 2543 	2542 	2523
f 2544 	2543 	2523
f 2545 	2544 	2523
f 2546 	2545 	2523
f 2547 	2546 	2523
f 2548 	2547 	2523
f 2549 	2548 	2523
f 2550 	2549 	2523
f 2551 	2550 	2523
f 2552 	2551 	2523
f 2553 	2552 	2523
f 2554 	2553 	2523
f 2555 	2554 	2523
f 2556 	2555 	2523
f 2557 	2556 	2523
f 2558 	2557 	2523
f 2559 	2558 	2523
f 2560 	2559 	2523
f 2561 	2560 	2523
f 2562 	2561 	2523
f 2563 	2562 	2523
f 2564 	2563 	2523
f 2565 	2564 	2523
f 2566 	2565 	2523
f 2567 	2566 	2523
f 2568 	2567 	2523
f 2569 	2568 	2523
f 2522 	2569 	2523
f 2570 	2571 	2572
f 2571 	2573 	2572
f 2573 	2574 	2572
f 2574 	2575 	2572
f 2575 	2576 	2572
f 2576 	2577 	2572
f 2577 	2578 	2572
f 2578 	2579 	2572
f 2579 	2580 	2572
f 2580 	2581 	2572
f 2581 	2582 	2572
f 2582 	2583 	2572
f 2583 	2584 	2572
f 2584 	2585 	2572
f 2585 	2586 	2572
f 2586 	2587 	2572
f 2587 	2588 	2572
f 2588 	2589 	2572
f 2589 	2590 	2572
f 2590 	2591 	2572
f 2591 	2592 	2572
f 2592 	2593 	2572
f 2593 	2594 	2572
f 2594 	2595 	2572
f 2595 	2596 	2572
f 2596 	2597 	2572
f 2597 	2598 	2572
f 2598 	2599 	2572
f 2599 	2600 	2572
f 2600 	2601 	2572
f 2601 	2602 	2572
f 2602 	2603 	2572
f 2603 	2604 	2572
f 2604 	2605 	2572
f 2605 	2606 	2572
f 2606 	2607 	2572
f 2607 	2608 	2572
f 2608 	2609 	2572
f 2609 	2610 	2572
f 2610 	2611 	2572
f 2611 	2612 	2572
f 2612 	2613 	2572
f 2613 	2614 	2572
f 2614 	2615 	2572
f 2615 	2616 	2572
f 2616 	2617 	2572
f 2617 	2618 	2572
f 2618 	2570 	2572
f 2522 	2521 	2521
f 2521 	2524 	2524
f 2524 	2525 	2525
f 2525 	2526 	2526
f 2526 	2527 	2527
f 2527 	2528 	2528
f 2528 	2529 	2529
f 2529 	2530 	2530
f 2530 	2531 	2531
f 2531 	2532 	2532
f 2532 	2533 	2533
f 2533 	2534 	2534
f 2534 	2535 	2535
f 2535 	2536 	2536
f 2536 	2537 	2537
f 2537 	2538 	2538
f 2538 	2539 	2539
f 2539 	2540 	2540
f 2540 	2541 	2541
f 2541 	2542 	2542
f 2542 	2543 	2543
f 2543 	2544 	2544
f 2544 	2545 	2545
f 2545 	2546 	2546
f 2546 	2547 	2547
f 2547 	2548 	2548
f 2548 	2549 	2549
f 2549 	2550 	2550
f 2550 	2551 	2551
f 2551 	2552 	2552
f 2552 	2553 	2553
f 2553 	2554 	2554
f 2554 	2555 	2555
f 2555 	2556 	2556
f 2556 	2557 	2557
f 2557 	2558 	2558
f 2558 	2559 	2559
f 2559 	2560 	2560
f 2560 	2561 	2561
f 2561 	2562 	2562
f 2562 	2563 	2563
f 2563 	2564 	2564
f 2564 	2565 	2565
f 2565 	2566 	2566
f 2566 	2567 	2567
f 2567 	2568 	2568
f 2568 	2569 	2569
f 2569 	2522 	2522
f 2522 	2521 	2571
f 2522 	2571 	2570
f 2521 	2524 	2573
f 2521 	2573 	2571
f 2524 	2525 	2574
f 2524 	2574 	2573
f 2525 	2526 	2575
f 2525 	2575 	2574
f 2526 	2527 	2576
f 2526 	2576 	2575
f 2527 	2528 	2577
f 2527 	2577 	2576
f 2528 	2529 	2578
f 2528 	2578 	2577
f 2529 	2530 	2579
f 2529 	2579 	2578
f 2530 	2531 	2580
f 2530 	2580 	2579
f 2531 	2532 	2581
f 2531 	2581 	2580
f 2532 	2533 	2582
f 2532 	2582 	2581
f 2533 	2534 	2583
f 2533 	2583 	2582
f 2534 	2535 	2584
f 2534 	2584 	2583
f 2535 	2536 	2585
f 2535 	2585 	2584
f 2536 	2537 	2586
f 2536 	2586 	2585
f 2537 	2538 	2587
f 2537 	2587 	2586
f 2538 	2539 	2588
f 2538 	2588 	2587
f 2539 	2540 	2589
f 2539 	2589 	2588
f 2540 	2541 	2590
f 2540 	2590 	2589
f 2541 	2542 	2591
f 2541 	2591 	2590
f 2542 	2543 	2592
f 2542 	2592 	2591
f 2543 	2544 	2593
f 2543 	2593 	2592
f 2544 	2545 	2594
f 2544 	2594 	2593
f 2545 	2546 	2595
f 2545 	2595 	2594
f 2546 	2547 	2596
f 2546 	2596 	2595
f 2547 	2548 	2597
f 2547 	2597 	2596
f 2548 	2549 	2598
f 2548 	2598 	2597
f 2549 	2550 	2599
f 2549 	2599 	2598
f 2550 	2551 	2600
f 2550 	2600 	2599
f 2551 	2552 	2601
f 2551 	2601 	2600
f 2552 	2553 	2602
f 2552 	2602 	2601
f 2553 	2554 	2603
f 2553 	2603 	2602
f 2554 	2555 	2604
f 2554 	2604 	2603
f 2555 	2556 	2605
f 2555 	2605 	2604
f 2556 	2557 	2606
f 2556 	2606 	2605
f 2557 	2558 	2607
f 2557 	2607 	2606
f 2558 	2559 	2608
f 2558 	2608 	2607
f 2559 	2560 	2609
f 2559 	2609 	2608
f 2560 	2561 	2610
f 2560 	2610 	2609
f 2561 	2562 	2611
f 2561 	2611 	2610
f 2562 	2563 	2612
f 2562 	2612 	2611
f 2563 	2564 	2613
f 2563 	2613 	2612
f 2564 	2565 	2614
f 2564 	2614 	2613
f 2565 	2566 	2615
f 2565 	2615 	2614
f 2566 	2567 	2616
f 2566 	2616 	2615
f 2567 	2568 	2617
f 2567 	2617 	2616
f 2568 	2569 	2618
f 2568 	2618 	2617
f 2569 	2522 	2570
f 2569 	2570 	2618
f 2570 	2571 	2571
f 2571 	2573 	2573
f 2573 	2574 	2574
f 2574 	2575 	2575
f 2575 	2576 	2576
f 2576 	2577 	2577
f 2577 	2578 	2578
f 2578 	2579 	2579
f 2579 	2580 	2580
f 2580 	2581 	2581
f 2581 	2582 	2582
f 2582 	2583 	2583
f 2583 	2584 	2584
f 2584 	2585 	2585
f 2585 	2586 	2586
f 2586 	2587 	2587
f 2587 	2588 	2588
f 2588 	2589 	2589
f 2589 	2590 	2590
f 2590 	2591 	2591
f 2591 	2592 	2592
f 2592 	2593 	2593
f 2593 	2594 	2594
f 2594 	2595 	2595
f 2595 	2596 	2596
f 2596 	2597 	2597
f 2597 	2598 	2598
f 2598 	2599 	2599
f 2599 	2600 	2600
f 2600 	2601 	2601
f 2601 	2602 	2602
f 2602 	2603 	2603
f 2603 	2604 	2604
f 2604 	2605 	2605
f 2605 	2606 	2606
f 2606 	2607 	2607
f 2607 	2608 	2608
f 2608 	2609 	2609
f 2609 	2610 	2610
f 2610 	2611 	2611
f 2611 	2612 	2612
f 2612 	2613 	2613
f 2613 	2614 	2614
f 2614 	2615 	2615
f 2615 	2616 	2616
f 2616 	2617 	2617
f 2617 	2618 	2618
f 2618 	2570 	2570
# 288 faces

 #end of obj_18

o obj_19
v 24.0293 		18.7922 		16.4154
v 23.9545 		18.7969 		16.4134
v 23.9545 		18.2426 		16.643
v 24.1028 		18.7781 		16.4212
v 24.1737 		18.7547 		16.4309
v 24.2409 		18.7227 		16.4442
v 24.3032 		18.6824 		16.4609
v 24.3595 		18.6346 		16.4807
v 24.4089 		18.5801 		16.5032
v 24.4505 		18.5198 		16.5282
v 24.4837 		18.4547 		16.5552
v 24.5078 		18.3861 		16.5836
v 24.5224 		18.315 		16.6131
v 24.5273 		18.2426 		16.643
v 24.5224 		18.1703 		16.673
v 24.5078 		18.0991 		16.7025
v 24.4837 		18.0305 		16.7309
v 24.4505 		17.9655 		16.7578
v 24.4089 		17.9052 		16.7828
v 24.3595 		17.8506 		16.8054
v 24.3032 		17.8028 		16.8252
v 24.2409 		17.7626 		16.8419
v 24.1737 		17.7305 		16.8552
v 24.1028 		17.7072 		16.8648
v 24.0293 		17.693 		16.8707
v 23.9545 		17.6883 		16.8726
v 23.8798 		17.693 		16.8707
v 23.8063 		17.7072 		16.8648
v 23.7354 		17.7305 		16.8552
v 23.6682 		17.7626 		16.8419
v 23.6059 		17.8028 		16.8252
v 23.5496 		17.8506 		16.8054
v 23.5002 		17.9052 		16.7828
v 23.4585 		17.9655 		16.7578
v 23.4254 		18.0305 		16.7309
v 23.4013 		18.0991 		16.7025
v 23.3867 		18.1703 		16.673
v 23.3818 		18.2426 		16.643
v 23.3867 		18.315 		16.6131
v 23.4013 		18.3861 		16.5836
v 23.4254 		18.4547 		16.5552
v 23.4585 		18.5198 		16.5282
v 23.5002 		18.5801 		16.5032
v 23.5496 		18.6346 		16.4807
v 23.6059 		18.6824 		16.4609
v 23.6682 		18.7227 		16.4442
v 23.7354 		18.7547 		16.4309
v 23.8063 		18.7781 		16.4212
v 23.8798 		18.7922 		16.4154
v 23.9545 		17.3831 		13
v 24.0293 		17.3783 		13.002
v 23.9545 		16.8287 		13.2296
v 24.1028 		17.3642 		13.0078
v 24.1737 		17.3409 		13.0175
v 24.2409 		17.3088 		13.0308
v 24.3032 		17.2685 		13.0474
v 24.3595 		17.2207 		13.0673
v 24.4089 		17.1662 		13.0898
v 24.4505 		17.1059 		13.1148
v 24.4837 		17.0409 		13.1417
v 24.5078 		16.9722 		13.1702
v 24.5224 		16.9011 		13.1996
v 24.5273 		16.8287 		13.2296
v 24.5224 		16.7564 		13.2596
v 24.5078 		16.6853 		13.289
v 24.4837 		16.6166 		13.3175
v 24.4505 		16.5516 		13.3444
v 24.4089 		16.4913 		13.3694
v 24.3595 		16.4368 		13.392
v 24.3032 		16.389 		13.4118
v 24.2409 		16.3487 		13.4285
v 24.1737 		16.3166 		13.4417
v 24.1028 		16.2933 		13.4514
v 24.0293 		16.2791 		13.4573
v 23.9545 		16.2744 		13.4592
v 23.8798 		16.2791 		13.4573
v 23.8063 		16.2933 		13.4514
v 23.7354 		16.3166 		13.4417
v 23.6682 		16.3487 		13.4285
v 23.6059 		16.389 		13.4118
v 23.5496 		16.4368 		13.392
v 23.5002 		16.4913 		13.3694
v 23.4585 		16.5516 		13.3444
v 23.4254 		16.6166 		13.3175
v 23.4013 		16.6853 		13.289
v 23.3867 		16.7564 		13.2596
v 23.3818 		16.8287 		13.2296
v 23.3867 		16.9011 		13.1996
v 23.4013 		16.9722 		13.1702
v 23.4254 		17.0409 		13.1417
v 23.4585 		17.1059 		13.1148
v 23.5002 		17.1662 		13.0898
v 23.5496 		17.2207 		13.0673
v 23.6059 		17.2685 		13.0474
v 23.6682 		17.3088 		13.0308
v 23.7354 		17.3409 		13.0175
v 23.8063 		17.3642 		13.0078
v 23.8798 		17.3783 		13.002
# 98 vertices

g group_19_2829873

usemtl color_2829873
s 0

f 2619 	2620 	2621
f 2622 	2619 	2621
f 2623 	2622 	2621
f 2624 	2623 	2621
f 2625 	2624 	2621
f 2626 	2625 	2621
f 2627 	2626 	2621
f 2628 	2627 	2621
f 2629 	2628 	2621
f 2630 	2629 	2621
f 2631 	2630 	2621
f 2632 	2631 	2621
f 2633 	2632 	2621
f 2634 	2633 	2621
f 2635 	2634 	2621
f 2636 	2635 	2621
f 2637 	2636 	2621
f 2638 	2637 	2621
f 2639 	2638 	2621
f 2640 	2639 	2621
f 2641 	2640 	2621
f 2642 	2641 	2621
f 2643 	2642 	2621
f 2644 	2643 	2621
f 2645 	2644 	2621
f 2646 	2645 	2621
f 2647 	2646 	2621
f 2648 	2647 	2621
f 2649 	2648 	2621
f 2650 	2649 	2621
f 2651 	2650 	2621
f 2652 	2651 	2621
f 2653 	2652 	2621
f 2654 	2653 	2621
f 2655 	2654 	2621
f 2656 	2655 	2621
f 2657 	2656 	2621
f 2658 	2657 	2621
f 2659 	2658 	2621
f 2660 	2659 	2621
f 2661 	2660 	2621
f 2662 	2661 	2621
f 2663 	2662 	2621
f 2664 	2663 	2621
f 2665 	2664 	2621
f 2666 	2665 	2621
f 2667 	2666 	2621
f 2620 	2667 	2621
f 2668 	2669 	2670
f 2669 	2671 	2670
f 2671 	2672 	2670
f 2672 	2673 	2670
f 2673 	2674 	2670
f 2674 	2675 	2670
f 2675 	2676 	2670
f 2676 	2677 	2670
f 2677 	2678 	2670
f 2678 	2679 	2670
f 2679 	2680 	2670
f 2680 	2681 	2670
f 2681 	2682 	2670
f 2682 	2683 	2670
f 2683 	2684 	2670
f 2684 	2685 	2670
f 2685 	2686 	2670
f 2686 	2687 	2670
f 2687 	2688 	2670
f 2688 	2689 	2670
f 2689 	2690 	2670
f 2690 	2691 	2670
f 2691 	2692 	2670
f 2692 	2693 	2670
f 2693 	2694 	2670
f 2694 	2695 	2670
f 2695 	2696 	2670
f 2696 	2697 	2670
f 2697 	2698 	2670
f 2698 	2699 	2670
f 2699 	2700 	2670
f 2700 	2701 	2670
f 2701 	2702 	2670
f 2702 	2703 	2670
f 2703 	2704 	2670
f 2704 	2705 	2670
f 2705 	2706 	2670
f 2706 	2707 	2670
f 2707 	2708 	2670
f 2708 	2709 	2670
f 2709 	2710 	2670
f 2710 	2711 	2670
f 2711 	2712 	2670
f 2712 	2713 	2670
f 2713 	2714 	2670
f 2714 	2715 	2670
f 2715 	2716 	2670
f 2716 	2668 	2670
f 2620 	2619 	2619
f 2619 	2622 	2622
f 2622 	2623 	2623
f 2623 	2624 	2624
f 2624 	2625 	2625
f 2625 	2626 	2626
f 2626 	2627 	2627
f 2627 	2628 	2628
f 2628 	2629 	2629
f 2629 	2630 	2630
f 2630 	2631 	2631
f 2631 	2632 	2632
f 2632 	2633 	2633
f 2633 	2634 	2634
f 2634 	2635 	2635
f 2635 	2636 	2636
f 2636 	2637 	2637
f 2637 	2638 	2638
f 2638 	2639 	2639
f 2639 	2640 	2640
f 2640 	2641 	2641
f 2641 	2642 	2642
f 2642 	2643 	2643
f 2643 	2644 	2644
f 2644 	2645 	2645
f 2645 	2646 	2646
f 2646 	2647 	2647
f 2647 	2648 	2648
f 2648 	2649 	2649
f 2649 	2650 	2650
f 2650 	2651 	2651
f 2651 	2652 	2652
f 2652 	2653 	2653
f 2653 	2654 	2654
f 2654 	2655 	2655
f 2655 	2656 	2656
f 2656 	2657 	2657
f 2657 	2658 	2658
f 2658 	2659 	2659
f 2659 	2660 	2660
f 2660 	2661 	2661
f 2661 	2662 	2662
f 2662 	2663 	2663
f 2663 	2664 	2664
f 2664 	2665 	2665
f 2665 	2666 	2666
f 2666 	2667 	2667
f 2667 	2620 	2620
f 2620 	2619 	2669
f 2620 	2669 	2668
f 2619 	2622 	2671
f 2619 	2671 	2669
f 2622 	2623 	2672
f 2622 	2672 	2671
f 2623 	2624 	2673
f 2623 	2673 	2672
f 2624 	2625 	2674
f 2624 	2674 	2673
f 2625 	2626 	2675
f 2625 	2675 	2674
f 2626 	2627 	2676
f 2626 	2676 	2675
f 2627 	2628 	2677
f 2627 	2677 	2676
f 2628 	2629 	2678
f 2628 	2678 	2677
f 2629 	2630 	2679
f 2629 	2679 	2678
f 2630 	2631 	2680
f 2630 	2680 	2679
f 2631 	2632 	2681
f 2631 	2681 	2680
f 2632 	2633 	2682
f 2632 	2682 	2681
f 2633 	2634 	2683
f 2633 	2683 	2682
f 2634 	2635 	2684
f 2634 	2684 	2683
f 2635 	2636 	2685
f 2635 	2685 	2684
f 2636 	2637 	2686
f 2636 	2686 	2685
f 2637 	2638 	2687
f 2637 	2687 	2686
f 2638 	2639 	2688
f 2638 	2688 	2687
f 2639 	2640 	2689
f 2639 	2689 	2688
f 2640 	2641 	2690
f 2640 	2690 	2689
f 2641 	2642 	2691
f 2641 	2691 	2690
f 2642 	2643 	2692
f 2642 	2692 	2691
f 2643 	2644 	2693
f 2643 	2693 	2692
f 2644 	2645 	2694
f 2644 	2694 	2693
f 2645 	2646 	2695
f 2645 	2695 	2694
f 2646 	2647 	2696
f 2646 	2696 	2695
f 2647 	2648 	2697
f 2647 	2697 	2696
f 2648 	2649 	2698
f 2648 	2698 	2697
f 2649 	2650 	2699
f 2649 	2699 	2698
f 2650 	2651 	2700
f 2650 	2700 	2699
f 2651 	2652 	2701
f 2651 	2701 	2700
f 2652 	2653 	2702
f 2652 	2702 	2701
f 2653 	2654 	2703
f 2653 	2703 	2702
f 2654 	2655 	2704
f 2654 	2704 	2703
f 2655 	2656 	2705
f 2655 	2705 	2704
f 2656 	2657 	2706
f 2656 	2706 	2705
f 2657 	2658 	2707
f 2657 	2707 	2706
f 2658 	2659 	2708
f 2658 	2708 	2707
f 2659 	2660 	2709
f 2659 	2709 	2708
f 2660 	2661 	2710
f 2660 	2710 	2709
f 2661 	2662 	2711
f 2661 	2711 	2710
f 2662 	2663 	2712
f 2662 	2712 	2711
f 2663 	2664 	2713
f 2663 	2713 	2712
f 2664 	2665 	2714
f 2664 	2714 	2713
f 2665 	2666 	2715
f 2665 	2715 	2714
f 2666 	2667 	2716
f 2666 	2716 	2715
f 2667 	2620 	2668
f 2667 	2668 	2716
f 2668 	2669 	2669
f 2669 	2671 	2671
f 2671 	2672 	2672
f 2672 	2673 	2673
f 2673 	2674 	2674
f 2674 	2675 	2675
f 2675 	2676 	2676
f 2676 	2677 	2677
f 2677 	2678 	2678
f 2678 	2679 	2679
f 2679 	2680 	2680
f 2680 	2681 	2681
f 2681 	2682 	2682
f 2682 	2683 	2683
f 2683 	2684 	2684
f 2684 	2685 	2685
f 2685 	2686 	2686
f 2686 	2687 	2687
f 2687 	2688 	2688
f 2688 	2689 	2689
f 2689 	2690 	2690
f 2690 	2691 	2691
f 2691 	2692 	2692
f 2692 	2693 	2693
f 2693 	2694 	2694
f 2694 	2695 	2695
f 2695 	2696 	2696
f 2696 	2697 	2697
f 2697 	2698 	2698
f 2698 	2699 	2699
f 2699 	2700 	2700
f 2700 	2701 	2701
f 2701 	2702 	2702
f 2702 	2703 	2703
f 2703 	2704 	2704
f 2704 	2705 	2705
f 2705 	2706 	2706
f 2706 	2707 	2707
f 2707 	2708 	2708
f 2708 	2709 	2709
f 2709 	2710 	2710
f 2710 	2711 	2711
f 2711 	2712 	2712
f 2712 	2713 	2713
f 2713 	2714 	2714
f 2714 	2715 	2715
f 2715 	2716 	2716
f 2716 	2668 	2668
# 288 faces

 #end of obj_19

o obj_20
v 28 		15 		19
v 27.9831 		15 		19.5881
v 27.9327 		15 		20.1705
v 27.8493 		15 		20.7417
v 27.7336 		15 		21.2961
v 27.5867 		15 		21.8284
v 27.4101 		15 		22.3334
v 27.2055 		15 		22.8064
v 26.9749 		15 		23.2426
v 26.7204 		15 		23.6381
v 26.4445 		15 		23.9888
v 26.1499 		15 		24.2915
v 25.8394 		15 		24.5433
v 25.516 		15 		24.7416
v 25.1828 		15 		24.8847
v 24.8431 		15 		24.9711
v 24.5 		15 		25
v 24.1569 		15 		24.9711
v 23.8172 		15 		24.8847
v 23.484 		15 		24.7416
v 23.1606 		15 		24.5433
v 22.8501 		15 		24.2915
v 22.5555 		15 		23.9888
v 22.2796 		15 		23.6381
v 22.0251 		15 		23.2426
v 21.7945 		15 		22.8064
v 21.5899 		15 		22.3334
v 21.4133 		15 		21.8284
v 21.2664 		15 		21.2961
v 21.1507 		15 		20.7417
v 21.0673 		15 		20.1705
v 21.0169 		15 		19.5881
v 21 		15 		19
v 28 		23 		19
v 27.9831 		23 		19.5881
v 27.9327 		23 		20.1705
v 27.8493 		23 		20.7417
v 27.7336 		23 		21.2961
v 27.5867 		23 		21.8284
v 27.4101 		23 		22.3334
v 27.2055 		23 		22.8064
v 26.9749 		23 		23.2426
v 26.7204 		23 		23.6381
v 26.4445 		23 		23.9888
v 26.1499 		23 		24.2915
v 25.8394 		23 		24.5433
v 25.516 		23 		24.7416
v 25.1828 		23 		24.8847
v 24.8431 		23 		24.9711
v 24.5 		23 		25
v 24.1569 		23 		24.9711
v 23.8172 		23 		24.8847
v 23.484 		23 		24.7416
v 23.1606 		23 		24.5433
v 22.8501 		23 		24.2915
v 22.5555 		23 		23.9888
v 22.2796 		23 		23.6381
v 22.0251 		23 		23.2426
v 21.7945 		23 		22.8064
v 21.5899 		23 		22.3334
v 21.4133 		23 		21.8284
v 21.2664 		23 		21.2961
v 21.1507 		23 		20.7417
v 21.0673 		23 		20.1705
v 21.0169 		23 		19.5881
v 21 		23 		19
v 24.5 		15 		19
v 24.5 		23 		19
# 68 vertices

g group_20_16777215

usemtl color_16777215
s 0

f 2750 	2751 	2718
f 2717 	2750 	2718
f 2751 	2752 	2719
f 2718 	2751 	2719
f 2752 	2753 	2720
f 2719 	2752 	2720
f 2753 	2754 	2721
f 2720 	2753 	2721
f 2754 	2755 	2722
f 2721 	2754 	2722
f 2755 	2756 	2723
f 2722 	2755 	2723
f 2756 	2757 	2724
f 2723 	2756 	2724
f 2757 	2758 	2725
f 2724 	2757 	2725
f 2758 	2759 	2726
f 2725 	2758 	2726
f 2759 	2760 	2727
f 2726 	2759 	2727
f 2760 	2761 	2728
f 2727 	2760 	2728
f 2761 	2762 	2729
f 2728 	2761 	2729
f 2762 	2763 	2730
f 2729 	2762 	2730
f 2763 	2764 	2731
f 2730 	2763 	2731
f 2764 	2765 	2732
f 2731 	2764 	2732
f 2765 	2766 	2733
f 2732 	2765 	2733
f 2766 	2767 	2734
f 2733 	2766 	2734
f 2767 	2768 	2735
f 2734 	2767 	2735
f 2768 	2769 	2736
f 2735 	2768 	2736
f 2769 	2770 	2737
f 2736 	2769 	2737
f 2770 	2771 	2738
f 2737 	2770 	2738
f 2771 	2772 	2739
f 2738 	2771 	2739
f 2772 	2773 	2740
f 2739 	2772 	2740
f 2773 	2774 	2741
f 2740 	2773 	2741
f 2774 	2775 	2742
f 2741 	2774 	2742
f 2775 	2776 	2743
f 2742 	2775 	2743
f 2776 	2777 	2744
f 2743 	2776 	2744
f 2777 	2778 	2745
f 2744 	2777 	2745
f 2778 	2779 	2746
f 2745 	2778 	2746
f 2779 	2780 	2747
f 2746 	2779 	2747
f 2780 	2781 	2748
f 2747 	2780 	2748
f 2781 	2782 	2749
f 2748 	2781 	2749
f 2717 	2718 	2783
f 2718 	2719 	2783
f 2719 	2720 	2783
f 2720 	2721 	2783
f 2721 	2722 	2783
f 2722 	2723 	2783
f 2723 	2724 	2783
f 2724 	2725 	2783
f 2725 	2726 	2783
f 2726 	2727 	2783
f 2727 	2728 	2783
f 2728 	2729 	2783
f 2729 	2730 	2783
f 2730 	2731 	2783
f 2731 	2732 	2783
f 2732 	2733 	2783
f 2733 	2734 	2783
f 2734 	2735 	2783
f 2735 	2736 	2783
f 2736 	2737 	2783
f 2737 	2738 	2783
f 2738 	2739 	2783
f 2739 	2740 	2783
f 2740 	2741 	2783
f 2741 	2742 	2783
f 2742 	2743 	2783
f 2743 	2744 	2783
f 2744 	2745 	2783
f 2745 	2746 	2783
f 2746 	2747 	2783
f 2747 	2748 	2783
f 2748 	2749 	2783
f 2751 	2750 	2784
f 2752 	2751 	2784
f 2753 	2752 	2784
f 2754 	2753 	2784
f 2755 	2754 	2784
f 2756 	2755 	2784
f 2757 	2756 	2784
f 2758 	2757 	2784
f 2759 	2758 	2784
f 2760 	2759 	2784
f 2761 	2760 	2784
f 2762 	2761 	2784
f 2763 	2762 	2784
f 2764 	2763 	2784
f 2765 	2764 	2784
f 2766 	2765 	2784
f 2767 	2766 	2784
f 2768 	2767 	2784
f 2769 	2768 	2784
f 2770 	2769 	2784
f 2771 	2770 	2784
f 2772 	2771 	2784
f 2773 	2772 	2784
f 2774 	2773 	2784
f 2775 	2774 	2784
f 2776 	2775 	2784
f 2777 	2776 	2784
f 2778 	2777 	2784
f 2779 	2778 	2784
f 2780 	2779 	2784
f 2781 	2780 	2784
f 2782 	2781 	2784
f 2717 	2749 	2750
f 2750 	2749 	2782
# 130 faces

 #end of obj_20

o obj_21
v 34 		13 		9
v 34 		24 		9
v 34 		13 		8
v 34 		24 		8
v 18 		24 		9
v 18 		13 		9
v 18 		24 		8
v 18 		13 		8
# 8 vertices

g group_21_2829873

usemtl color_2829873
s 0

f 2785 	2787 	2786
f 2787 	2788 	2786
f 2789 	2791 	2790
f 2791 	2792 	2790
f 2789 	2790 	2786
f 2790 	2785 	2786
f 2792 	2791 	2787
f 2791 	2788 	2787
f 2790 	2792 	2785
f 2792 	2787 	2785
f 2786 	2788 	2789
f 2788 	2791 	2789
# 12 faces

 #end of obj_21

o obj_22
v 34 		23 		8
v 34 		23 		6
v 32 		23 		8
v 32 		21 		8
v 34 		21 		6
v 34 		21 		8
# 6 vertices

g group_22_16448250

usemtl color_16448250
s 0

f 2793 	2794 	2795
f 2796 	2797 	2798
f 2793 	2795 	2798
f 2795 	2796 	2798
f 2795 	2794 	2796
f 2794 	2797 	2796
f 2794 	2793 	2797
f 2793 	2798 	2797
# 8 faces

 #end of obj_22

o obj_23
v 34 		17 		8
v 34 		17 		6
v 32 		17 		8
v 32 		15 		8
v 34 		15 		6
v 34 		15 		8
# 6 vertices

g group_23_16448250

usemtl color_16448250
s 0

f 2799 	2800 	2801
f 2802 	2803 	2804
f 2799 	2801 	2804
f 2801 	2802 	2804
f 2801 	2800 	2802
f 2800 	2803 	2802
f 2800 	2799 	2803
f 2799 	2804 	2803
# 8 faces

 #end of obj_23

o obj_24
v 27 		14 		9.01
v 27 		23 		9.01
v 27 		14 		9
v 27 		23 		9
v 22 		23 		9.01
v 22 		14 		9.01
v 22 		23 		9
v 22 		14 		9
# 8 vertices

g group_24_-1023739142

usemtl color_-1023739142
s 0

f 2805 	2807 	2806
f 2807 	2808 	2806
f 2809 	2811 	2810
f 2811 	2812 	2810
f 2809 	2810 	2806
f 2810 	2805 	2806
f 2812 	2811 	2807
f 2811 	2808 	2807
f 2810 	2812 	2805
f 2812 	2807 	2805
f 2806 	2808 	2809
f 2808 	2811 	2809
# 12 faces

 #end of obj_24

o obj_25
v 23.1217 		19.375 		20.0607
v 23.2255 		19.3846 		20.1645
v 23.2601 		19.0128 		20.1991
v 23.1217 		19 		20.0607
v 23.3276 		19.4133 		20.2665
v 23.3962 		19.0511 		20.3352
v 23.4261 		19.4606 		20.3651
v 23.5276 		19.1142 		20.4666
v 23.5194 		19.5257 		20.4584
v 23.652 		19.201 		20.591
v 23.6059 		19.6075 		20.5449
v 23.7674 		19.31 		20.7063
v 23.6842 		19.7045 		20.6232
v 23.8717 		19.4393 		20.8107
v 23.7528 		19.8151 		20.6918
v 23.9632 		19.5869 		20.9021
v 23.8106 		19.9375 		20.7496
v 24.0402 		19.75 		20.9792
v 23.8566 		20.0695 		20.7956
v 24.1016 		19.926 		21.0406
v 23.8901 		20.2088 		20.829
v 24.1462 		20.1118 		21.0852
v 23.9104 		20.3532 		20.8493
v 24.1733 		20.3042 		21.1122
v 23.9172 		20.5 		20.8562
v 24.1823 		20.5 		21.1213
v 23.9104 		20.6468 		20.8493
v 24.1733 		20.6958 		21.1122
v 23.8901 		20.7912 		20.829
v 24.1462 		20.8882 		21.0852
v 23.8566 		20.9305 		20.7956
v 24.1016 		21.074 		21.0406
v 23.8106 		21.0625 		20.7496
v 24.0402 		21.25 		20.9792
v 23.7528 		21.1849 		20.6918
v 23.9632 		21.4131 		20.9021
v 23.6842 		21.2955 		20.6232
v 23.8717 		21.5607 		20.8107
v 23.6059 		21.3925 		20.5449
v 23.7674 		21.69 		20.7063
v 23.5194 		21.4743 		20.4584
v 23.652 		21.799 		20.591
v 23.4261 		21.5394 		20.3651
v 23.5276 		21.8858 		20.4666
v 23.3276 		21.5867 		20.2665
v 23.3962 		21.9489 		20.3352
v 23.2255 		21.6154 		20.1645
v 23.2601 		21.9872 		20.1991
v 23.1217 		21.625 		20.0607
v 23.1217 		22 		20.0607
v 23.0178 		21.6154 		19.9568
v 22.9832 		21.9872 		19.9222
v 22.9158 		21.5867 		19.8548
v 22.8472 		21.9489 		19.7861
v 22.8173 		21.5394 		19.7562
v 22.7158 		21.8858 		19.6548
v 22.7239 		21.4743 		19.6629
v 22.5913 		21.799 		19.5303
v 22.6374 		21.3925 		19.5764
v 22.476 		21.69 		19.415
v 22.5592 		21.2955 		19.4982
v 22.3717 		21.5607 		19.3107
v 22.4906 		21.1849 		19.4296
v 22.2802 		21.4131 		19.2192
v 22.4328 		21.0625 		19.3717
v 22.2031 		21.25 		19.1421
v 22.3867 		20.9305 		19.3257
v 22.1418 		21.074 		19.0807
v 22.3533 		20.7912 		19.2923
v 22.0972 		20.8882 		19.0361
v 22.333 		20.6468 		19.272
v 22.0701 		20.6958 		19.0091
v 22.3262 		20.5 		19.2652
v 22.061 		20.5 		19
v 22.333 		20.3532 		19.272
v 22.0701 		20.3042 		19.0091
v 22.3533 		20.2088 		19.2923
v 22.0972 		20.1118 		19.0361
v 22.3867 		20.0695 		19.3257
v 22.1418 		19.926 		19.0807
v 22.4328 		19.9375 		19.3717
v 22.2031 		19.75 		19.1421
v 22.4906 		19.8151 		19.4296
v 22.2802 		19.5869 		19.2192
v 22.5592 		19.7045 		19.4982
v 22.3717 		19.4393 		19.3107
v 22.6374 		19.6075 		19.5764
v 22.476 		19.31 		19.415
v 22.7239 		19.5257 		19.6629
v 22.5913 		19.201 		19.5303
v 22.8173 		19.4606 		19.7562
v 22.7158 		19.1142 		19.6548
v 22.9158 		19.4133 		19.8548
v 22.8472 		19.0511 		19.7861
v 23.0178 		19.3846 		19.9568
v 22.9832 		19.0128 		19.9222
v 22.2889 		19.375 		20.8935
v 22.3927 		19.3846 		20.9973
v 22.4948 		19.4133 		21.0993
v 22.5933 		19.4606 		21.1979
v 22.6866 		19.5257 		21.2912
v 22.7731 		19.6075 		21.3777
v 22.8514 		19.7045 		21.456
v 22.92 		19.8151 		21.5246
v 22.9778 		19.9375 		21.5824
v 23.0238 		20.0695 		21.6284
v 23.0573 		20.2088 		21.6618
v 23.0776 		20.3532 		21.6821
v 23.0844 		20.5 		21.689
v 23.0776 		20.6468 		21.6821
v 23.0573 		20.7912 		21.6618
v 23.0238 		20.9305 		21.6284
v 22.9778 		21.0625 		21.5824
v 22.92 		21.1849 		21.5246
v 22.8514 		21.2955 		21.456
v 22.7731 		21.3925 		21.3777
v 22.6866 		21.4743 		21.2912
v 22.5933 		21.5394 		21.1979
v 22.4948 		21.5867 		21.0993
v 22.3927 		21.6154 		20.9973
v 22.2889 		21.625 		20.8935
v 22.185 		21.6154 		20.7896
v 22.083 		21.5867 		20.6876
v 21.9845 		21.5394 		20.589
v 21.8911 		21.4743 		20.4957
v 21.8046 		21.3925 		20.4092
v 21.7264 		21.2955 		20.331
v 21.6578 		21.1849 		20.2623
v 21.6 		21.0625 		20.2045
v 21.5539 		20.9305 		20.1585
v 21.5205 		20.7912 		20.1251
v 21.5002 		20.6468 		20.1048
v 21.4934 		20.5 		20.098
v 21.5002 		20.3532 		20.1048
v 21.5205 		20.2088 		20.1251
v 21.5539 		20.0695 		20.1585
v 21.6 		19.9375 		20.2045
v 21.6578 		19.8151 		20.2623
v 21.7264 		19.7045 		20.331
v 21.8046 		19.6075 		20.4092
v 21.8911 		19.5257 		20.4957
v 21.9845 		19.4606 		20.589
v 22.083 		19.4133 		20.6876
v 22.185 		19.3846 		20.7896
v 22.2889 		19 		20.8935
v 22.4273 		19.0128 		21.0319
v 22.5634 		19.0511 		21.168
v 22.6948 		19.1142 		21.2994
v 22.8192 		19.201 		21.4238
v 22.9346 		19.31 		21.5391
v 23.0389 		19.4393 		21.6435
v 23.1304 		19.5869 		21.7349
v 23.2074 		19.75 		21.812
v 23.2688 		19.926 		21.8734
v 23.3134 		20.1118 		21.918
v 23.3405 		20.3042 		21.945
v 23.3495 		20.5 		21.9541
v 23.3405 		20.6958 		21.945
v 23.3134 		20.8882 		21.918
v 23.2688 		21.074 		21.8734
v 23.2074 		21.25 		21.812
v 23.1304 		21.4131 		21.7349
v 23.0389 		21.5607 		21.6435
v 22.9346 		21.69 		21.5391
v 22.8192 		21.799 		21.4238
v 22.6948 		21.8858 		21.2994
v 22.5634 		21.9489 		21.168
v 22.4273 		21.9872 		21.0319
v 22.2889 		22 		20.8935
v 22.1504 		21.9872 		20.755
v 22.0144 		21.9489 		20.6189
v 21.883 		21.8858 		20.4876
v 21.7585 		21.799 		20.3631
v 21.6432 		21.69 		20.2478
v 21.5389 		21.5607 		20.1435
v 21.4474 		21.4131 		20.052
v 21.3703 		21.25 		19.9749
v 21.309 		21.074 		19.9135
v 21.2644 		20.8882 		19.8689
v 21.2373 		20.6958 		19.8419
v 21.2282 		20.5 		19.8328
v 21.2373 		20.3042 		19.8419
v 21.2644 		20.1118 		19.8689
v 21.309 		19.926 		19.9135
v 21.3703 		19.75 		19.9749
v 21.4474 		19.5869 		20.052
v 21.5389 		19.4393 		20.1435
v 21.6432 		19.31 		20.2478
v 21.7585 		19.201 		20.3631
v 21.883 		19.1142 		20.4876
v 22.0144 		19.0511 		20.6189
v 22.1504 		19.0128 		20.755
# 192 vertices

g group_25_10988977

usemtl color_10988977
s 0

f 2813 	2814 	2815
f 2813 	2815 	2816
f 2814 	2817 	2818
f 2814 	2818 	2815
f 2817 	2819 	2820
f 2817 	2820 	2818
f 2819 	2821 	2822
f 2819 	2822 	2820
f 2821 	2823 	2824
f 2821 	2824 	2822
f 2823 	2825 	2826
f 2823 	2826 	2824
f 2825 	2827 	2828
f 2825 	2828 	2826
f 2827 	2829 	2830
f 2827 	2830 	2828
f 2829 	2831 	2832
f 2829 	2832 	2830
f 2831 	2833 	2834
f 2831 	2834 	2832
f 2833 	2835 	2836
f 2833 	2836 	2834
f 2835 	2837 	2838
f 2835 	2838 	2836
f 2837 	2839 	2840
f 2837 	2840 	2838
f 2839 	2841 	2842
f 2839 	2842 	2840
f 2841 	2843 	2844
f 2841 	2844 	2842
f 2843 	2845 	2846
f 2843 	2846 	2844
f 2845 	2847 	2848
f 2845 	2848 	2846
f 2847 	2849 	2850
f 2847 	2850 	2848
f 2849 	2851 	2852
f 2849 	2852 	2850
f 2851 	2853 	2854
f 2851 	2854 	2852
f 2853 	2855 	2856
f 2853 	2856 	2854
f 2855 	2857 	2858
f 2855 	2858 	2856
f 2857 	2859 	2860
f 2857 	2860 	2858
f 2859 	2861 	2862
f 2859 	2862 	2860
f 2861 	2863 	2864
f 2861 	2864 	2862
f 2863 	2865 	2866
f 2863 	2866 	2864
f 2865 	2867 	2868
f 2865 	2868 	2866
f 2867 	2869 	2870
f 2867 	2870 	2868
f 2869 	2871 	2872
f 2869 	2872 	2870
f 2871 	2873 	2874
f 2871 	2874 	2872
f 2873 	2875 	2876
f 2873 	2876 	2874
f 2875 	2877 	2878
f 2875 	2878 	2876
f 2877 	2879 	2880
f 2877 	2880 	2878
f 2879 	2881 	2882
f 2879 	2882 	2880
f 2881 	2883 	2884
f 2881 	2884 	2882
f 2883 	2885 	2886
f 2883 	2886 	2884
f 2885 	2887 	2888
f 2885 	2888 	2886
f 2887 	2889 	2890
f 2887 	2890 	2888
f 2889 	2891 	2892
f 2889 	2892 	2890
f 2891 	2893 	2894
f 2891 	2894 	2892
f 2893 	2895 	2896
f 2893 	2896 	2894
f 2895 	2897 	2898
f 2895 	2898 	2896
f 2897 	2899 	2900
f 2897 	2900 	2898
f 2899 	2901 	2902
f 2899 	2902 	2900
f 2901 	2903 	2904
f 2901 	2904 	2902
f 2903 	2905 	2906
f 2903 	2906 	2904
f 2905 	2907 	2908
f 2905 	2908 	2906
f 2907 	2813 	2816
f 2907 	2816 	2908
f 2909 	2910 	2814
f 2909 	2814 	2813
f 2910 	2911 	2817
f 2910 	2817 	2814
f 2911 	2912 	2819
f 2911 	2819 	2817
f 2912 	2913 	2821
f 2912 	2821 	2819
f 2913 	2914 	2823
f 2913 	2823 	2821
f 2914 	2915 	2825
f 2914 	2825 	2823
f 2915 	2916 	2827
f 2915 	2827 	2825
f 2916 	2917 	2829
f 2916 	2829 	2827
f 2917 	2918 	2831
f 2917 	2831 	2829
f 2918 	2919 	2833
f 2918 	2833 	2831
f 2919 	2920 	2835
f 2919 	2835 	2833
f 2920 	2921 	2837
f 2920 	2837 	2835
f 2921 	2922 	2839
f 2921 	2839 	2837
f 2922 	2923 	2841
f 2922 	2841 	2839
f 2923 	2924 	2843
f 2923 	2843 	2841
f 2924 	2925 	2845
f 2924 	2845 	2843
f 2925 	2926 	2847
f 2925 	2847 	2845
f 2926 	2927 	2849
f 2926 	2849 	2847
f 2927 	2928 	2851
f 2927 	2851 	2849
f 2928 	2929 	2853
f 2928 	2853 	2851
f 2929 	2930 	2855
f 2929 	2855 	2853
f 2930 	2931 	2857
f 2930 	2857 	2855
f 2931 	2932 	2859
f 2931 	2859 	2857
f 2932 	2933 	2861
f 2932 	2861 	2859
f 2933 	2934 	2863
f 2933 	2863 	2861
f 2934 	2935 	2865
f 2934 	2865 	2863
f 2935 	2936 	2867
f 2935 	2867 	2865
f 2936 	2937 	2869
f 2936 	2869 	2867
f 2937 	2938 	2871
f 2937 	2871 	2869
f 2938 	2939 	2873
f 2938 	2873 	2871
f 2939 	2940 	2875
f 2939 	2875 	2873
f 2940 	2941 	2877
f 2940 	2877 	2875
f 2941 	2942 	2879
f 2941 	2879 	2877
f 2942 	2943 	2881
f 2942 	2881 	2879
f 2943 	2944 	2883
f 2943 	2883 	2881
f 2944 	2945 	2885
f 2944 	2885 	2883
f 2945 	2946 	2887
f 2945 	2887 	2885
f 2946 	2947 	2889
f 2946 	2889 	2887
f 2947 	2948 	2891
f 2947 	2891 	2889
f 2948 	2949 	2893
f 2948 	2893 	2891
f 2949 	2950 	2895
f 2949 	2895 	2893
f 2950 	2951 	2897
f 2950 	2897 	2895
f 2951 	2952 	2899
f 2951 	2899 	2897
f 2952 	2953 	2901
f 2952 	2901 	2899
f 2953 	2954 	2903
f 2953 	2903 	2901
f 2954 	2955 	2905
f 2954 	2905 	2903
f 2955 	2956 	2907
f 2955 	2907 	2905
f 2956 	2909 	2813
f 2956 	2813 	2907
f 2957 	2958 	2910
f 2957 	2910 	2909
f 2958 	2959 	2911
f 2958 	2911 	2910
f 2959 	2960 	2912
f 2959 	2912 	2911
f 2960 	2961 	2913
f 2960 	2913 	2912
f 2961 	2962 	2914
f 2961 	2914 	2913
f 2962 	2963 	2915
f 2962 	2915 	2914
f 2963 	2964 	2916
f 2963 	2916 	2915
f 2964 	2965 	2917
f 2964 	2917 	2916
f 2965 	2966 	2918
f 2965 	2918 	2917
f 2966 	2967 	2919
f 2966 	2919 	2918
f 2967 	2968 	2920
f 2967 	2920 	2919
f 2968 	2969 	2921
f 2968 	2921 	2920
f 2969 	2970 	2922
f 2969 	2922 	2921
f 2970 	2971 	2923
f 2970 	2923 	2922
f 2971 	2972 	2924
f 2971 	2924 	2923
f 2972 	2973 	2925
f 2972 	2925 	2924
f 2973 	2974 	2926
f 2973 	2926 	2925
f 2974 	2975 	2927
f 2974 	2927 	2926
f 2975 	2976 	2928
f 2975 	2928 	2927
f 2976 	2977 	2929
f 2976 	2929 	2928
f 2977 	2978 	2930
f 2977 	2930 	2929
f 2978 	2979 	2931
f 2978 	2931 	2930
f 2979 	2980 	2932
f 2979 	2932 	2931
f 2980 	2981 	2933
f 2980 	2933 	2932
f 2981 	2982 	2934
f 2981 	2934 	2933
f 2982 	2983 	2935
f 2982 	2935 	2934
f 2983 	2984 	2936
f 2983 	2936 	2935
f 2984 	2985 	2937
f 2984 	2937 	2936
f 2985 	2986 	2938
f 2985 	2938 	2937
f 2986 	2987 	2939
f 2986 	2939 	2938
f 2987 	2988 	2940
f 2987 	2940 	2939
f 2988 	2989 	2941
f 2988 	2941 	2940
f 2989 	2990 	2942
f 2989 	2942 	2941
f 2990 	2991 	2943
f 2990 	2943 	2942
f 2991 	2992 	2944
f 2991 	2944 	2943
f 2992 	2993 	2945
f 2992 	2945 	2944
f 2993 	2994 	2946
f 2993 	2946 	2945
f 2994 	2995 	2947
f 2994 	2947 	2946
f 2995 	2996 	2948
f 2995 	2948 	2947
f 2996 	2997 	2949
f 2996 	2949 	2948
f 2997 	2998 	2950
f 2997 	2950 	2949
f 2998 	2999 	2951
f 2998 	2951 	2950
f 2999 	3000 	2952
f 2999 	2952 	2951
f 3000 	3001 	2953
f 3000 	2953 	2952
f 3001 	3002 	2954
f 3001 	2954 	2953
f 3002 	3003 	2955
f 3002 	2955 	2954
f 3003 	3004 	2956
f 3003 	2956 	2955
f 3004 	2957 	2909
f 3004 	2909 	2956
f 2816 	2815 	2815
f 2815 	2818 	2818
f 2818 	2820 	2820
f 2820 	2822 	2822
f 2822 	2824 	2824
f 2824 	2826 	2826
f 2826 	2828 	2828
f 2828 	2830 	2830
f 2830 	2832 	2832
f 2832 	2834 	2834
f 2834 	2836 	2836
f 2836 	2838 	2838
f 2838 	2840 	2840
f 2840 	2842 	2842
f 2842 	2844 	2844
f 2844 	2846 	2846
f 2846 	2848 	2848
f 2848 	2850 	2850
f 2850 	2852 	2852
f 2852 	2854 	2854
f 2854 	2856 	2856
f 2856 	2858 	2858
f 2858 	2860 	2860
f 2860 	2862 	2862
f 2862 	2864 	2864
f 2864 	2866 	2866
f 2866 	2868 	2868
f 2868 	2870 	2870
f 2870 	2872 	2872
f 2872 	2874 	2874
f 2874 	2876 	2876
f 2876 	2878 	2878
f 2878 	2880 	2880
f 2880 	2882 	2882
f 2882 	2884 	2884
f 2884 	2886 	2886
f 2886 	2888 	2888
f 2888 	2890 	2890
f 2890 	2892 	2892
f 2892 	2894 	2894
f 2894 	2896 	2896
f 2896 	2898 	2898
f 2898 	2900 	2900
f 2900 	2902 	2902
f 2902 	2904 	2904
f 2904 	2906 	2906
f 2906 	2908 	2908
f 2908 	2816 	2816
f 2816 	2815 	2958
f 2816 	2958 	2957
f 2815 	2818 	2959
f 2815 	2959 	2958
f 2818 	2820 	2960
f 2818 	2960 	2959
f 2820 	2822 	2961
f 2820 	2961 	2960
f 2822 	2824 	2962
f 2822 	2962 	2961
f 2824 	2826 	2963
f 2824 	2963 	2962
f 2826 	2828 	2964
f 2826 	2964 	2963
f 2828 	2830 	2965
f 2828 	2965 	2964
f 2830 	2832 	2966
f 2830 	2966 	2965
f 2832 	2834 	2967
f 2832 	2967 	2966
f 2834 	2836 	2968
f 2834 	2968 	2967
f 2836 	2838 	2969
f 2836 	2969 	2968
f 2838 	2840 	2970
f 2838 	2970 	2969
f 2840 	2842 	2971
f 2840 	2971 	2970
f 2842 	2844 	2972
f 2842 	2972 	2971
f 2844 	2846 	2973
f 2844 	2973 	2972
f 2846 	2848 	2974
f 2846 	2974 	2973
f 2848 	2850 	2975
f 2848 	2975 	2974
f 2850 	2852 	2976
f 2850 	2976 	2975
f 2852 	2854 	2977
f 2852 	2977 	2976
f 2854 	2856 	2978
f 2854 	2978 	2977
f 2856 	2858 	2979
f 2856 	2979 	2978
f 2858 	2860 	2980
f 2858 	2980 	2979
f 2860 	2862 	2981
f 2860 	2981 	2980
f 2862 	2864 	2982
f 2862 	2982 	2981
f 2864 	2866 	2983
f 2864 	2983 	2982
f 2866 	2868 	2984
f 2866 	2984 	2983
f 2868 	2870 	2985
f 2868 	2985 	2984
f 2870 	2872 	2986
f 2870 	2986 	2985
f 2872 	2874 	2987
f 2872 	2987 	2986
f 2874 	2876 	2988
f 2874 	2988 	2987
f 2876 	2878 	2989
f 2876 	2989 	2988
f 2878 	2880 	2990
f 2878 	2990 	2989
f 2880 	2882 	2991
f 2880 	2991 	2990
f 2882 	2884 	2992
f 2882 	2992 	2991
f 2884 	2886 	2993
f 2884 	2993 	2992
f 2886 	2888 	2994
f 2886 	2994 	2993
f 2888 	2890 	2995
f 2888 	2995 	2994
f 2890 	2892 	2996
f 2890 	2996 	2995
f 2892 	2894 	2997
f 2892 	2997 	2996
f 2894 	2896 	2998
f 2894 	2998 	2997
f 2896 	2898 	2999
f 2896 	2999 	2998
f 2898 	2900 	3000
f 2898 	3000 	2999
f 2900 	2902 	3001
f 2900 	3001 	3000
f 2902 	2904 	3002
f 2902 	3002 	3001
f 2904 	2906 	3003
f 2904 	3003 	3002
f 2906 	2908 	3004
f 2906 	3004 	3003
f 2908 	2816 	2957
f 2908 	2957 	3004
f 2957 	2958 	2958
f 2958 	2959 	2959
f 2959 	2960 	2960
f 2960 	2961 	2961
f 2961 	2962 	2962
f 2962 	2963 	2963
f 2963 	2964 	2964
f 2964 	2965 	2965
f 2965 	2966 	2966
f 2966 	2967 	2967
f 2967 	2968 	2968
f 2968 	2969 	2969
f 2969 	2970 	2970
f 2970 	2971 	2971
f 2971 	2972 	2972
f 2972 	2973 	2973
f 2973 	2974 	2974
f 2974 	2975 	2975
f 2975 	2976 	2976
f 2976 	2977 	2977
f 2977 	2978 	2978
f 2978 	2979 	2979
f 2979 	2980 	2980
f 2980 	2981 	2981
f 2981 	2982 	2982
f 2982 	2983 	2983
f 2983 	2984 	2984
f 2984 	2985 	2985
f 2985 	2986 	2986
f 2986 	2987 	2987
f 2987 	2988 	2988
f 2988 	2989 	2989
f 2989 	2990 	2990
f 2990 	2991 	2991
f 2991 	2992 	2992
f 2992 	2993 	2993
f 2993 	2994 	2994
f 2994 	2995 	2995
f 2995 	2996 	2996
f 2996 	2997 	2997
f 2997 	2998 	2998
f 2998 	2999 	2999
f 2999 	3000 	3000
f 3000 	3001 	3001
f 3001 	3002 	3002
f 3002 	3003 	3003
f 3003 	3004 	3004
f 3004 	2957 	2957
# 480 faces

 #end of obj_25

o obj_26
v 23.2324 		19.3103 		21.9593
v 23.1217 		19.3 		21.8485
v 23.1217 		20.5 		21.8485
v 23.3413 		19.3409 		22.0681
v 23.4464 		19.3913 		22.1732
v 23.5459 		19.4608 		22.2728
v 23.6382 		19.548 		22.3651
v 23.7217 		19.6515 		22.4485
v 23.7949 		19.7695 		22.5217
v 23.8565 		19.9 		22.5834
v 23.9056 		20.0408 		22.6325
v 23.9413 		20.1894 		22.6681
v 23.9629 		20.3434 		22.6898
v 23.9702 		20.5 		22.6971
v 23.9629 		20.6566 		22.6898
v 23.9413 		20.8106 		22.6681
v 23.9056 		20.9592 		22.6325
v 23.8565 		21.1 		22.5834
v 23.7949 		21.2305 		22.5217
v 23.7217 		21.3485 		22.4485
v 23.6382 		21.452 		22.3651
v 23.5459 		21.5392 		22.2728
v 23.4464 		21.6087 		22.1732
v 23.3413 		21.6591 		22.0681
v 23.2324 		21.6897 		21.9593
v 23.1217 		21.7 		21.8485
v 23.0109 		21.6897 		21.7378
v 22.9021 		21.6591 		21.6289
v 22.797 		21.6087 		21.5238
v 22.6974 		21.5392 		21.4243
v 22.6051 		21.452 		21.332
v 22.5217 		21.3485 		21.2485
v 22.4485 		21.2305 		21.1753
v 22.3868 		21.1 		21.1137
v 22.3377 		20.9592 		21.0646
v 22.3021 		20.8106 		21.0289
v 22.2804 		20.6566 		21.0073
v 22.2731 		20.5 		21
v 22.2804 		20.3434 		21.0073
v 22.3021 		20.1894 		21.0289
v 22.3377 		20.0408 		21.0646
v 22.3868 		19.9 		21.1137
v 22.4485 		19.7695 		21.1753
v 22.5217 		19.6515 		21.2485
v 22.6051 		19.548 		21.332
v 22.6974 		19.4608 		21.4243
v 22.797 		19.3913 		21.5238
v 22.9021 		19.3409 		21.6289
v 23.0109 		19.3103 		21.7378
v 17.5697 		19.3 		27.4005
v 17.6804 		19.3103 		27.5113
v 17.5697 		20.5 		27.4005
v 17.7893 		19.3409 		27.6201
v 17.8944 		19.3913 		27.7252
v 17.994 		19.4608 		27.8248
v 18.0862 		19.548 		27.9171
v 18.1697 		19.6515 		28.0005
v 18.2429 		19.7695 		28.0737
v 18.3045 		19.9 		28.1354
v 18.3536 		20.0408 		28.1844
v 18.3893 		20.1894 		28.2201
v 18.411 		20.3434 		28.2418
v 18.4182 		20.5 		28.249
v 18.411 		20.6566 		28.2418
v 18.3893 		20.8106 		28.2201
v 18.3536 		20.9592 		28.1844
v 18.3045 		21.1 		28.1354
v 18.2429 		21.2305 		28.0737
v 18.1697 		21.3485 		28.0005
v 18.0862 		21.452 		27.9171
v 17.994 		21.5392 		27.8248
v 17.8944 		21.6087 		27.7252
v 17.7893 		21.6591 		27.6201
v 17.6804 		21.6897 		27.5113
v 17.5697 		21.7 		27.4005
v 17.4589 		21.6897 		27.2898
v 17.3501 		21.6591 		27.1809
v 17.245 		21.6087 		27.0758
v 17.1454 		21.5392 		26.9762
v 17.0531 		21.452 		26.884
v 16.9697 		21.3485 		26.8005
v 16.8965 		21.2305 		26.7273
v 16.8348 		21.1 		26.6657
v 16.7858 		20.9592 		26.6166
v 16.7501 		20.8106 		26.5809
v 16.7284 		20.6566 		26.5592
v 16.7212 		20.5 		26.552
v 16.7284 		20.3434 		26.5592
v 16.7501 		20.1894 		26.5809
v 16.7858 		20.0408 		26.6166
v 16.8348 		19.9 		26.6657
v 16.8965 		19.7695 		26.7273
v 16.9697 		19.6515 		26.8005
v 17.0531 		19.548 		26.884
v 17.1454 		19.4608 		26.9762
v 17.245 		19.3913 		27.0758
v 17.3501 		19.3409 		27.1809
v 17.4589 		19.3103 		27.2898
# 98 vertices

g group_26_14541540

usemtl color_14541540
s 0

f 3005 	3006 	3007
f 3008 	3005 	3007
f 3009 	3008 	3007
f 3010 	3009 	3007
f 3011 	3010 	3007
f 3012 	3011 	3007
f 3013 	3012 	3007
f 3014 	3013 	3007
f 3015 	3014 	3007
f 3016 	3015 	3007
f 3017 	3016 	3007
f 3018 	3017 	3007
f 3019 	3018 	3007
f 3020 	3019 	3007
f 3021 	3020 	3007
f 3022 	3021 	3007
f 3023 	3022 	3007
f 3024 	3023 	3007
f 3025 	3024 	3007
f 3026 	3025 	3007
f 3027 	3026 	3007
f 3028 	3027 	3007
f 3029 	3028 	3007
f 3030 	3029 	3007
f 3031 	3030 	3007
f 3032 	3031 	3007
f 3033 	3032 	3007
f 3034 	3033 	3007
f 3035 	3034 	3007
f 3036 	3035 	3007
f 3037 	3036 	3007
f 3038 	3037 	3007
f 3039 	3038 	3007
f 3040 	3039 	3007
f 3041 	3040 	3007
f 3042 	3041 	3007
f 3043 	3042 	3007
f 3044 	3043 	3007
f 3045 	3044 	3007
f 3046 	3045 	3007
f 3047 	3046 	3007
f 3048 	3047 	3007
f 3049 	3048 	3007
f 3050 	3049 	3007
f 3051 	3050 	3007
f 3052 	3051 	3007
f 3053 	3052 	3007
f 3006 	3053 	3007
f 3054 	3055 	3056
f 3055 	3057 	3056
f 3057 	3058 	3056
f 3058 	3059 	3056
f 3059 	3060 	3056
f 3060 	3061 	3056
f 3061 	3062 	3056
f 3062 	3063 	3056
f 3063 	3064 	3056
f 3064 	3065 	3056
f 3065 	3066 	3056
f 3066 	3067 	3056
f 3067 	3068 	3056
f 3068 	3069 	3056
f 3069 	3070 	3056
f 3070 	3071 	3056
f 3071 	3072 	3056
f 3072 	3073 	3056
f 3073 	3074 	3056
f 3074 	3075 	3056
f 3075 	3076 	3056
f 3076 	3077 	3056
f 3077 	3078 	3056
f 3078 	3079 	3056
f 3079 	3080 	3056
f 3080 	3081 	3056
f 3081 	3082 	3056
f 3082 	3083 	3056
f 3083 	3084 	3056
f 3084 	3085 	3056
f 3085 	3086 	3056
f 3086 	3087 	3056
f 3087 	3088 	3056
f 3088 	3089 	3056
f 3089 	3090 	3056
f 3090 	3091 	3056
f 3091 	3092 	3056
f 3092 	3093 	3056
f 3093 	3094 	3056
f 3094 	3095 	3056
f 3095 	3096 	3056
f 3096 	3097 	3056
f 3097 	3098 	3056
f 3098 	3099 	3056
f 3099 	3100 	3056
f 3100 	3101 	3056
f 3101 	3102 	3056
f 3102 	3054 	3056
f 3006 	3005 	3005
f 3005 	3008 	3008
f 3008 	3009 	3009
f 3009 	3010 	3010
f 3010 	3011 	3011
f 3011 	3012 	3012
f 3012 	3013 	3013
f 3013 	3014 	3014
f 3014 	3015 	3015
f 3015 	3016 	3016
f 3016 	3017 	3017
f 3017 	3018 	3018
f 3018 	3019 	3019
f 3019 	3020 	3020
f 3020 	3021 	3021
f 3021 	3022 	3022
f 3022 	3023 	3023
f 3023 	3024 	3024
f 3024 	3025 	3025
f 3025 	3026 	3026
f 3026 	3027 	3027
f 3027 	3028 	3028
f 3028 	3029 	3029
f 3029 	3030 	3030
f 3030 	3031 	3031
f 3031 	3032 	3032
f 3032 	3033 	3033
f 3033 	3034 	3034
f 3034 	3035 	3035
f 3035 	3036 	3036
f 3036 	3037 	3037
f 3037 	3038 	3038
f 3038 	3039 	3039
f 3039 	3040 	3040
f 3040 	3041 	3041
f 3041 	3042 	3042
f 3042 	3043 	3043
f 3043 	3044 	3044
f 3044 	3045 	3045
f 3045 	3046 	3046
f 3046 	3047 	3047
f 3047 	3048 	3048
f 3048 	3049 	3049
f 3049 	3050 	3050
f 3050 	3051 	3051
f 3051 	3052 	3052
f 3052 	3053 	3053
f 3053 	3006 	3006
f 3006 	3005 	3055
f 3006 	3055 	3054
f 3005 	3008 	3057
f 3005 	3057 	3055
f 3008 	3009 	3058
f 3008 	3058 	3057
f 3009 	3010 	3059
f 3009 	3059 	3058
f 3010 	3011 	3060
f 3010 	3060 	3059
f 3011 	3012 	3061
f 3011 	3061 	3060
f 3012 	3013 	3062
f 3012 	3062 	3061
f 3013 	3014 	3063
f 3013 	3063 	3062
f 3014 	3015 	3064
f 3014 	3064 	3063
f 3015 	3016 	3065
f 3015 	3065 	3064
f 3016 	3017 	3066
f 3016 	3066 	3065
f 3017 	3018 	3067
f 3017 	3067 	3066
f 3018 	3019 	3068
f 3018 	3068 	3067
f 3019 	3020 	3069
f 3019 	3069 	3068
f 3020 	3021 	3070
f 3020 	3070 	3069
f 3021 	3022 	3071
f 3021 	3071 	3070
f 3022 	3023 	3072
f 3022 	3072 	3071
f 3023 	3024 	3073
f 3023 	3073 	3072
f 3024 	3025 	3074
f 3024 	3074 	3073
f 3025 	3026 	3075
f 3025 	3075 	3074
f 3026 	3027 	3076
f 3026 	3076 	3075
f 3027 	3028 	3077
f 3027 	3077 	3076
f 3028 	3029 	3078
f 3028 	3078 	3077
f 3029 	3030 	3079
f 3029 	3079 	3078
f 3030 	3031 	3080
f 3030 	3080 	3079
f 3031 	3032 	3081
f 3031 	3081 	3080
f 3032 	3033 	3082
f 3032 	3082 	3081
f 3033 	3034 	3083
f 3033 	3083 	3082
f 3034 	3035 	3084
f 3034 	3084 	3083
f 3035 	3036 	3085
f 3035 	3085 	3084
f 3036 	3037 	3086
f 3036 	3086 	3085
f 3037 	3038 	3087
f 3037 	3087 	3086
f 3038 	3039 	3088
f 3038 	3088 	3087
f 3039 	3040 	3089
f 3039 	3089 	3088
f 3040 	3041 	3090
f 3040 	3090 	3089
f 3041 	3042 	3091
f 3041 	3091 	3090
f 3042 	3043 	3092
f 3042 	3092 	3091
f 3043 	3044 	3093
f 3043 	3093 	3092
f 3044 	3045 	3094
f 3044 	3094 	3093
f 3045 	3046 	3095
f 3045 	3095 	3094
f 3046 	3047 	3096
f 3046 	3096 	3095
f 3047 	3048 	3097
f 3047 	3097 	3096
f 3048 	3049 	3098
f 3048 	3098 	3097
f 3049 	3050 	3099
f 3049 	3099 	3098
f 3050 	3051 	3100
f 3050 	3100 	3099
f 3051 	3052 	3101
f 3051 	3101 	3100
f 3052 	3053 	3102
f 3052 	3102 	3101
f 3053 	3006 	3054
f 3053 	3054 	3102
f 3054 	3055 	3055
f 3055 	3057 	3057
f 3057 	3058 	3058
f 3058 	3059 	3059
f 3059 	3060 	3060
f 3060 	3061 	3061
f 3061 	3062 	3062
f 3062 	3063 	3063
f 3063 	3064 	3064
f 3064 	3065 	3065
f 3065 	3066 	3066
f 3066 	3067 	3067
f 3067 	3068 	3068
f 3068 	3069 	3069
f 3069 	3070 	3070
f 3070 	3071 	3071
f 3071 	3072 	3072
f 3072 	3073 	3073
f 3073 	3074 	3074
f 3074 	3075 	3075
f 3075 	3076 	3076
f 3076 	3077 	3077
f 3077 	3078 	3078
f 3078 	3079 	3079
f 3079 	3080 	3080
f 3080 	3081 	3081
f 3081 	3082 	3082
f 3082 	3083 	3083
f 3083 	3084 	3084
f 3084 	3085 	3085
f 3085 	3086 	3086
f 3086 	3087 	3087
f 3087 	3088 	3088
f 3088 	3089 	3089
f 3089 	3090 	3090
f 3090 	3091 	3091
f 3091 	3092 	3092
f 3092 	3093 	3093
f 3093 	3094 	3094
f 3094 	3095 	3095
f 3095 	3096 	3096
f 3096 	3097 	3097
f 3097 	3098 	3098
f 3098 	3099 	3099
f 3099 	3100 	3100
f 3100 	3101 	3101
f 3101 	3102 	3102
f 3102 	3054 	3054
# 288 faces

 #end of obj_26

o obj_27
v 15.1638 		21.625 		29.8064
v 15.2677 		21.6154 		29.9102
v 15.3023 		21.9872 		29.9448
v 15.1638 		22 		29.8064
v 15.3697 		21.5867 		30.0123
v 15.4384 		21.9489 		30.0809
v 15.4683 		21.5394 		30.1108
v 15.5697 		21.8858 		30.2123
v 15.5616 		21.4743 		30.2041
v 15.6942 		21.799 		30.3367
v 15.6481 		21.3925 		30.2906
v 15.8095 		21.69 		30.4521
v 15.7263 		21.2955 		30.3689
v 15.9138 		21.5607 		30.5564
v 15.7949 		21.1849 		30.4375
v 16.0053 		21.4131 		30.6478
v 15.8528 		21.0625 		30.4953
v 16.0824 		21.25 		30.7249
v 15.8988 		20.9305 		30.5413
v 16.1438 		21.074 		30.7863
v 15.9322 		20.7912 		30.5748
v 16.1884 		20.8882 		30.8309
v 15.9525 		20.6468 		30.5951
v 16.2154 		20.6958 		30.858
v 15.9593 		20.5 		30.6019
v 16.2245 		20.5 		30.867
v 15.9525 		20.3532 		30.5951
v 16.2154 		20.3042 		30.858
v 15.9322 		20.2088 		30.5748
v 16.1884 		20.1118 		30.8309
v 15.8988 		20.0695 		30.5413
v 16.1438 		19.926 		30.7863
v 15.8528 		19.9375 		30.4953
v 16.0824 		19.75 		30.7249
v 15.7949 		19.8151 		30.4375
v 16.0053 		19.5869 		30.6478
v 15.7263 		19.7045 		30.3689
v 15.9138 		19.4393 		30.5564
v 15.6481 		19.6075 		30.2906
v 15.8095 		19.31 		30.4521
v 15.5616 		19.5257 		30.2041
v 15.6942 		19.201 		30.3367
v 15.4683 		19.4606 		30.1108
v 15.5697 		19.1142 		30.2123
v 15.3697 		19.4133 		30.0123
v 15.4384 		19.0511 		30.0809
v 15.2677 		19.3846 		29.9102
v 15.3023 		19.0128 		29.9448
v 15.1638 		19.375 		29.8064
v 15.1638 		19 		29.8064
v 15.06 		19.3846 		29.7025
v 15.0254 		19.0128 		29.6679
v 14.9579 		19.4133 		29.6005
v 14.8893 		19.0511 		29.5319
v 14.8594 		19.4606 		29.5019
v 14.7579 		19.1142 		29.4005
v 14.7661 		19.5257 		29.4086
v 14.6335 		19.201 		29.276
v 14.6796 		19.6075 		29.3221
v 14.5181 		19.31 		29.1607
v 14.6013 		19.7045 		29.2439
v 14.4138 		19.4393 		29.0564
v 14.5327 		19.8151 		29.1753
v 14.3224 		19.5869 		28.9649
v 14.4749 		19.9375 		29.1175
v 14.2453 		19.75 		28.8878
v 14.4289 		20.0695 		29.0714
v 14.1839 		19.926 		28.8264
v 14.3954 		20.2088 		29.038
v 14.1393 		20.1118 		28.7819
v 14.3751 		20.3532 		29.0177
v 14.1122 		20.3042 		28.7548
v 14.3683 		20.5 		29.0109
v 14.1032 		20.5 		28.7457
v 14.3751 		20.6468 		29.0177
v 14.1122 		20.6958 		28.7548
v 14.3954 		20.7912 		29.038
v 14.1393 		20.8882 		28.7819
v 14.4289 		20.9305 		29.0714
v 14.1839 		21.074 		28.8264
v 14.4749 		21.0625 		29.1175
v 14.2453 		21.25 		28.8878
v 14.5327 		21.1849 		29.1753
v 14.3224 		21.4131 		28.9649
v 14.6013 		21.2955 		29.2439
v 14.4138 		21.5607 		29.0564
v 14.6796 		21.3925 		29.3221
v 14.5181 		21.69 		29.1607
v 14.7661 		21.4743 		29.4086
v 14.6335 		21.799 		29.276
v 14.8594 		21.5394 		29.5019
v 14.7579 		21.8858 		29.4005
v 14.9579 		21.5867 		29.6005
v 14.8893 		21.9489 		29.5319
v 15.06 		21.6154 		29.7025
v 15.0254 		21.9872 		29.6679
v 16.6444 		21.625 		28.3258
v 16.7482 		21.6154 		28.4297
v 16.8503 		21.5867 		28.5317
v 16.9488 		21.5394 		28.6303
v 17.0421 		21.4743 		28.7236
v 17.1286 		21.3925 		28.8101
v 17.2069 		21.2955 		28.8883
v 17.2755 		21.1849 		28.957
v 17.3333 		21.0625 		29.0148
v 17.3793 		20.9305 		29.0608
v 17.4128 		20.7912 		29.0942
v 17.4331 		20.6468 		29.1145
v 17.4399 		20.5 		29.1213
v 17.4331 		20.3532 		29.1145
v 17.4128 		20.2088 		29.0942
v 17.3793 		20.0695 		29.0608
v 17.3333 		19.9375 		29.0148
v 17.2755 		19.8151 		28.957
v 17.2069 		19.7045 		28.8883
v 17.1286 		19.6075 		28.8101
v 17.0421 		19.5257 		28.7236
v 16.9488 		19.4606 		28.6303
v 16.8503 		19.4133 		28.5317
v 16.7482 		19.3846 		28.4297
v 16.6444 		19.375 		28.3258
v 16.5405 		19.3846 		28.222
v 16.4385 		19.4133 		28.12
v 16.3399 		19.4606 		28.0214
v 16.2466 		19.5257 		27.9281
v 16.1601 		19.6075 		27.8416
v 16.0819 		19.7045 		27.7633
v 16.0133 		19.8151 		27.6947
v 15.9554 		19.9375 		27.6369
v 15.9094 		20.0695 		27.5909
v 15.876 		20.2088 		27.5575
v 15.8557 		20.3532 		27.5372
v 15.8489 		20.5 		27.5303
v 15.8557 		20.6468 		27.5372
v 15.876 		20.7912 		27.5575
v 15.9094 		20.9305 		27.5909
v 15.9554 		21.0625 		27.6369
v 16.0133 		21.1849 		27.6947
v 16.0819 		21.2955 		27.7633
v 16.1601 		21.3925 		27.8416
v 16.2466 		21.4743 		27.9281
v 16.3399 		21.5394 		28.0214
v 16.4385 		21.5867 		28.12
v 16.5405 		21.6154 		28.222
v 16.6444 		22 		28.3258
v 16.7828 		21.9872 		28.4643
v 16.9189 		21.9489 		28.6004
v 17.0503 		21.8858 		28.7317
v 17.1747 		21.799 		28.8562
v 17.2901 		21.69 		28.9715
v 17.3944 		21.5607 		29.0758
v 17.4858 		21.4131 		29.1673
v 17.5629 		21.25 		29.2444
v 17.6243 		21.074 		29.3058
v 17.6689 		20.8882 		29.3504
v 17.6959 		20.6958 		29.3774
v 17.705 		20.5 		29.3865
v 17.6959 		20.3042 		29.3774
v 17.6689 		20.1118 		29.3504
v 17.6243 		19.926 		29.3058
v 17.5629 		19.75 		29.2444
v 17.4858 		19.5869 		29.1673
v 17.3944 		19.4393 		29.0758
v 17.2901 		19.31 		28.9715
v 17.1747 		19.201 		28.8562
v 17.0503 		19.1142 		28.7317
v 16.9189 		19.0511 		28.6004
v 16.7828 		19.0128 		28.4643
v 16.6444 		19 		28.3258
v 16.5059 		19.0128 		28.1874
v 16.3698 		19.0511 		28.0513
v 16.2385 		19.1142 		27.9199
v 16.114 		19.201 		27.7955
v 15.9987 		19.31 		27.6802
v 15.8944 		19.4393 		27.5758
v 15.8029 		19.5869 		27.4844
v 15.7258 		19.75 		27.4073
v 15.6644 		19.926 		27.3459
v 15.6198 		20.1118 		27.3013
v 15.5928 		20.3042 		27.2743
v 15.5837 		20.5 		27.2652
v 15.5928 		20.6958 		27.2743
v 15.6198 		20.8882 		27.3013
v 15.6644 		21.074 		27.3459
v 15.7258 		21.25 		27.4073
v 15.8029 		21.4131 		27.4844
v 15.8944 		21.5607 		27.5758
v 15.9987 		21.69 		27.6802
v 16.114 		21.799 		27.7955
v 16.2385 		21.8858 		27.9199
v 16.3698 		21.9489 		28.0513
v 16.5059 		21.9872 		28.1874
# 192 vertices

g group_27_10988977

usemtl color_10988977
s 0

f 3103 	3104 	3105
f 3103 	3105 	3106
f 3104 	3107 	3108
f 3104 	3108 	3105
f 3107 	3109 	3110
f 3107 	3110 	3108
f 3109 	3111 	3112
f 3109 	3112 	3110
f 3111 	3113 	3114
f 3111 	3114 	3112
f 3113 	3115 	3116
f 3113 	3116 	3114
f 3115 	3117 	3118
f 3115 	3118 	3116
f 3117 	3119 	3120
f 3117 	3120 	3118
f 3119 	3121 	3122
f 3119 	3122 	3120
f 3121 	3123 	3124
f 3121 	3124 	3122
f 3123 	3125 	3126
f 3123 	3126 	3124
f 3125 	3127 	3128
f 3125 	3128 	3126
f 3127 	3129 	3130
f 3127 	3130 	3128
f 3129 	3131 	3132
f 3129 	3132 	3130
f 3131 	3133 	3134
f 3131 	3134 	3132
f 3133 	3135 	3136
f 3133 	3136 	3134
f 3135 	3137 	3138
f 3135 	3138 	3136
f 3137 	3139 	3140
f 3137 	3140 	3138
f 3139 	3141 	3142
f 3139 	3142 	3140
f 3141 	3143 	3144
f 3141 	3144 	3142
f 3143 	3145 	3146
f 3143 	3146 	3144
f 3145 	3147 	3148
f 3145 	3148 	3146
f 3147 	3149 	3150
f 3147 	3150 	3148
f 3149 	3151 	3152
f 3149 	3152 	3150
f 3151 	3153 	3154
f 3151 	3154 	3152
f 3153 	3155 	3156
f 3153 	3156 	3154
f 3155 	3157 	3158
f 3155 	3158 	3156
f 3157 	3159 	3160
f 3157 	3160 	3158
f 3159 	3161 	3162
f 3159 	3162 	3160
f 3161 	3163 	3164
f 3161 	3164 	3162
f 3163 	3165 	3166
f 3163 	3166 	3164
f 3165 	3167 	3168
f 3165 	3168 	3166
f 3167 	3169 	3170
f 3167 	3170 	3168
f 3169 	3171 	3172
f 3169 	3172 	3170
f 3171 	3173 	3174
f 3171 	3174 	3172
f 3173 	3175 	3176
f 3173 	3176 	3174
f 3175 	3177 	3178
f 3175 	3178 	3176
f 3177 	3179 	3180
f 3177 	3180 	3178
f 3179 	3181 	3182
f 3179 	3182 	3180
f 3181 	3183 	3184
f 3181 	3184 	3182
f 3183 	3185 	3186
f 3183 	3186 	3184
f 3185 	3187 	3188
f 3185 	3188 	3186
f 3187 	3189 	3190
f 3187 	3190 	3188
f 3189 	3191 	3192
f 3189 	3192 	3190
f 3191 	3193 	3194
f 3191 	3194 	3192
f 3193 	3195 	3196
f 3193 	3196 	3194
f 3195 	3197 	3198
f 3195 	3198 	3196
f 3197 	3103 	3106
f 3197 	3106 	3198
f 3199 	3200 	3104
f 3199 	3104 	3103
f 3200 	3201 	3107
f 3200 	3107 	3104
f 3201 	3202 	3109
f 3201 	3109 	3107
f 3202 	3203 	3111
f 3202 	3111 	3109
f 3203 	3204 	3113
f 3203 	3113 	3111
f 3204 	3205 	3115
f 3204 	3115 	3113
f 3205 	3206 	3117
f 3205 	3117 	3115
f 3206 	3207 	3119
f 3206 	3119 	3117
f 3207 	3208 	3121
f 3207 	3121 	3119
f 3208 	3209 	3123
f 3208 	3123 	3121
f 3209 	3210 	3125
f 3209 	3125 	3123
f 3210 	3211 	3127
f 3210 	3127 	3125
f 3211 	3212 	3129
f 3211 	3129 	3127
f 3212 	3213 	3131
f 3212 	3131 	3129
f 3213 	3214 	3133
f 3213 	3133 	3131
f 3214 	3215 	3135
f 3214 	3135 	3133
f 3215 	3216 	3137
f 3215 	3137 	3135
f 3216 	3217 	3139
f 3216 	3139 	3137
f 3217 	3218 	3141
f 3217 	3141 	3139
f 3218 	3219 	3143
f 3218 	3143 	3141
f 3219 	3220 	3145
f 3219 	3145 	3143
f 3220 	3221 	3147
f 3220 	3147 	3145
f 3221 	3222 	3149
f 3221 	3149 	3147
f 3222 	3223 	3151
f 3222 	3151 	3149
f 3223 	3224 	3153
f 3223 	3153 	3151
f 3224 	3225 	3155
f 3224 	3155 	3153
f 3225 	3226 	3157
f 3225 	3157 	3155
f 3226 	3227 	3159
f 3226 	3159 	3157
f 3227 	3228 	3161
f 3227 	3161 	3159
f 3228 	3229 	3163
f 3228 	3163 	3161
f 3229 	3230 	3165
f 3229 	3165 	3163
f 3230 	3231 	3167
f 3230 	3167 	3165
f 3231 	3232 	3169
f 3231 	3169 	3167
f 3232 	3233 	3171
f 3232 	3171 	3169
f 3233 	3234 	3173
f 3233 	3173 	3171
f 3234 	3235 	3175
f 3234 	3175 	3173
f 3235 	3236 	3177
f 3235 	3177 	3175
f 3236 	3237 	3179
f 3236 	3179 	3177
f 3237 	3238 	3181
f 3237 	3181 	3179
f 3238 	3239 	3183
f 3238 	3183 	3181
f 3239 	3240 	3185
f 3239 	3185 	3183
f 3240 	3241 	3187
f 3240 	3187 	3185
f 3241 	3242 	3189
f 3241 	3189 	3187
f 3242 	3243 	3191
f 3242 	3191 	3189
f 3243 	3244 	3193
f 3243 	3193 	3191
f 3244 	3245 	3195
f 3244 	3195 	3193
f 3245 	3246 	3197
f 3245 	3197 	3195
f 3246 	3199 	3103
f 3246 	3103 	3197
f 3247 	3248 	3200
f 3247 	3200 	3199
f 3248 	3249 	3201
f 3248 	3201 	3200
f 3249 	3250 	3202
f 3249 	3202 	3201
f 3250 	3251 	3203
f 3250 	3203 	3202
f 3251 	3252 	3204
f 3251 	3204 	3203
f 3252 	3253 	3205
f 3252 	3205 	3204
f 3253 	3254 	3206
f 3253 	3206 	3205
f 3254 	3255 	3207
f 3254 	3207 	3206
f 3255 	3256 	3208
f 3255 	3208 	3207
f 3256 	3257 	3209
f 3256 	3209 	3208
f 3257 	3258 	3210
f 3257 	3210 	3209
f 3258 	3259 	3211
f 3258 	3211 	3210
f 3259 	3260 	3212
f 3259 	3212 	3211
f 3260 	3261 	3213
f 3260 	3213 	3212
f 3261 	3262 	3214
f 3261 	3214 	3213
f 3262 	3263 	3215
f 3262 	3215 	3214
f 3263 	3264 	3216
f 3263 	3216 	3215
f 3264 	3265 	3217
f 3264 	3217 	3216
f 3265 	3266 	3218
f 3265 	3218 	3217
f 3266 	3267 	3219
f 3266 	3219 	3218
f 3267 	3268 	3220
f 3267 	3220 	3219
f 3268 	3269 	3221
f 3268 	3221 	3220
f 3269 	3270 	3222
f 3269 	3222 	3221
f 3270 	3271 	3223
f 3270 	3223 	3222
f 3271 	3272 	3224
f 3271 	3224 	3223
f 3272 	3273 	3225
f 3272 	3225 	3224
f 3273 	3274 	3226
f 3273 	3226 	3225
f 3274 	3275 	3227
f 3274 	3227 	3226
f 3275 	3276 	3228
f 3275 	3228 	3227
f 3276 	3277 	3229
f 3276 	3229 	3228
f 3277 	3278 	3230
f 3277 	3230 	3229
f 3278 	3279 	3231
f 3278 	3231 	3230
f 3279 	3280 	3232
f 3279 	3232 	3231
f 3280 	3281 	3233
f 3280 	3233 	3232
f 3281 	3282 	3234
f 3281 	3234 	3233
f 3282 	3283 	3235
f 3282 	3235 	3234
f 3283 	3284 	3236
f 3283 	3236 	3235
f 3284 	3285 	3237
f 3284 	3237 	3236
f 3285 	3286 	3238
f 3285 	3238 	3237
f 3286 	3287 	3239
f 3286 	3239 	3238
f 3287 	3288 	3240
f 3287 	3240 	3239
f 3288 	3289 	3241
f 3288 	3241 	3240
f 3289 	3290 	3242
f 3289 	3242 	3241
f 3290 	3291 	3243
f 3290 	3243 	3242
f 3291 	3292 	3244
f 3291 	3244 	3243
f 3292 	3293 	3245
f 3292 	3245 	3244
f 3293 	3294 	3246
f 3293 	3246 	3245
f 3294 	3247 	3199
f 3294 	3199 	3246
f 3106 	3105 	3105
f 3105 	3108 	3108
f 3108 	3110 	3110
f 3110 	3112 	3112
f 3112 	3114 	3114
f 3114 	3116 	3116
f 3116 	3118 	3118
f 3118 	3120 	3120
f 3120 	3122 	3122
f 3122 	3124 	3124
f 3124 	3126 	3126
f 3126 	3128 	3128
f 3128 	3130 	3130
f 3130 	3132 	3132
f 3132 	3134 	3134
f 3134 	3136 	3136
f 3136 	3138 	3138
f 3138 	3140 	3140
f 3140 	3142 	3142
f 3142 	3144 	3144
f 3144 	3146 	3146
f 3146 	3148 	3148
f 3148 	3150 	3150
f 3150 	3152 	3152
f 3152 	3154 	3154
f 3154 	3156 	3156
f 3156 	3158 	3158
f 3158 	3160 	3160
f 3160 	3162 	3162
f 3162 	3164 	3164
f 3164 	3166 	3166
f 3166 	3168 	3168
f 3168 	3170 	3170
f 3170 	3172 	3172
f 3172 	3174 	3174
f 3174 	3176 	3176
f 3176 	3178 	3178
f 3178 	3180 	3180
f 3180 	3182 	3182
f 3182 	3184 	3184
f 3184 	3186 	3186
f 3186 	3188 	3188
f 3188 	3190 	3190
f 3190 	3192 	3192
f 3192 	3194 	3194
f 3194 	3196 	3196
f 3196 	3198 	3198
f 3198 	3106 	3106
f 3106 	3105 	3248
f 3106 	3248 	3247
f 3105 	3108 	3249
f 3105 	3249 	3248
f 3108 	3110 	3250
f 3108 	3250 	3249
f 3110 	3112 	3251
f 3110 	3251 	3250
f 3112 	3114 	3252
f 3112 	3252 	3251
f 3114 	3116 	3253
f 3114 	3253 	3252
f 3116 	3118 	3254
f 3116 	3254 	3253
f 3118 	3120 	3255
f 3118 	3255 	3254
f 3120 	3122 	3256
f 3120 	3256 	3255
f 3122 	3124 	3257
f 3122 	3257 	3256
f 3124 	3126 	3258
f 3124 	3258 	3257
f 3126 	3128 	3259
f 3126 	3259 	3258
f 3128 	3130 	3260
f 3128 	3260 	3259
f 3130 	3132 	3261
f 3130 	3261 	3260
f 3132 	3134 	3262
f 3132 	3262 	3261
f 3134 	3136 	3263
f 3134 	3263 	3262
f 3136 	3138 	3264
f 3136 	3264 	3263
f 3138 	3140 	3265
f 3138 	3265 	3264
f 3140 	3142 	3266
f 3140 	3266 	3265
f 3142 	3144 	3267
f 3142 	3267 	3266
f 3144 	3146 	3268
f 3144 	3268 	3267
f 3146 	3148 	3269
f 3146 	3269 	3268
f 3148 	3150 	3270
f 3148 	3270 	3269
f 3150 	3152 	3271
f 3150 	3271 	3270
f 3152 	3154 	3272
f 3152 	3272 	3271
f 3154 	3156 	3273
f 3154 	3273 	3272
f 3156 	3158 	3274
f 3156 	3274 	3273
f 3158 	3160 	3275
f 3158 	3275 	3274
f 3160 	3162 	3276
f 3160 	3276 	3275
f 3162 	3164 	3277
f 3162 	3277 	3276
f 3164 	3166 	3278
f 3164 	3278 	3277
f 3166 	3168 	3279
f 3166 	3279 	3278
f 3168 	3170 	3280
f 3168 	3280 	3279
f 3170 	3172 	3281
f 3170 	3281 	3280
f 3172 	3174 	3282
f 3172 	3282 	3281
f 3174 	3176 	3283
f 3174 	3283 	3282
f 3176 	3178 	3284
f 3176 	3284 	3283
f 3178 	3180 	3285
f 3178 	3285 	3284
f 3180 	3182 	3286
f 3180 	3286 	3285
f 3182 	3184 	3287
f 3182 	3287 	3286
f 3184 	3186 	3288
f 3184 	3288 	3287
f 3186 	3188 	3289
f 3186 	3289 	3288
f 3188 	3190 	3290
f 3188 	3290 	3289
f 3190 	3192 	3291
f 3190 	3291 	3290
f 3192 	3194 	3292
f 3192 	3292 	3291
f 3194 	3196 	3293
f 3194 	3293 	3292
f 3196 	3198 	3294
f 3196 	3294 	3293
f 3198 	3106 	3247
f 3198 	3247 	3294
f 3247 	3248 	3248
f 3248 	3249 	3249
f 3249 	3250 	3250
f 3250 	3251 	3251
f 3251 	3252 	3252
f 3252 	3253 	3253
f 3253 	3254 	3254
f 3254 	3255 	3255
f 3255 	3256 	3256
f 3256 	3257 	3257
f 3257 	3258 	3258
f 3258 	3259 	3259
f 3259 	3260 	3260
f 3260 	3261 	3261
f 3261 	3262 	3262
f 3262 	3263 	3263
f 3263 	3264 	3264
f 3264 	3265 	3265
f 3265 	3266 	3266
f 3266 	3267 	3267
f 3267 	3268 	3268
f 3268 	3269 	3269
f 3269 	3270 	3270
f 3270 	3271 	3271
f 3271 	3272 	3272
f 3272 	3273 	3273
f 3273 	3274 	3274
f 3274 	3275 	3275
f 3275 	3276 	3276
f 3276 	3277 	3277
f 3277 	3278 	3278
f 3278 	3279 	3279
f 3279 	3280 	3280
f 3280 	3281 	3281
f 3281 	3282 	3282
f 3282 	3283 	3283
f 3283 	3284 	3284
f 3284 	3285 	3285
f 3285 	3286 	3286
f 3286 	3287 	3287
f 3287 	3288 	3288
f 3288 	3289 	3289
f 3289 	3290 	3290
f 3290 	3291 	3291
f 3291 	3292 	3292
f 3292 	3293 	3293
f 3293 	3294 	3294
f 3294 	3247 	3247
# 480 faces

 #end of obj_27

o obj_28
v 15.4597 		21.6897 		29.7321
v 15.3489 		21.7 		29.6213
v 15.3489 		20.5 		29.6213
v 15.5685 		21.6591 		29.8409
v 15.6736 		21.6087 		29.946
v 15.7732 		21.5392 		30.0456
v 15.8655 		21.452 		30.1379
v 15.9489 		21.3485 		30.2213
v 16.0221 		21.2305 		30.2945
v 16.0837 		21.1 		30.3562
v 16.1328 		20.9592 		30.4052
v 16.1685 		20.8106 		30.4409
v 16.1902 		20.6566 		30.4626
v 16.1974 		20.5 		30.4698
v 16.1902 		20.3434 		30.4626
v 16.1685 		20.1894 		30.4409
v 16.1328 		20.0408 		30.4052
v 16.0837 		19.9 		30.3562
v 16.0221 		19.7695 		30.2945
v 15.9489 		19.6515 		30.2213
v 15.8655 		19.548 		30.1379
v 15.7732 		19.4608 		30.0456
v 15.6736 		19.3913 		29.946
v 15.5685 		19.3409 		29.8409
v 15.4597 		19.3103 		29.7321
v 15.3489 		19.3 		29.6213
v 15.2381 		19.3103 		29.5105
v 15.1293 		19.3409 		29.4017
v 15.0242 		19.3913 		29.2966
v 14.9246 		19.4608 		29.197
v 14.8323 		19.548 		29.1048
v 14.7489 		19.6515 		29.0213
v 14.6757 		19.7695 		28.9481
v 14.6141 		19.9 		28.8865
v 14.565 		20.0408 		28.8374
v 14.5293 		20.1894 		28.8017
v 14.5076 		20.3434 		28.78
v 14.5004 		20.5 		28.7728
v 14.5076 		20.6566 		28.78
v 14.5293 		20.8106 		28.8017
v 14.565 		20.9592 		28.8374
v 14.6141 		21.1 		28.8865
v 14.6757 		21.2305 		28.9481
v 14.7489 		21.3485 		29.0213
v 14.8323 		21.452 		29.1048
v 14.9246 		21.5392 		29.197
v 15.0242 		21.6087 		29.2966
v 15.1293 		21.6591 		29.4017
v 15.2381 		21.6897 		29.5105
v 20.9009 		21.7 		24.0693
v 21.0116 		21.6897 		24.1801
v 20.9009 		20.5 		24.0693
v 21.1205 		21.6591 		24.2889
v 21.2256 		21.6087 		24.394
v 21.3251 		21.5392 		24.4936
v 21.4174 		21.452 		24.5859
v 21.5009 		21.3485 		24.6693
v 21.5741 		21.2305 		24.7425
v 21.6357 		21.1 		24.8042
v 21.6848 		20.9592 		24.8533
v 21.7205 		20.8106 		24.8889
v 21.7422 		20.6566 		24.9106
v 21.7494 		20.5 		24.9178
v 21.7422 		20.3434 		24.9106
v 21.7205 		20.1894 		24.8889
v 21.6848 		20.0408 		24.8533
v 21.6357 		19.9 		24.8042
v 21.5741 		19.7695 		24.7425
v 21.5009 		19.6515 		24.6693
v 21.4174 		19.548 		24.5859
v 21.3251 		19.4608 		24.4936
v 21.2256 		19.3913 		24.394
v 21.1205 		19.3409 		24.2889
v 21.0116 		19.3103 		24.1801
v 20.9009 		19.3 		24.0693
v 20.7901 		19.3103 		23.9586
v 20.6813 		19.3409 		23.8497
v 20.5762 		19.3913 		23.7446
v 20.4766 		19.4608 		23.6451
v 20.3843 		19.548 		23.5528
v 20.3009 		19.6515 		23.4693
v 20.2277 		19.7695 		23.3961
v 20.166 		19.9 		23.3345
v 20.1169 		20.0408 		23.2854
v 20.0813 		20.1894 		23.2497
v 20.0596 		20.3434 		23.2281
v 20.0524 		20.5 		23.2208
v 20.0596 		20.6566 		23.2281
v 20.0813 		20.8106 		23.2497
v 20.1169 		20.9592 		23.2854
v 20.166 		21.1 		23.3345
v 20.2277 		21.2305 		23.3961
v 20.3009 		21.3485 		23.4693
v 20.3843 		21.452 		23.5528
v 20.4766 		21.5392 		23.6451
v 20.5762 		21.6087 		23.7446
v 20.6813 		21.6591 		23.8497
v 20.7901 		21.6897 		23.9586
# 98 vertices

g group_28_14541540

usemtl color_14541540
s 0

f 3295 	3296 	3297
f 3298 	3295 	3297
f 3299 	3298 	3297
f 3300 	3299 	3297
f 3301 	3300 	3297
f 3302 	3301 	3297
f 3303 	3302 	3297
f 3304 	3303 	3297
f 3305 	3304 	3297
f 3306 	3305 	3297
f 3307 	3306 	3297
f 3308 	3307 	3297
f 3309 	3308 	3297
f 3310 	3309 	3297
f 3311 	3310 	3297
f 3312 	3311 	3297
f 3313 	3312 	3297
f 3314 	3313 	3297
f 3315 	3314 	3297
f 3316 	3315 	3297
f 3317 	3316 	3297
f 3318 	3317 	3297
f 3319 	3318 	3297
f 3320 	3319 	3297
f 3321 	3320 	3297
f 3322 	3321 	3297
f 3323 	3322 	3297
f 3324 	3323 	3297
f 3325 	3324 	3297
f 3326 	3325 	3297
f 3327 	3326 	3297
f 3328 	3327 	3297
f 3329 	3328 	3297
f 3330 	3329 	3297
f 3331 	3330 	3297
f 3332 	3331 	3297
f 3333 	3332 	3297
f 3334 	3333 	3297
f 3335 	3334 	3297
f 3336 	3335 	3297
f 3337 	3336 	3297
f 3338 	3337 	3297
f 3339 	3338 	3297
f 3340 	3339 	3297
f 3341 	3340 	3297
f 3342 	3341 	3297
f 3343 	3342 	3297
f 3296 	3343 	3297
f 3344 	3345 	3346
f 3345 	3347 	3346
f 3347 	3348 	3346
f 3348 	3349 	3346
f 3349 	3350 	3346
f 3350 	3351 	3346
f 3351 	3352 	3346
f 3352 	3353 	3346
f 3353 	3354 	3346
f 3354 	3355 	3346
f 3355 	3356 	3346
f 3356 	3357 	3346
f 3357 	3358 	3346
f 3358 	3359 	3346
f 3359 	3360 	3346
f 3360 	3361 	3346
f 3361 	3362 	3346
f 3362 	3363 	3346
f 3363 	3364 	3346
f 3364 	3365 	3346
f 3365 	3366 	3346
f 3366 	3367 	3346
f 3367 	3368 	3346
f 3368 	3369 	3346
f 3369 	3370 	3346
f 3370 	3371 	3346
f 3371 	3372 	3346
f 3372 	3373 	3346
f 3373 	3374 	3346
f 3374 	3375 	3346
f 3375 	3376 	3346
f 3376 	3377 	3346
f 3377 	3378 	3346
f 3378 	3379 	3346
f 3379 	3380 	3346
f 3380 	3381 	3346
f 3381 	3382 	3346
f 3382 	3383 	3346
f 3383 	3384 	3346
f 3384 	3385 	3346
f 3385 	3386 	3346
f 3386 	3387 	3346
f 3387 	3388 	3346
f 3388 	3389 	3346
f 3389 	3390 	3346
f 3390 	3391 	3346
f 3391 	3392 	3346
f 3392 	3344 	3346
f 3296 	3295 	3295
f 3295 	3298 	3298
f 3298 	3299 	3299
f 3299 	3300 	3300
f 3300 	3301 	3301
f 3301 	3302 	3302
f 3302 	3303 	3303
f 3303 	3304 	3304
f 3304 	3305 	3305
f 3305 	3306 	3306
f 3306 	3307 	3307
f 3307 	3308 	3308
f 3308 	3309 	3309
f 3309 	3310 	3310
f 3310 	3311 	3311
f 3311 	3312 	3312
f 3312 	3313 	3313
f 3313 	3314 	3314
f 3314 	3315 	3315
f 3315 	3316 	3316
f 3316 	3317 	3317
f 3317 	3318 	3318
f 3318 	3319 	3319
f 3319 	3320 	3320
f 3320 	3321 	3321
f 3321 	3322 	3322
f 3322 	3323 	3323
f 3323 	3324 	3324
f 3324 	3325 	3325
f 3325 	3326 	3326
f 3326 	3327 	3327
f 3327 	3328 	3328
f 3328 	3329 	3329
f 3329 	3330 	3330
f 3330 	3331 	3331
f 3331 	3332 	3332
f 3332 	3333 	3333
f 3333 	3334 	3334
f 3334 	3335 	3335
f 3335 	3336 	3336
f 3336 	3337 	3337
f 3337 	3338 	3338
f 3338 	3339 	3339
f 3339 	3340 	3340
f 3340 	3341 	3341
f 3341 	3342 	3342
f 3342 	3343 	3343
f 3343 	3296 	3296
f 3296 	3295 	3345
f 3296 	3345 	3344
f 3295 	3298 	3347
f 3295 	3347 	3345
f 3298 	3299 	3348
f 3298 	3348 	3347
f 3299 	3300 	3349
f 3299 	3349 	3348
f 3300 	3301 	3350
f 3300 	3350 	3349
f 3301 	3302 	3351
f 3301 	3351 	3350
f 3302 	3303 	3352
f 3302 	3352 	3351
f 3303 	3304 	3353
f 3303 	3353 	3352
f 3304 	3305 	3354
f 3304 	3354 	3353
f 3305 	3306 	3355
f 3305 	3355 	3354
f 3306 	3307 	3356
f 3306 	3356 	3355
f 3307 	3308 	3357
f 3307 	3357 	3356
f 3308 	3309 	3358
f 3308 	3358 	3357
f 3309 	3310 	3359
f 3309 	3359 	3358
f 3310 	3311 	3360
f 3310 	3360 	3359
f 3311 	3312 	3361
f 3311 	3361 	3360
f 3312 	3313 	3362
f 3312 	3362 	3361
f 3313 	3314 	3363
f 3313 	3363 	3362
f 3314 	3315 	3364
f 3314 	3364 	3363
f 3315 	3316 	3365
f 3315 	3365 	3364
f 3316 	3317 	3366
f 3316 	3366 	3365
f 3317 	3318 	3367
f 3317 	3367 	3366
f 3318 	3319 	3368
f 3318 	3368 	3367
f 3319 	3320 	3369
f 3319 	3369 	3368
f 3320 	3321 	3370
f 3320 	3370 	3369
f 3321 	3322 	3371
f 3321 	3371 	3370
f 3322 	3323 	3372
f 3322 	3372 	3371
f 3323 	3324 	3373
f 3323 	3373 	3372
f 3324 	3325 	3374
f 3324 	3374 	3373
f 3325 	3326 	3375
f 3325 	3375 	3374
f 3326 	3327 	3376
f 3326 	3376 	3375
f 3327 	3328 	3377
f 3327 	3377 	3376
f 3328 	3329 	3378
f 3328 	3378 	3377
f 3329 	3330 	3379
f 3329 	3379 	3378
f 3330 	3331 	3380
f 3330 	3380 	3379
f 3331 	3332 	3381
f 3331 	3381 	3380
f 3332 	3333 	3382
f 3332 	3382 	3381
f 3333 	3334 	3383
f 3333 	3383 	3382
f 3334 	3335 	3384
f 3334 	3384 	3383
f 3335 	3336 	3385
f 3335 	3385 	3384
f 3336 	3337 	3386
f 3336 	3386 	3385
f 3337 	3338 	3387
f 3337 	3387 	3386
f 3338 	3339 	3388
f 3338 	3388 	3387
f 3339 	3340 	3389
f 3339 	3389 	3388
f 3340 	3341 	3390
f 3340 	3390 	3389
f 3341 	3342 	3391
f 3341 	3391 	3390
f 3342 	3343 	3392
f 3342 	3392 	3391
f 3343 	3296 	3344
f 3343 	3344 	3392
f 3344 	3345 	3345
f 3345 	3347 	3347
f 3347 	3348 	3348
f 3348 	3349 	3349
f 3349 	3350 	3350
f 3350 	3351 	3351
f 3351 	3352 	3352
f 3352 	3353 	3353
f 3353 	3354 	3354
f 3354 	3355 	3355
f 3355 	3356 	3356
f 3356 	3357 	3357
f 3357 	3358 	3358
f 3358 	3359 	3359
f 3359 	3360 	3360
f 3360 	3361 	3361
f 3361 	3362 	3362
f 3362 	3363 	3363
f 3363 	3364 	3364
f 3364 	3365 	3365
f 3365 	3366 	3366
f 3366 	3367 	3367
f 3367 	3368 	3368
f 3368 	3369 	3369
f 3369 	3370 	3370
f 3370 	3371 	3371
f 3371 	3372 	3372
f 3372 	3373 	3373
f 3373 	3374 	3374
f 3374 	3375 	3375
f 3375 	3376 	3376
f 3376 	3377 	3377
f 3377 	3378 	3378
f 3378 	3379 	3379
f 3379 	3380 	3380
f 3380 	3381 	3381
f 3381 	3382 	3382
f 3382 	3383 	3383
f 3383 	3384 	3384
f 3384 	3385 	3385
f 3385 	3386 	3386
f 3386 	3387 	3387
f 3387 	3388 	3388
f 3388 	3389 	3389
f 3389 	3390 	3390
f 3390 	3391 	3391
f 3391 	3392 	3392
f 3392 	3344 	3344
# 288 faces

 #end of obj_28

o obj_29
v 22.557 		19.6077 		22.5793
v 22.4739 		19.6 		22.4963
v 22.4739 		20.5 		22.4963
v 22.6387 		19.6307 		22.661
v 22.7175 		19.6685 		22.7398
v 22.7921 		19.7206 		22.8145
v 22.8614 		19.786 		22.8837
v 22.9239 		19.8636 		22.9463
v 22.9788 		19.9521 		23.0011
v 23.0251 		20.05 		23.0474
v 23.0619 		20.1556 		23.0842
v 23.0887 		20.2671 		23.111
v 23.1049 		20.3825 		23.1272
v 23.1103 		20.5 		23.1327
v 23.1049 		20.6175 		23.1272
v 23.0887 		20.7329 		23.111
v 23.0619 		20.8444 		23.0842
v 23.0251 		20.95 		23.0474
v 22.9788 		21.0479 		23.0011
v 22.9239 		21.1364 		22.9463
v 22.8614 		21.214 		22.8837
v 22.7921 		21.2794 		22.8145
v 22.7175 		21.3315 		22.7398
v 22.6387 		21.3693 		22.661
v 22.557 		21.3923 		22.5793
v 22.4739 		21.4 		22.4963
v 22.3909 		21.3923 		22.4132
v 22.3092 		21.3693 		22.3315
v 22.2304 		21.3315 		22.2527
v 22.1557 		21.2794 		22.1781
v 22.0865 		21.214 		22.1088
v 22.0239 		21.1364 		22.0463
v 21.9691 		21.0479 		21.9914
v 21.9228 		20.95 		21.9451
v 21.886 		20.8444 		21.9083
v 21.8592 		20.7329 		21.8815
v 21.843 		20.6175 		21.8653
v 21.8375 		20.5 		21.8599
v 21.843 		20.3825 		21.8653
v 21.8592 		20.2671 		21.8815
v 21.886 		20.1556 		21.9083
v 21.9228 		20.05 		21.9451
v 21.9691 		19.9521 		21.9914
v 22.0239 		19.8636 		22.0463
v 22.0865 		19.786 		22.1088
v 22.1557 		19.7206 		22.1781
v 22.2304 		19.6685 		22.2527
v 22.3092 		19.6307 		22.3315
v 22.3909 		19.6077 		22.4132
v 14.6364 		19.6 		30.3338
v 14.7195 		19.6077 		30.4169
v 14.6364 		20.5 		30.3338
v 14.8011 		19.6307 		30.4985
v 14.8799 		19.6685 		30.5773
v 14.9546 		19.7206 		30.652
v 15.0238 		19.786 		30.7212
v 15.0864 		19.8636 		30.7838
v 15.1413 		19.9521 		30.8387
v 15.1875 		20.05 		30.8849
v 15.2243 		20.1556 		30.9218
v 15.2511 		20.2671 		30.9485
v 15.2673 		20.3825 		30.9648
v 15.2728 		20.5 		30.9702
v 15.2673 		20.6175 		30.9648
v 15.2511 		20.7329 		30.9485
v 15.2243 		20.8444 		30.9218
v 15.1875 		20.95 		30.8849
v 15.1413 		21.0479 		30.8387
v 15.0864 		21.1364 		30.7838
v 15.0238 		21.214 		30.7212
v 14.9546 		21.2794 		30.652
v 14.8799 		21.3315 		30.5773
v 14.8011 		21.3693 		30.4985
v 14.7195 		21.3923 		30.4169
v 14.6364 		21.4 		30.3338
v 14.5533 		21.3923 		30.2507
v 14.4717 		21.3693 		30.1691
v 14.3929 		21.3315 		30.0903
v 14.3182 		21.2794 		30.0156
v 14.249 		21.214 		29.9464
v 14.1864 		21.1364 		29.8838
v 14.1315 		21.0479 		29.8289
v 14.0853 		20.95 		29.7827
v 14.0484 		20.8444 		29.7459
v 14.0217 		20.7329 		29.7191
v 14.0054 		20.6175 		29.7029
v 14 		20.5 		29.6974
v 14.0054 		20.3825 		29.7029
v 14.0217 		20.2671 		29.7191
v 14.0484 		20.1556 		29.7459
v 14.0853 		20.05 		29.7827
v 14.1315 		19.9521 		29.8289
v 14.1864 		19.8636 		29.8838
v 14.249 		19.786 		29.9464
v 14.3182 		19.7206 		30.0156
v 14.3929 		19.6685 		30.0903
v 14.4717 		19.6307 		30.1691
v 14.5533 		19.6077 		30.2507
# 98 vertices

g group_29_2829873

usemtl color_2829873
s 0

f 3393 	3394 	3395
f 3396 	3393 	3395
f 3397 	3396 	3395
f 3398 	3397 	3395
f 3399 	3398 	3395
f 3400 	3399 	3395
f 3401 	3400 	3395
f 3402 	3401 	3395
f 3403 	3402 	3395
f 3404 	3403 	3395
f 3405 	3404 	3395
f 3406 	3405 	3395
f 3407 	3406 	3395
f 3408 	3407 	3395
f 3409 	3408 	3395
f 3410 	3409 	3395
f 3411 	3410 	3395
f 3412 	3411 	3395
f 3413 	3412 	3395
f 3414 	3413 	3395
f 3415 	3414 	3395
f 3416 	3415 	3395
f 3417 	3416 	3395
f 3418 	3417 	3395
f 3419 	3418 	3395
f 3420 	3419 	3395
f 3421 	3420 	3395
f 3422 	3421 	3395
f 3423 	3422 	3395
f 3424 	3423 	3395
f 3425 	3424 	3395
f 3426 	3425 	3395
f 3427 	3426 	3395
f 3428 	3427 	3395
f 3429 	3428 	3395
f 3430 	3429 	3395
f 3431 	3430 	3395
f 3432 	3431 	3395
f 3433 	3432 	3395
f 3434 	3433 	3395
f 3435 	3434 	3395
f 3436 	3435 	3395
f 3437 	3436 	3395
f 3438 	3437 	3395
f 3439 	3438 	3395
f 3440 	3439 	3395
f 3441 	3440 	3395
f 3394 	3441 	3395
f 3442 	3443 	3444
f 3443 	3445 	3444
f 3445 	3446 	3444
f 3446 	3447 	3444
f 3447 	3448 	3444
f 3448 	3449 	3444
f 3449 	3450 	3444
f 3450 	3451 	3444
f 3451 	3452 	3444
f 3452 	3453 	3444
f 3453 	3454 	3444
f 3454 	3455 	3444
f 3455 	3456 	3444
f 3456 	3457 	3444
f 3457 	3458 	3444
f 3458 	3459 	3444
f 3459 	3460 	3444
f 3460 	3461 	3444
f 3461 	3462 	3444
f 3462 	3463 	3444
f 3463 	3464 	3444
f 3464 	3465 	3444
f 3465 	3466 	3444
f 3466 	3467 	3444
f 3467 	3468 	3444
f 3468 	3469 	3444
f 3469 	3470 	3444
f 3470 	3471 	3444
f 3471 	3472 	3444
f 3472 	3473 	3444
f 3473 	3474 	3444
f 3474 	3475 	3444
f 3475 	3476 	3444
f 3476 	3477 	3444
f 3477 	3478 	3444
f 3478 	3479 	3444
f 3479 	3480 	3444
f 3480 	3481 	3444
f 3481 	3482 	3444
f 3482 	3483 	3444
f 3483 	3484 	3444
f 3484 	3485 	3444
f 3485 	3486 	3444
f 3486 	3487 	3444
f 3487 	3488 	3444
f 3488 	3489 	3444
f 3489 	3490 	3444
f 3490 	3442 	3444
f 3394 	3393 	3393
f 3393 	3396 	3396
f 3396 	3397 	3397
f 3397 	3398 	3398
f 3398 	3399 	3399
f 3399 	3400 	3400
f 3400 	3401 	3401
f 3401 	3402 	3402
f 3402 	3403 	3403
f 3403 	3404 	3404
f 3404 	3405 	3405
f 3405 	3406 	3406
f 3406 	3407 	3407
f 3407 	3408 	3408
f 3408 	3409 	3409
f 3409 	3410 	3410
f 3410 	3411 	3411
f 3411 	3412 	3412
f 3412 	3413 	3413
f 3413 	3414 	3414
f 3414 	3415 	3415
f 3415 	3416 	3416
f 3416 	3417 	3417
f 3417 	3418 	3418
f 3418 	3419 	3419
f 3419 	3420 	3420
f 3420 	3421 	3421
f 3421 	3422 	3422
f 3422 	3423 	3423
f 3423 	3424 	3424
f 3424 	3425 	3425
f 3425 	3426 	3426
f 3426 	3427 	3427
f 3427 	3428 	3428
f 3428 	3429 	3429
f 3429 	3430 	3430
f 3430 	3431 	3431
f 3431 	3432 	3432
f 3432 	3433 	3433
f 3433 	3434 	3434
f 3434 	3435 	3435
f 3435 	3436 	3436
f 3436 	3437 	3437
f 3437 	3438 	3438
f 3438 	3439 	3439
f 3439 	3440 	3440
f 3440 	3441 	3441
f 3441 	3394 	3394
f 3394 	3393 	3443
f 3394 	3443 	3442
f 3393 	3396 	3445
f 3393 	3445 	3443
f 3396 	3397 	3446
f 3396 	3446 	3445
f 3397 	3398 	3447
f 3397 	3447 	3446
f 3398 	3399 	3448
f 3398 	3448 	3447
f 3399 	3400 	3449
f 3399 	3449 	3448
f 3400 	3401 	3450
f 3400 	3450 	3449
f 3401 	3402 	3451
f 3401 	3451 	3450
f 3402 	3403 	3452
f 3402 	3452 	3451
f 3403 	3404 	3453
f 3403 	3453 	3452
f 3404 	3405 	3454
f 3404 	3454 	3453
f 3405 	3406 	3455
f 3405 	3455 	3454
f 3406 	3407 	3456
f 3406 	3456 	3455
f 3407 	3408 	3457
f 3407 	3457 	3456
f 3408 	3409 	3458
f 3408 	3458 	3457
f 3409 	3410 	3459
f 3409 	3459 	3458
f 3410 	3411 	3460
f 3410 	3460 	3459
f 3411 	3412 	3461
f 3411 	3461 	3460
f 3412 	3413 	3462
f 3412 	3462 	3461
f 3413 	3414 	3463
f 3413 	3463 	3462
f 3414 	3415 	3464
f 3414 	3464 	3463
f 3415 	3416 	3465
f 3415 	3465 	3464
f 3416 	3417 	3466
f 3416 	3466 	3465
f 3417 	3418 	3467
f 3417 	3467 	3466
f 3418 	3419 	3468
f 3418 	3468 	3467
f 3419 	3420 	3469
f 3419 	3469 	3468
f 3420 	3421 	3470
f 3420 	3470 	3469
f 3421 	3422 	3471
f 3421 	3471 	3470
f 3422 	3423 	3472
f 3422 	3472 	3471
f 3423 	3424 	3473
f 3423 	3473 	3472
f 3424 	3425 	3474
f 3424 	3474 	3473
f 3425 	3426 	3475
f 3425 	3475 	3474
f 3426 	3427 	3476
f 3426 	3476 	3475
f 3427 	3428 	3477
f 3427 	3477 	3476
f 3428 	3429 	3478
f 3428 	3478 	3477
f 3429 	3430 	3479
f 3429 	3479 	3478
f 3430 	3431 	3480
f 3430 	3480 	3479
f 3431 	3432 	3481
f 3431 	3481 	3480
f 3432 	3433 	3482
f 3432 	3482 	3481
f 3433 	3434 	3483
f 3433 	3483 	3482
f 3434 	3435 	3484
f 3434 	3484 	3483
f 3435 	3436 	3485
f 3435 	3485 	3484
f 3436 	3437 	3486
f 3436 	3486 	3485
f 3437 	3438 	3487
f 3437 	3487 	3486
f 3438 	3439 	3488
f 3438 	3488 	3487
f 3439 	3440 	3489
f 3439 	3489 	3488
f 3440 	3441 	3490
f 3440 	3490 	3489
f 3441 	3394 	3442
f 3441 	3442 	3490
f 3442 	3443 	3443
f 3443 	3445 	3445
f 3445 	3446 	3446
f 3446 	3447 	3447
f 3447 	3448 	3448
f 3448 	3449 	3449
f 3449 	3450 	3450
f 3450 	3451 	3451
f 3451 	3452 	3452
f 3452 	3453 	3453
f 3453 	3454 	3454
f 3454 	3455 	3455
f 3455 	3456 	3456
f 3456 	3457 	3457
f 3457 	3458 	3458
f 3458 	3459 	3459
f 3459 	3460 	3460
f 3460 	3461 	3461
f 3461 	3462 	3462
f 3462 	3463 	3463
f 3463 	3464 	3464
f 3464 	3465 	3465
f 3465 	3466 	3466
f 3466 	3467 	3467
f 3467 	3468 	3468
f 3468 	3469 	3469
f 3469 	3470 	3470
f 3470 	3471 	3471
f 3471 	3472 	3472
f 3472 	3473 	3473
f 3473 	3474 	3474
f 3474 	3475 	3475
f 3475 	3476 	3476
f 3476 	3477 	3477
f 3477 	3478 	3478
f 3478 	3479 	3479
f 3479 	3480 	3480
f 3480 	3481 	3481
f 3481 	3482 	3482
f 3482 	3483 	3483
f 3483 	3484 	3484
f 3484 	3485 	3485
f 3485 	3486 	3486
f 3486 	3487 	3487
f 3487 	3488 	3488
f 3488 	3489 	3489
f 3489 	3490 	3490
f 3490 	3442 	3442
# 288 faces

 #end of obj_29

o obj_30
v 23.1217 		16.375 		20.0607
v 23.2255 		16.3846 		20.1645
v 23.2601 		16.0128 		20.1991
v 23.1217 		16 		20.0607
v 23.3276 		16.4133 		20.2665
v 23.3962 		16.0511 		20.3352
v 23.4261 		16.4606 		20.3651
v 23.5276 		16.1142 		20.4666
v 23.5194 		16.5257 		20.4584
v 23.652 		16.201 		20.591
v 23.6059 		16.6075 		20.5449
v 23.7674 		16.31 		20.7063
v 23.6842 		16.7045 		20.6232
v 23.8717 		16.4393 		20.8107
v 23.7528 		16.8151 		20.6918
v 23.9632 		16.5869 		20.9021
v 23.8106 		16.9375 		20.7496
v 24.0402 		16.75 		20.9792
v 23.8566 		17.0695 		20.7956
v 24.1016 		16.926 		21.0406
v 23.8901 		17.2088 		20.829
v 24.1462 		17.1118 		21.0852
v 23.9104 		17.3532 		20.8493
v 24.1733 		17.3042 		21.1122
v 23.9172 		17.5 		20.8562
v 24.1823 		17.5 		21.1213
v 23.9104 		17.6468 		20.8493
v 24.1733 		17.6958 		21.1122
v 23.8901 		17.7912 		20.829
v 24.1462 		17.8882 		21.0852
v 23.8566 		17.9305 		20.7956
v 24.1016 		18.074 		21.0406
v 23.8106 		18.0625 		20.7496
v 24.0402 		18.25 		20.9792
v 23.7528 		18.1849 		20.6918
v 23.9632 		18.4131 		20.9021
v 23.6842 		18.2955 		20.6232
v 23.8717 		18.5607 		20.8107
v 23.6059 		18.3925 		20.5449
v 23.7674 		18.69 		20.7063
v 23.5194 		18.4743 		20.4584
v 23.652 		18.799 		20.591
v 23.4261 		18.5394 		20.3651
v 23.5276 		18.8858 		20.4666
v 23.3276 		18.5867 		20.2665
v 23.3962 		18.9489 		20.3352
v 23.2255 		18.6154 		20.1645
v 23.2601 		18.9872 		20.1991
v 23.1217 		18.625 		20.0607
v 23.1217 		19 		20.0607
v 23.0178 		18.6154 		19.9568
v 22.9832 		18.9872 		19.9222
v 22.9158 		18.5867 		19.8548
v 22.8472 		18.9489 		19.7861
v 22.8173 		18.5394 		19.7562
v 22.7158 		18.8858 		19.6548
v 22.7239 		18.4743 		19.6629
v 22.5913 		18.799 		19.5303
v 22.6374 		18.3925 		19.5764
v 22.476 		18.69 		19.415
v 22.5592 		18.2955 		19.4982
v 22.3717 		18.5607 		19.3107
v 22.4906 		18.1849 		19.4296
v 22.2802 		18.4131 		19.2192
v 22.4328 		18.0625 		19.3717
v 22.2031 		18.25 		19.1421
v 22.3867 		17.9305 		19.3257
v 22.1418 		18.074 		19.0807
v 22.3533 		17.7912 		19.2923
v 22.0972 		17.8882 		19.0361
v 22.333 		17.6468 		19.272
v 22.0701 		17.6958 		19.0091
v 22.3262 		17.5 		19.2652
v 22.061 		17.5 		19
v 22.333 		17.3532 		19.272
v 22.0701 		17.3042 		19.0091
v 22.3533 		17.2088 		19.2923
v 22.0972 		17.1118 		19.0361
v 22.3867 		17.0695 		19.3257
v 22.1418 		16.926 		19.0807
v 22.4328 		16.9375 		19.3717
v 22.2031 		16.75 		19.1421
v 22.4906 		16.8151 		19.4296
v 22.2802 		16.5869 		19.2192
v 22.5592 		16.7045 		19.4982
v 22.3717 		16.4393 		19.3107
v 22.6374 		16.6075 		19.5764
v 22.476 		16.31 		19.415
v 22.7239 		16.5257 		19.6629
v 22.5913 		16.201 		19.5303
v 22.8173 		16.4606 		19.7562
v 22.7158 		16.1142 		19.6548
v 22.9158 		16.4133 		19.8548
v 22.8472 		16.0511 		19.7861
v 23.0178 		16.3846 		19.9568
v 22.9832 		16.0128 		19.9222
v 22.2889 		16.375 		20.8935
v 22.3927 		16.3846 		20.9973
v 22.4948 		16.4133 		21.0993
v 22.5933 		16.4606 		21.1979
v 22.6866 		16.5257 		21.2912
v 22.7731 		16.6075 		21.3777
v 22.8514 		16.7045 		21.456
v 22.92 		16.8151 		21.5246
v 22.9778 		16.9375 		21.5824
v 23.0238 		17.0695 		21.6284
v 23.0573 		17.2088 		21.6618
v 23.0776 		17.3532 		21.6821
v 23.0844 		17.5 		21.689
v 23.0776 		17.6468 		21.6821
v 23.0573 		17.7912 		21.6618
v 23.0238 		17.9305 		21.6284
v 22.9778 		18.0625 		21.5824
v 22.92 		18.1849 		21.5246
v 22.8514 		18.2955 		21.456
v 22.7731 		18.3925 		21.3777
v 22.6866 		18.4743 		21.2912
v 22.5933 		18.5394 		21.1979
v 22.4948 		18.5867 		21.0993
v 22.3927 		18.6154 		20.9973
v 22.2889 		18.625 		20.8935
v 22.185 		18.6154 		20.7896
v 22.083 		18.5867 		20.6876
v 21.9845 		18.5394 		20.589
v 21.8911 		18.4743 		20.4957
v 21.8046 		18.3925 		20.4092
v 21.7264 		18.2955 		20.331
v 21.6578 		18.1849 		20.2623
v 21.6 		18.0625 		20.2045
v 21.5539 		17.9305 		20.1585
v 21.5205 		17.7912 		20.1251
v 21.5002 		17.6468 		20.1048
v 21.4934 		17.5 		20.098
v 21.5002 		17.3532 		20.1048
v 21.5205 		17.2088 		20.1251
v 21.5539 		17.0695 		20.1585
v 21.6 		16.9375 		20.2045
v 21.6578 		16.8151 		20.2623
v 21.7264 		16.7045 		20.331
v 21.8046 		16.6075 		20.4092
v 21.8911 		16.5257 		20.4957
v 21.9845 		16.4606 		20.589
v 22.083 		16.4133 		20.6876
v 22.185 		16.3846 		20.7896
v 22.2889 		16 		20.8935
v 22.4273 		16.0128 		21.0319
v 22.5634 		16.0511 		21.168
v 22.6948 		16.1142 		21.2994
v 22.8192 		16.201 		21.4238
v 22.9346 		16.31 		21.5391
v 23.0389 		16.4393 		21.6435
v 23.1304 		16.5869 		21.7349
v 23.2074 		16.75 		21.812
v 23.2688 		16.926 		21.8734
v 23.3134 		17.1118 		21.918
v 23.3405 		17.3042 		21.945
v 23.3495 		17.5 		21.9541
v 23.3405 		17.6958 		21.945
v 23.3134 		17.8882 		21.918
v 23.2688 		18.074 		21.8734
v 23.2074 		18.25 		21.812
v 23.1304 		18.4131 		21.7349
v 23.0389 		18.5607 		21.6435
v 22.9346 		18.69 		21.5391
v 22.8192 		18.799 		21.4238
v 22.6948 		18.8858 		21.2994
v 22.5634 		18.9489 		21.168
v 22.4273 		18.9872 		21.0319
v 22.2889 		19 		20.8935
v 22.1504 		18.9872 		20.755
v 22.0144 		18.9489 		20.6189
v 21.883 		18.8858 		20.4876
v 21.7585 		18.799 		20.3631
v 21.6432 		18.69 		20.2478
v 21.5389 		18.5607 		20.1435
v 21.4474 		18.4131 		20.052
v 21.3703 		18.25 		19.9749
v 21.309 		18.074 		19.9135
v 21.2644 		17.8882 		19.8689
v 21.2373 		17.6958 		19.8419
v 21.2282 		17.5 		19.8328
v 21.2373 		17.3042 		19.8419
v 21.2644 		17.1118 		19.8689
v 21.309 		16.926 		19.9135
v 21.3703 		16.75 		19.9749
v 21.4474 		16.5869 		20.052
v 21.5389 		16.4393 		20.1435
v 21.6432 		16.31 		20.2478
v 21.7585 		16.201 		20.3631
v 21.883 		16.1142 		20.4876
v 22.0144 		16.0511 		20.6189
v 22.1504 		16.0128 		20.755
# 192 vertices

g group_30_10988977

usemtl color_10988977
s 0

f 3491 	3492 	3493
f 3491 	3493 	3494
f 3492 	3495 	3496
f 3492 	3496 	3493
f 3495 	3497 	3498
f 3495 	3498 	3496
f 3497 	3499 	3500
f 3497 	3500 	3498
f 3499 	3501 	3502
f 3499 	3502 	3500
f 3501 	3503 	3504
f 3501 	3504 	3502
f 3503 	3505 	3506
f 3503 	3506 	3504
f 3505 	3507 	3508
f 3505 	3508 	3506
f 3507 	3509 	3510
f 3507 	3510 	3508
f 3509 	3511 	3512
f 3509 	3512 	3510
f 3511 	3513 	3514
f 3511 	3514 	3512
f 3513 	3515 	3516
f 3513 	3516 	3514
f 3515 	3517 	3518
f 3515 	3518 	3516
f 3517 	3519 	3520
f 3517 	3520 	3518
f 3519 	3521 	3522
f 3519 	3522 	3520
f 3521 	3523 	3524
f 3521 	3524 	3522
f 3523 	3525 	3526
f 3523 	3526 	3524
f 3525 	3527 	3528
f 3525 	3528 	3526
f 3527 	3529 	3530
f 3527 	3530 	3528
f 3529 	3531 	3532
f 3529 	3532 	3530
f 3531 	3533 	3534
f 3531 	3534 	3532
f 3533 	3535 	3536
f 3533 	3536 	3534
f 3535 	3537 	3538
f 3535 	3538 	3536
f 3537 	3539 	3540
f 3537 	3540 	3538
f 3539 	3541 	3542
f 3539 	3542 	3540
f 3541 	3543 	3544
f 3541 	3544 	3542
f 3543 	3545 	3546
f 3543 	3546 	3544
f 3545 	3547 	3548
f 3545 	3548 	3546
f 3547 	3549 	3550
f 3547 	3550 	3548
f 3549 	3551 	3552
f 3549 	3552 	3550
f 3551 	3553 	3554
f 3551 	3554 	3552
f 3553 	3555 	3556
f 3553 	3556 	3554
f 3555 	3557 	3558
f 3555 	3558 	3556
f 3557 	3559 	3560
f 3557 	3560 	3558
f 3559 	3561 	3562
f 3559 	3562 	3560
f 3561 	3563 	3564
f 3561 	3564 	3562
f 3563 	3565 	3566
f 3563 	3566 	3564
f 3565 	3567 	3568
f 3565 	3568 	3566
f 3567 	3569 	3570
f 3567 	3570 	3568
f 3569 	3571 	3572
f 3569 	3572 	3570
f 3571 	3573 	3574
f 3571 	3574 	3572
f 3573 	3575 	3576
f 3573 	3576 	3574
f 3575 	3577 	3578
f 3575 	3578 	3576
f 3577 	3579 	3580
f 3577 	3580 	3578
f 3579 	3581 	3582
f 3579 	3582 	3580
f 3581 	3583 	3584
f 3581 	3584 	3582
f 3583 	3585 	3586
f 3583 	3586 	3584
f 3585 	3491 	3494
f 3585 	3494 	3586
f 3587 	3588 	3492
f 3587 	3492 	3491
f 3588 	3589 	3495
f 3588 	3495 	3492
f 3589 	3590 	3497
f 3589 	3497 	3495
f 3590 	3591 	3499
f 3590 	3499 	3497
f 3591 	3592 	3501
f 3591 	3501 	3499
f 3592 	3593 	3503
f 3592 	3503 	3501
f 3593 	3594 	3505
f 3593 	3505 	3503
f 3594 	3595 	3507
f 3594 	3507 	3505
f 3595 	3596 	3509
f 3595 	3509 	3507
f 3596 	3597 	3511
f 3596 	3511 	3509
f 3597 	3598 	3513
f 3597 	3513 	3511
f 3598 	3599 	3515
f 3598 	3515 	3513
f 3599 	3600 	3517
f 3599 	3517 	3515
f 3600 	3601 	3519
f 3600 	3519 	3517
f 3601 	3602 	3521
f 3601 	3521 	3519
f 3602 	3603 	3523
f 3602 	3523 	3521
f 3603 	3604 	3525
f 3603 	3525 	3523
f 3604 	3605 	3527
f 3604 	3527 	3525
f 3605 	3606 	3529
f 3605 	3529 	3527
f 3606 	3607 	3531
f 3606 	3531 	3529
f 3607 	3608 	3533
f 3607 	3533 	3531
f 3608 	3609 	3535
f 3608 	3535 	3533
f 3609 	3610 	3537
f 3609 	3537 	3535
f 3610 	3611 	3539
f 3610 	3539 	3537
f 3611 	3612 	3541
f 3611 	3541 	3539
f 3612 	3613 	3543
f 3612 	3543 	3541
f 3613 	3614 	3545
f 3613 	3545 	3543
f 3614 	3615 	3547
f 3614 	3547 	3545
f 3615 	3616 	3549
f 3615 	3549 	3547
f 3616 	3617 	3551
f 3616 	3551 	3549
f 3617 	3618 	3553
f 3617 	3553 	3551
f 3618 	3619 	3555
f 3618 	3555 	3553
f 3619 	3620 	3557
f 3619 	3557 	3555
f 3620 	3621 	3559
f 3620 	3559 	3557
f 3621 	3622 	3561
f 3621 	3561 	3559
f 3622 	3623 	3563
f 3622 	3563 	3561
f 3623 	3624 	3565
f 3623 	3565 	3563
f 3624 	3625 	3567
f 3624 	3567 	3565
f 3625 	3626 	3569
f 3625 	3569 	3567
f 3626 	3627 	3571
f 3626 	3571 	3569
f 3627 	3628 	3573
f 3627 	3573 	3571
f 3628 	3629 	3575
f 3628 	3575 	3573
f 3629 	3630 	3577
f 3629 	3577 	3575
f 3630 	3631 	3579
f 3630 	3579 	3577
f 3631 	3632 	3581
f 3631 	3581 	3579
f 3632 	3633 	3583
f 3632 	3583 	3581
f 3633 	3634 	3585
f 3633 	3585 	3583
f 3634 	3587 	3491
f 3634 	3491 	3585
f 3635 	3636 	3588
f 3635 	3588 	3587
f 3636 	3637 	3589
f 3636 	3589 	3588
f 3637 	3638 	3590
f 3637 	3590 	3589
f 3638 	3639 	3591
f 3638 	3591 	3590
f 3639 	3640 	3592
f 3639 	3592 	3591
f 3640 	3641 	3593
f 3640 	3593 	3592
f 3641 	3642 	3594
f 3641 	3594 	3593
f 3642 	3643 	3595
f 3642 	3595 	3594
f 3643 	3644 	3596
f 3643 	3596 	3595
f 3644 	3645 	3597
f 3644 	3597 	3596
f 3645 	3646 	3598
f 3645 	3598 	3597
f 3646 	3647 	3599
f 3646 	3599 	3598
f 3647 	3648 	3600
f 3647 	3600 	3599
f 3648 	3649 	3601
f 3648 	3601 	3600
f 3649 	3650 	3602
f 3649 	3602 	3601
f 3650 	3651 	3603
f 3650 	3603 	3602
f 3651 	3652 	3604
f 3651 	3604 	3603
f 3652 	3653 	3605
f 3652 	3605 	3604
f 3653 	3654 	3606
f 3653 	3606 	3605
f 3654 	3655 	3607
f 3654 	3607 	3606
f 3655 	3656 	3608
f 3655 	3608 	3607
f 3656 	3657 	3609
f 3656 	3609 	3608
f 3657 	3658 	3610
f 3657 	3610 	3609
f 3658 	3659 	3611
f 3658 	3611 	3610
f 3659 	3660 	3612
f 3659 	3612 	3611
f 3660 	3661 	3613
f 3660 	3613 	3612
f 3661 	3662 	3614
f 3661 	3614 	3613
f 3662 	3663 	3615
f 3662 	3615 	3614
f 3663 	3664 	3616
f 3663 	3616 	3615
f 3664 	3665 	3617
f 3664 	3617 	3616
f 3665 	3666 	3618
f 3665 	3618 	3617
f 3666 	3667 	3619
f 3666 	3619 	3618
f 3667 	3668 	3620
f 3667 	3620 	3619
f 3668 	3669 	3621
f 3668 	3621 	3620
f 3669 	3670 	3622
f 3669 	3622 	3621
f 3670 	3671 	3623
f 3670 	3623 	3622
f 3671 	3672 	3624
f 3671 	3624 	3623
f 3672 	3673 	3625
f 3672 	3625 	3624
f 3673 	3674 	3626
f 3673 	3626 	3625
f 3674 	3675 	3627
f 3674 	3627 	3626
f 3675 	3676 	3628
f 3675 	3628 	3627
f 3676 	3677 	3629
f 3676 	3629 	3628
f 3677 	3678 	3630
f 3677 	3630 	3629
f 3678 	3679 	3631
f 3678 	3631 	3630
f 3679 	3680 	3632
f 3679 	3632 	3631
f 3680 	3681 	3633
f 3680 	3633 	3632
f 3681 	3682 	3634
f 3681 	3634 	3633
f 3682 	3635 	3587
f 3682 	3587 	3634
f 3494 	3493 	3493
f 3493 	3496 	3496
f 3496 	3498 	3498
f 3498 	3500 	3500
f 3500 	3502 	3502
f 3502 	3504 	3504
f 3504 	3506 	3506
f 3506 	3508 	3508
f 3508 	3510 	3510
f 3510 	3512 	3512
f 3512 	3514 	3514
f 3514 	3516 	3516
f 3516 	3518 	3518
f 3518 	3520 	3520
f 3520 	3522 	3522
f 3522 	3524 	3524
f 3524 	3526 	3526
f 3526 	3528 	3528
f 3528 	3530 	3530
f 3530 	3532 	3532
f 3532 	3534 	3534
f 3534 	3536 	3536
f 3536 	3538 	3538
f 3538 	3540 	3540
f 3540 	3542 	3542
f 3542 	3544 	3544
f 3544 	3546 	3546
f 3546 	3548 	3548
f 3548 	3550 	3550
f 3550 	3552 	3552
f 3552 	3554 	3554
f 3554 	3556 	3556
f 3556 	3558 	3558
f 3558 	3560 	3560
f 3560 	3562 	3562
f 3562 	3564 	3564
f 3564 	3566 	3566
f 3566 	3568 	3568
f 3568 	3570 	3570
f 3570 	3572 	3572
f 3572 	3574 	3574
f 3574 	3576 	3576
f 3576 	3578 	3578
f 3578 	3580 	3580
f 3580 	3582 	3582
f 3582 	3584 	3584
f 3584 	3586 	3586
f 3586 	3494 	3494
f 3494 	3493 	3636
f 3494 	3636 	3635
f 3493 	3496 	3637
f 3493 	3637 	3636
f 3496 	3498 	3638
f 3496 	3638 	3637
f 3498 	3500 	3639
f 3498 	3639 	3638
f 3500 	3502 	3640
f 3500 	3640 	3639
f 3502 	3504 	3641
f 3502 	3641 	3640
f 3504 	3506 	3642
f 3504 	3642 	3641
f 3506 	3508 	3643
f 3506 	3643 	3642
f 3508 	3510 	3644
f 3508 	3644 	3643
f 3510 	3512 	3645
f 3510 	3645 	3644
f 3512 	3514 	3646
f 3512 	3646 	3645
f 3514 	3516 	3647
f 3514 	3647 	3646
f 3516 	3518 	3648
f 3516 	3648 	3647
f 3518 	3520 	3649
f 3518 	3649 	3648
f 3520 	3522 	3650
f 3520 	3650 	3649
f 3522 	3524 	3651
f 3522 	3651 	3650
f 3524 	3526 	3652
f 3524 	3652 	3651
f 3526 	3528 	3653
f 3526 	3653 	3652
f 3528 	3530 	3654
f 3528 	3654 	3653
f 3530 	3532 	3655
f 3530 	3655 	3654
f 3532 	3534 	3656
f 3532 	3656 	3655
f 3534 	3536 	3657
f 3534 	3657 	3656
f 3536 	3538 	3658
f 3536 	3658 	3657
f 3538 	3540 	3659
f 3538 	3659 	3658
f 3540 	3542 	3660
f 3540 	3660 	3659
f 3542 	3544 	3661
f 3542 	3661 	3660
f 3544 	3546 	3662
f 3544 	3662 	3661
f 3546 	3548 	3663
f 3546 	3663 	3662
f 3548 	3550 	3664
f 3548 	3664 	3663
f 3550 	3552 	3665
f 3550 	3665 	3664
f 3552 	3554 	3666
f 3552 	3666 	3665
f 3554 	3556 	3667
f 3554 	3667 	3666
f 3556 	3558 	3668
f 3556 	3668 	3667
f 3558 	3560 	3669
f 3558 	3669 	3668
f 3560 	3562 	3670
f 3560 	3670 	3669
f 3562 	3564 	3671
f 3562 	3671 	3670
f 3564 	3566 	3672
f 3564 	3672 	3671
f 3566 	3568 	3673
f 3566 	3673 	3672
f 3568 	3570 	3674
f 3568 	3674 	3673
f 3570 	3572 	3675
f 3570 	3675 	3674
f 3572 	3574 	3676
f 3572 	3676 	3675
f 3574 	3576 	3677
f 3574 	3677 	3676
f 3576 	3578 	3678
f 3576 	3678 	3677
f 3578 	3580 	3679
f 3578 	3679 	3678
f 3580 	3582 	3680
f 3580 	3680 	3679
f 3582 	3584 	3681
f 3582 	3681 	3680
f 3584 	3586 	3682
f 3584 	3682 	3681
f 3586 	3494 	3635
f 3586 	3635 	3682
f 3635 	3636 	3636
f 3636 	3637 	3637
f 3637 	3638 	3638
f 3638 	3639 	3639
f 3639 	3640 	3640
f 3640 	3641 	3641
f 3641 	3642 	3642
f 3642 	3643 	3643
f 3643 	3644 	3644
f 3644 	3645 	3645
f 3645 	3646 	3646
f 3646 	3647 	3647
f 3647 	3648 	3648
f 3648 	3649 	3649
f 3649 	3650 	3650
f 3650 	3651 	3651
f 3651 	3652 	3652
f 3652 	3653 	3653
f 3653 	3654 	3654
f 3654 	3655 	3655
f 3655 	3656 	3656
f 3656 	3657 	3657
f 3657 	3658 	3658
f 3658 	3659 	3659
f 3659 	3660 	3660
f 3660 	3661 	3661
f 3661 	3662 	3662
f 3662 	3663 	3663
f 3663 	3664 	3664
f 3664 	3665 	3665
f 3665 	3666 	3666
f 3666 	3667 	3667
f 3667 	3668 	3668
f 3668 	3669 	3669
f 3669 	3670 	3670
f 3670 	3671 	3671
f 3671 	3672 	3672
f 3672 	3673 	3673
f 3673 	3674 	3674
f 3674 	3675 	3675
f 3675 	3676 	3676
f 3676 	3677 	3677
f 3677 	3678 	3678
f 3678 	3679 	3679
f 3679 	3680 	3680
f 3680 	3681 	3681
f 3681 	3682 	3682
f 3682 	3635 	3635
# 480 faces

 #end of obj_30

o obj_31
v 23.2324 		16.3103 		21.9593
v 23.1217 		16.3 		21.8485
v 23.1217 		17.5 		21.8485
v 23.3413 		16.3409 		22.0681
v 23.4464 		16.3913 		22.1732
v 23.5459 		16.4608 		22.2728
v 23.6382 		16.548 		22.3651
v 23.7217 		16.6515 		22.4485
v 23.7949 		16.7695 		22.5217
v 23.8565 		16.9 		22.5834
v 23.9056 		17.0408 		22.6325
v 23.9413 		17.1894 		22.6681
v 23.9629 		17.3434 		22.6898
v 23.9702 		17.5 		22.6971
v 23.9629 		17.6566 		22.6898
v 23.9413 		17.8106 		22.6681
v 23.9056 		17.9592 		22.6325
v 23.8565 		18.1 		22.5834
v 23.7949 		18.2305 		22.5217
v 23.7217 		18.3485 		22.4485
v 23.6382 		18.452 		22.3651
v 23.5459 		18.5392 		22.2728
v 23.4464 		18.6087 		22.1732
v 23.3413 		18.6591 		22.0681
v 23.2324 		18.6897 		21.9593
v 23.1217 		18.7 		21.8485
v 23.0109 		18.6897 		21.7378
v 22.9021 		18.6591 		21.6289
v 22.797 		18.6087 		21.5238
v 22.6974 		18.5392 		21.4243
v 22.6051 		18.452 		21.332
v 22.5217 		18.3485 		21.2485
v 22.4485 		18.2305 		21.1753
v 22.3868 		18.1 		21.1137
v 22.3377 		17.9592 		21.0646
v 22.3021 		17.8106 		21.0289
v 22.2804 		17.6566 		21.0073
v 22.2731 		17.5 		21
v 22.2804 		17.3434 		21.0073
v 22.3021 		17.1894 		21.0289
v 22.3377 		17.0408 		21.0646
v 22.3868 		16.9 		21.1137
v 22.4485 		16.7695 		21.1753
v 22.5217 		16.6515 		21.2485
v 22.6051 		16.548 		21.332
v 22.6974 		16.4608 		21.4243
v 22.797 		16.3913 		21.5238
v 22.9021 		16.3409 		21.6289
v 23.0109 		16.3103 		21.7378
v 17.5697 		16.3 		27.4005
v 17.6804 		16.3103 		27.5113
v 17.5697 		17.5 		27.4005
v 17.7893 		16.3409 		27.6201
v 17.8944 		16.3913 		27.7252
v 17.994 		16.4608 		27.8248
v 18.0862 		16.548 		27.9171
v 18.1697 		16.6515 		28.0005
v 18.2429 		16.7695 		28.0737
v 18.3045 		16.9 		28.1354
v 18.3536 		17.0408 		28.1844
v 18.3893 		17.1894 		28.2201
v 18.411 		17.3434 		28.2418
v 18.4182 		17.5 		28.249
v 18.411 		17.6566 		28.2418
v 18.3893 		17.8106 		28.2201
v 18.3536 		17.9592 		28.1844
v 18.3045 		18.1 		28.1354
v 18.2429 		18.2305 		28.0737
v 18.1697 		18.3485 		28.0005
v 18.0862 		18.452 		27.9171
v 17.994 		18.5392 		27.8248
v 17.8944 		18.6087 		27.7252
v 17.7893 		18.6591 		27.6201
v 17.6804 		18.6897 		27.5113
v 17.5697 		18.7 		27.4005
v 17.4589 		18.6897 		27.2898
v 17.3501 		18.6591 		27.1809
v 17.245 		18.6087 		27.0758
v 17.1454 		18.5392 		26.9762
v 17.0531 		18.452 		26.884
v 16.9697 		18.3485 		26.8005
v 16.8965 		18.2305 		26.7273
v 16.8348 		18.1 		26.6657
v 16.7858 		17.9592 		26.6166
v 16.7501 		17.8106 		26.5809
v 16.7284 		17.6566 		26.5592
v 16.7212 		17.5 		26.552
v 16.7284 		17.3434 		26.5592
v 16.7501 		17.1894 		26.5809
v 16.7858 		17.0408 		26.6166
v 16.8348 		16.9 		26.6657
v 16.8965 		16.7695 		26.7273
v 16.9697 		16.6515 		26.8005
v 17.0531 		16.548 		26.884
v 17.1454 		16.4608 		26.9762
v 17.245 		16.3913 		27.0758
v 17.3501 		16.3409 		27.1809
v 17.4589 		16.3103 		27.2898
# 98 vertices

g group_31_14541540

usemtl color_14541540
s 0

f 3683 	3684 	3685
f 3686 	3683 	3685
f 3687 	3686 	3685
f 3688 	3687 	3685
f 3689 	3688 	3685
f 3690 	3689 	3685
f 3691 	3690 	3685
f 3692 	3691 	3685
f 3693 	3692 	3685
f 3694 	3693 	3685
f 3695 	3694 	3685
f 3696 	3695 	3685
f 3697 	3696 	3685
f 3698 	3697 	3685
f 3699 	3698 	3685
f 3700 	3699 	3685
f 3701 	3700 	3685
f 3702 	3701 	3685
f 3703 	3702 	3685
f 3704 	3703 	3685
f 3705 	3704 	3685
f 3706 	3705 	3685
f 3707 	3706 	3685
f 3708 	3707 	3685
f 3709 	3708 	3685
f 3710 	3709 	3685
f 3711 	3710 	3685
f 3712 	3711 	3685
f 3713 	3712 	3685
f 3714 	3713 	3685
f 3715 	3714 	3685
f 3716 	3715 	3685
f 3717 	3716 	3685
f 3718 	3717 	3685
f 3719 	3718 	3685
f 3720 	3719 	3685
f 3721 	3720 	3685
f 3722 	3721 	3685
f 3723 	3722 	3685
f 3724 	3723 	3685
f 3725 	3724 	3685
f 3726 	3725 	3685
f 3727 	3726 	3685
f 3728 	3727 	3685
f 3729 	3728 	3685
f 3730 	3729 	3685
f 3731 	3730 	3685
f 3684 	3731 	3685
f 3732 	3733 	3734
f 3733 	3735 	3734
f 3735 	3736 	3734
f 3736 	3737 	3734
f 3737 	3738 	3734
f 3738 	3739 	3734
f 3739 	3740 	3734
f 3740 	3741 	3734
f 3741 	3742 	3734
f 3742 	3743 	3734
f 3743 	3744 	3734
f 3744 	3745 	3734
f 3745 	3746 	3734
f 3746 	3747 	3734
f 3747 	3748 	3734
f 3748 	3749 	3734
f 3749 	3750 	3734
f 3750 	3751 	3734
f 3751 	3752 	3734
f 3752 	3753 	3734
f 3753 	3754 	3734
f 3754 	3755 	3734
f 3755 	3756 	3734
f 3756 	3757 	3734
f 3757 	3758 	3734
f 3758 	3759 	3734
f 3759 	3760 	3734
f 3760 	3761 	3734
f 3761 	3762 	3734
f 3762 	3763 	3734
f 3763 	3764 	3734
f 3764 	3765 	3734
f 3765 	3766 	3734
f 3766 	3767 	3734
f 3767 	3768 	3734
f 3768 	3769 	3734
f 3769 	3770 	3734
f 3770 	3771 	3734
f 3771 	3772 	3734
f 3772 	3773 	3734
f 3773 	3774 	3734
f 3774 	3775 	3734
f 3775 	3776 	3734
f 3776 	3777 	3734
f 3777 	3778 	3734
f 3778 	3779 	3734
f 3779 	3780 	3734
f 3780 	3732 	3734
f 3684 	3683 	3683
f 3683 	3686 	3686
f 3686 	3687 	3687
f 3687 	3688 	3688
f 3688 	3689 	3689
f 3689 	3690 	3690
f 3690 	3691 	3691
f 3691 	3692 	3692
f 3692 	3693 	3693
f 3693 	3694 	3694
f 3694 	3695 	3695
f 3695 	3696 	3696
f 3696 	3697 	3697
f 3697 	3698 	3698
f 3698 	3699 	3699
f 3699 	3700 	3700
f 3700 	3701 	3701
f 3701 	3702 	3702
f 3702 	3703 	3703
f 3703 	3704 	3704
f 3704 	3705 	3705
f 3705 	3706 	3706
f 3706 	3707 	3707
f 3707 	3708 	3708
f 3708 	3709 	3709
f 3709 	3710 	3710
f 3710 	3711 	3711
f 3711 	3712 	3712
f 3712 	3713 	3713
f 3713 	3714 	3714
f 3714 	3715 	3715
f 3715 	3716 	3716
f 3716 	3717 	3717
f 3717 	3718 	3718
f 3718 	3719 	3719
f 3719 	3720 	3720
f 3720 	3721 	3721
f 3721 	3722 	3722
f 3722 	3723 	3723
f 3723 	3724 	3724
f 3724 	3725 	3725
f 3725 	3726 	3726
f 3726 	3727 	3727
f 3727 	3728 	3728
f 3728 	3729 	3729
f 3729 	3730 	3730
f 3730 	3731 	3731
f 3731 	3684 	3684
f 3684 	3683 	3733
f 3684 	3733 	3732
f 3683 	3686 	3735
f 3683 	3735 	3733
f 3686 	3687 	3736
f 3686 	3736 	3735
f 3687 	3688 	3737
f 3687 	3737 	3736
f 3688 	3689 	3738
f 3688 	3738 	3737
f 3689 	3690 	3739
f 3689 	3739 	3738
f 3690 	3691 	3740
f 3690 	3740 	3739
f 3691 	3692 	3741
f 3691 	3741 	3740
f 3692 	3693 	3742
f 3692 	3742 	3741
f 3693 	3694 	3743
f 3693 	3743 	3742
f 3694 	3695 	3744
f 3694 	3744 	3743
f 3695 	3696 	3745
f 3695 	3745 	3744
f 3696 	3697 	3746
f 3696 	3746 	3745
f 3697 	3698 	3747
f 3697 	3747 	3746
f 3698 	3699 	3748
f 3698 	3748 	3747
f 3699 	3700 	3749
f 3699 	3749 	3748
f 3700 	3701 	3750
f 3700 	3750 	3749
f 3701 	3702 	3751
f 3701 	3751 	3750
f 3702 	3703 	3752
f 3702 	3752 	3751
f 3703 	3704 	3753
f 3703 	3753 	3752
f 3704 	3705 	3754
f 3704 	3754 	3753
f 3705 	3706 	3755
f 3705 	3755 	3754
f 3706 	3707 	3756
f 3706 	3756 	3755
f 3707 	3708 	3757
f 3707 	3757 	3756
f 3708 	3709 	3758
f 3708 	3758 	3757
f 3709 	3710 	3759
f 3709 	3759 	3758
f 3710 	3711 	3760
f 3710 	3760 	3759
f 3711 	3712 	3761
f 3711 	3761 	3760
f 3712 	3713 	3762
f 3712 	3762 	3761
f 3713 	3714 	3763
f 3713 	3763 	3762
f 3714 	3715 	3764
f 3714 	3764 	3763
f 3715 	3716 	3765
f 3715 	3765 	3764
f 3716 	3717 	3766
f 3716 	3766 	3765
f 3717 	3718 	3767
f 3717 	3767 	3766
f 3718 	3719 	3768
f 3718 	3768 	3767
f 3719 	3720 	3769
f 3719 	3769 	3768
f 3720 	3721 	3770
f 3720 	3770 	3769
f 3721 	3722 	3771
f 3721 	3771 	3770
f 3722 	3723 	3772
f 3722 	3772 	3771
f 3723 	3724 	3773
f 3723 	3773 	3772
f 3724 	3725 	3774
f 3724 	3774 	3773
f 3725 	3726 	3775
f 3725 	3775 	3774
f 3726 	3727 	3776
f 3726 	3776 	3775
f 3727 	3728 	3777
f 3727 	3777 	3776
f 3728 	3729 	3778
f 3728 	3778 	3777
f 3729 	3730 	3779
f 3729 	3779 	3778
f 3730 	3731 	3780
f 3730 	3780 	3779
f 3731 	3684 	3732
f 3731 	3732 	3780
f 3732 	3733 	3733
f 3733 	3735 	3735
f 3735 	3736 	3736
f 3736 	3737 	3737
f 3737 	3738 	3738
f 3738 	3739 	3739
f 3739 	3740 	3740
f 3740 	3741 	3741
f 3741 	3742 	3742
f 3742 	3743 	3743
f 3743 	3744 	3744
f 3744 	3745 	3745
f 3745 	3746 	3746
f 3746 	3747 	3747
f 3747 	3748 	3748
f 3748 	3749 	3749
f 3749 	3750 	3750
f 3750 	3751 	3751
f 3751 	3752 	3752
f 3752 	3753 	3753
f 3753 	3754 	3754
f 3754 	3755 	3755
f 3755 	3756 	3756
f 3756 	3757 	3757
f 3757 	3758 	3758
f 3758 	3759 	3759
f 3759 	3760 	3760
f 3760 	3761 	3761
f 3761 	3762 	3762
f 3762 	3763 	3763
f 3763 	3764 	3764
f 3764 	3765 	3765
f 3765 	3766 	3766
f 3766 	3767 	3767
f 3767 	3768 	3768
f 3768 	3769 	3769
f 3769 	3770 	3770
f 3770 	3771 	3771
f 3771 	3772 	3772
f 3772 	3773 	3773
f 3773 	3774 	3774
f 3774 	3775 	3775
f 3775 	3776 	3776
f 3776 	3777 	3777
f 3777 	3778 	3778
f 3778 	3779 	3779
f 3779 	3780 	3780
f 3780 	3732 	3732
# 288 faces

 #end of obj_31

o obj_32
v 15.1638 		18.625 		29.8064
v 15.2677 		18.6154 		29.9102
v 15.3023 		18.9872 		29.9448
v 15.1638 		19 		29.8064
v 15.3697 		18.5867 		30.0123
v 15.4384 		18.9489 		30.0809
v 15.4683 		18.5394 		30.1108
v 15.5697 		18.8858 		30.2123
v 15.5616 		18.4743 		30.2041
v 15.6942 		18.799 		30.3367
v 15.6481 		18.3925 		30.2906
v 15.8095 		18.69 		30.4521
v 15.7263 		18.2955 		30.3689
v 15.9138 		18.5607 		30.5564
v 15.7949 		18.1849 		30.4375
v 16.0053 		18.4131 		30.6478
v 15.8528 		18.0625 		30.4953
v 16.0824 		18.25 		30.7249
v 15.8988 		17.9305 		30.5413
v 16.1438 		18.074 		30.7863
v 15.9322 		17.7912 		30.5748
v 16.1884 		17.8882 		30.8309
v 15.9525 		17.6468 		30.5951
v 16.2154 		17.6958 		30.858
v 15.9593 		17.5 		30.6019
v 16.2245 		17.5 		30.867
v 15.9525 		17.3532 		30.5951
v 16.2154 		17.3042 		30.858
v 15.9322 		17.2088 		30.5748
v 16.1884 		17.1118 		30.8309
v 15.8988 		17.0695 		30.5413
v 16.1438 		16.926 		30.7863
v 15.8528 		16.9375 		30.4953
v 16.0824 		16.75 		30.7249
v 15.7949 		16.8151 		30.4375
v 16.0053 		16.5869 		30.6478
v 15.7263 		16.7045 		30.3689
v 15.9138 		16.4393 		30.5564
v 15.6481 		16.6075 		30.2906
v 15.8095 		16.31 		30.4521
v 15.5616 		16.5257 		30.2041
v 15.6942 		16.201 		30.3367
v 15.4683 		16.4606 		30.1108
v 15.5697 		16.1142 		30.2123
v 15.3697 		16.4133 		30.0123
v 15.4384 		16.0511 		30.0809
v 15.2677 		16.3846 		29.9102
v 15.3023 		16.0128 		29.9448
v 15.1638 		16.375 		29.8064
v 15.1638 		16 		29.8064
v 15.06 		16.3846 		29.7025
v 15.0254 		16.0128 		29.6679
v 14.9579 		16.4133 		29.6005
v 14.8893 		16.0511 		29.5319
v 14.8594 		16.4606 		29.5019
v 14.7579 		16.1142 		29.4005
v 14.7661 		16.5257 		29.4086
v 14.6335 		16.201 		29.276
v 14.6796 		16.6075 		29.3221
v 14.5181 		16.31 		29.1607
v 14.6013 		16.7045 		29.2439
v 14.4138 		16.4393 		29.0564
v 14.5327 		16.8151 		29.1753
v 14.3224 		16.5869 		28.9649
v 14.4749 		16.9375 		29.1175
v 14.2453 		16.75 		28.8878
v 14.4289 		17.0695 		29.0714
v 14.1839 		16.926 		28.8264
v 14.3954 		17.2088 		29.038
v 14.1393 		17.1118 		28.7819
v 14.3751 		17.3532 		29.0177
v 14.1122 		17.3042 		28.7548
v 14.3683 		17.5 		29.0109
v 14.1032 		17.5 		28.7457
v 14.3751 		17.6468 		29.0177
v 14.1122 		17.6958 		28.7548
v 14.3954 		17.7912 		29.038
v 14.1393 		17.8882 		28.7819
v 14.4289 		17.9305 		29.0714
v 14.1839 		18.074 		28.8264
v 14.4749 		18.0625 		29.1175
v 14.2453 		18.25 		28.8878
v 14.5327 		18.1849 		29.1753
v 14.3224 		18.4131 		28.9649
v 14.6013 		18.2955 		29.2439
v 14.4138 		18.5607 		29.0564
v 14.6796 		18.3925 		29.3221
v 14.5181 		18.69 		29.1607
v 14.7661 		18.4743 		29.4086
v 14.6335 		18.799 		29.276
v 14.8594 		18.5394 		29.5019
v 14.7579 		18.8858 		29.4005
v 14.9579 		18.5867 		29.6005
v 14.8893 		18.9489 		29.5319
v 15.06 		18.6154 		29.7025
v 15.0254 		18.9872 		29.6679
v 16.6444 		18.625 		28.3258
v 16.7482 		18.6154 		28.4297
v 16.8503 		18.5867 		28.5317
v 16.9488 		18.5394 		28.6303
v 17.0421 		18.4743 		28.7236
v 17.1286 		18.3925 		28.8101
v 17.2069 		18.2955 		28.8883
v 17.2755 		18.1849 		28.957
v 17.3333 		18.0625 		29.0148
v 17.3793 		17.9305 		29.0608
v 17.4128 		17.7912 		29.0942
v 17.4331 		17.6468 		29.1145
v 17.4399 		17.5 		29.1213
v 17.4331 		17.3532 		29.1145
v 17.4128 		17.2088 		29.0942
v 17.3793 		17.0695 		29.0608
v 17.3333 		16.9375 		29.0148
v 17.2755 		16.8151 		28.957
v 17.2069 		16.7045 		28.8883
v 17.1286 		16.6075 		28.8101
v 17.0421 		16.5257 		28.7236
v 16.9488 		16.4606 		28.6303
v 16.8503 		16.4133 		28.5317
v 16.7482 		16.3846 		28.4297
v 16.6444 		16.375 		28.3258
v 16.5405 		16.3846 		28.222
v 16.4385 		16.4133 		28.12
v 16.3399 		16.4606 		28.0214
v 16.2466 		16.5257 		27.9281
v 16.1601 		16.6075 		27.8416
v 16.0819 		16.7045 		27.7633
v 16.0133 		16.8151 		27.6947
v 15.9554 		16.9375 		27.6369
v 15.9094 		17.0695 		27.5909
v 15.876 		17.2088 		27.5575
v 15.8557 		17.3532 		27.5372
v 15.8489 		17.5 		27.5303
v 15.8557 		17.6468 		27.5372
v 15.876 		17.7912 		27.5575
v 15.9094 		17.9305 		27.5909
v 15.9554 		18.0625 		27.6369
v 16.0133 		18.1849 		27.6947
v 16.0819 		18.2955 		27.7633
v 16.1601 		18.3925 		27.8416
v 16.2466 		18.4743 		27.9281
v 16.3399 		18.5394 		28.0214
v 16.4385 		18.5867 		28.12
v 16.5405 		18.6154 		28.222
v 16.6444 		19 		28.3258
v 16.7828 		18.9872 		28.4643
v 16.9189 		18.9489 		28.6004
v 17.0503 		18.8858 		28.7317
v 17.1747 		18.799 		28.8562
v 17.2901 		18.69 		28.9715
v 17.3944 		18.5607 		29.0758
v 17.4858 		18.4131 		29.1673
v 17.5629 		18.25 		29.2444
v 17.6243 		18.074 		29.3058
v 17.6689 		17.8882 		29.3504
v 17.6959 		17.6958 		29.3774
v 17.705 		17.5 		29.3865
v 17.6959 		17.3042 		29.3774
v 17.6689 		17.1118 		29.3504
v 17.6243 		16.926 		29.3058
v 17.5629 		16.75 		29.2444
v 17.4858 		16.5869 		29.1673
v 17.3944 		16.4393 		29.0758
v 17.2901 		16.31 		28.9715
v 17.1747 		16.201 		28.8562
v 17.0503 		16.1142 		28.7317
v 16.9189 		16.0511 		28.6004
v 16.7828 		16.0128 		28.4643
v 16.6444 		16 		28.3258
v 16.5059 		16.0128 		28.1874
v 16.3698 		16.0511 		28.0513
v 16.2385 		16.1142 		27.9199
v 16.114 		16.201 		27.7955
v 15.9987 		16.31 		27.6802
v 15.8944 		16.4393 		27.5758
v 15.8029 		16.5869 		27.4844
v 15.7258 		16.75 		27.4073
v 15.6644 		16.926 		27.3459
v 15.6198 		17.1118 		27.3013
v 15.5928 		17.3042 		27.2743
v 15.5837 		17.5 		27.2652
v 15.5928 		17.6958 		27.2743
v 15.6198 		17.8882 		27.3013
v 15.6644 		18.074 		27.3459
v 15.7258 		18.25 		27.4073
v 15.8029 		18.4131 		27.4844
v 15.8944 		18.5607 		27.5758
v 15.9987 		18.69 		27.6802
v 16.114 		18.799 		27.7955
v 16.2385 		18.8858 		27.9199
v 16.3698 		18.9489 		28.0513
v 16.5059 		18.9872 		28.1874
# 192 vertices

g group_32_10988977

usemtl color_10988977
s 0

f 3781 	3782 	3783
f 3781 	3783 	3784
f 3782 	3785 	3786
f 3782 	3786 	3783
f 3785 	3787 	3788
f 3785 	3788 	3786
f 3787 	3789 	3790
f 3787 	3790 	3788
f 3789 	3791 	3792
f 3789 	3792 	3790
f 3791 	3793 	3794
f 3791 	3794 	3792
f 3793 	3795 	3796
f 3793 	3796 	3794
f 3795 	3797 	3798
f 3795 	3798 	3796
f 3797 	3799 	3800
f 3797 	3800 	3798
f 3799 	3801 	3802
f 3799 	3802 	3800
f 3801 	3803 	3804
f 3801 	3804 	3802
f 3803 	3805 	3806
f 3803 	3806 	3804
f 3805 	3807 	3808
f 3805 	3808 	3806
f 3807 	3809 	3810
f 3807 	3810 	3808
f 3809 	3811 	3812
f 3809 	3812 	3810
f 3811 	3813 	3814
f 3811 	3814 	3812
f 3813 	3815 	3816
f 3813 	3816 	3814
f 3815 	3817 	3818
f 3815 	3818 	3816
f 3817 	3819 	3820
f 3817 	3820 	3818
f 3819 	3821 	3822
f 3819 	3822 	3820
f 3821 	3823 	3824
f 3821 	3824 	3822
f 3823 	3825 	3826
f 3823 	3826 	3824
f 3825 	3827 	3828
f 3825 	3828 	3826
f 3827 	3829 	3830
f 3827 	3830 	3828
f 3829 	3831 	3832
f 3829 	3832 	3830
f 3831 	3833 	3834
f 3831 	3834 	3832
f 3833 	3835 	3836
f 3833 	3836 	3834
f 3835 	3837 	3838
f 3835 	3838 	3836
f 3837 	3839 	3840
f 3837 	3840 	3838
f 3839 	3841 	3842
f 3839 	3842 	3840
f 3841 	3843 	3844
f 3841 	3844 	3842
f 3843 	3845 	3846
f 3843 	3846 	3844
f 3845 	3847 	3848
f 3845 	3848 	3846
f 3847 	3849 	3850
f 3847 	3850 	3848
f 3849 	3851 	3852
f 3849 	3852 	3850
f 3851 	3853 	3854
f 3851 	3854 	3852
f 3853 	3855 	3856
f 3853 	3856 	3854
f 3855 	3857 	3858
f 3855 	3858 	3856
f 3857 	3859 	3860
f 3857 	3860 	3858
f 3859 	3861 	3862
f 3859 	3862 	3860
f 3861 	3863 	3864
f 3861 	3864 	3862
f 3863 	3865 	3866
f 3863 	3866 	3864
f 3865 	3867 	3868
f 3865 	3868 	3866
f 3867 	3869 	3870
f 3867 	3870 	3868
f 3869 	3871 	3872
f 3869 	3872 	3870
f 3871 	3873 	3874
f 3871 	3874 	3872
f 3873 	3875 	3876
f 3873 	3876 	3874
f 3875 	3781 	3784
f 3875 	3784 	3876
f 3877 	3878 	3782
f 3877 	3782 	3781
f 3878 	3879 	3785
f 3878 	3785 	3782
f 3879 	3880 	3787
f 3879 	3787 	3785
f 3880 	3881 	3789
f 3880 	3789 	3787
f 3881 	3882 	3791
f 3881 	3791 	3789
f 3882 	3883 	3793
f 3882 	3793 	3791
f 3883 	3884 	3795
f 3883 	3795 	3793
f 3884 	3885 	3797
f 3884 	3797 	3795
f 3885 	3886 	3799
f 3885 	3799 	3797
f 3886 	3887 	3801
f 3886 	3801 	3799
f 3887 	3888 	3803
f 3887 	3803 	3801
f 3888 	3889 	3805
f 3888 	3805 	3803
f 3889 	3890 	3807
f 3889 	3807 	3805
f 3890 	3891 	3809
f 3890 	3809 	3807
f 3891 	3892 	3811
f 3891 	3811 	3809
f 3892 	3893 	3813
f 3892 	3813 	3811
f 3893 	3894 	3815
f 3893 	3815 	3813
f 3894 	3895 	3817
f 3894 	3817 	3815
f 3895 	3896 	3819
f 3895 	3819 	3817
f 3896 	3897 	3821
f 3896 	3821 	3819
f 3897 	3898 	3823
f 3897 	3823 	3821
f 3898 	3899 	3825
f 3898 	3825 	3823
f 3899 	3900 	3827
f 3899 	3827 	3825
f 3900 	3901 	3829
f 3900 	3829 	3827
f 3901 	3902 	3831
f 3901 	3831 	3829
f 3902 	3903 	3833
f 3902 	3833 	3831
f 3903 	3904 	3835
f 3903 	3835 	3833
f 3904 	3905 	3837
f 3904 	3837 	3835
f 3905 	3906 	3839
f 3905 	3839 	3837
f 3906 	3907 	3841
f 3906 	3841 	3839
f 3907 	3908 	3843
f 3907 	3843 	3841
f 3908 	3909 	3845
f 3908 	3845 	3843
f 3909 	3910 	3847
f 3909 	3847 	3845
f 3910 	3911 	3849
f 3910 	3849 	3847
f 3911 	3912 	3851
f 3911 	3851 	3849
f 3912 	3913 	3853
f 3912 	3853 	3851
f 3913 	3914 	3855
f 3913 	3855 	3853
f 3914 	3915 	3857
f 3914 	3857 	3855
f 3915 	3916 	3859
f 3915 	3859 	3857
f 3916 	3917 	3861
f 3916 	3861 	3859
f 3917 	3918 	3863
f 3917 	3863 	3861
f 3918 	3919 	3865
f 3918 	3865 	3863
f 3919 	3920 	3867
f 3919 	3867 	3865
f 3920 	3921 	3869
f 3920 	3869 	3867
f 3921 	3922 	3871
f 3921 	3871 	3869
f 3922 	3923 	3873
f 3922 	3873 	3871
f 3923 	3924 	3875
f 3923 	3875 	3873
f 3924 	3877 	3781
f 3924 	3781 	3875
f 3925 	3926 	3878
f 3925 	3878 	3877
f 3926 	3927 	3879
f 3926 	3879 	3878
f 3927 	3928 	3880
f 3927 	3880 	3879
f 3928 	3929 	3881
f 3928 	3881 	3880
f 3929 	3930 	3882
f 3929 	3882 	3881
f 3930 	3931 	3883
f 3930 	3883 	3882
f 3931 	3932 	3884
f 3931 	3884 	3883
f 3932 	3933 	3885
f 3932 	3885 	3884
f 3933 	3934 	3886
f 3933 	3886 	3885
f 3934 	3935 	3887
f 3934 	3887 	3886
f 3935 	3936 	3888
f 3935 	3888 	3887
f 3936 	3937 	3889
f 3936 	3889 	3888
f 3937 	3938 	3890
f 3937 	3890 	3889
f 3938 	3939 	3891
f 3938 	3891 	3890
f 3939 	3940 	3892
f 3939 	3892 	3891
f 3940 	3941 	3893
f 3940 	3893 	3892
f 3941 	3942 	3894
f 3941 	3894 	3893
f 3942 	3943 	3895
f 3942 	3895 	3894
f 3943 	3944 	3896
f 3943 	3896 	3895
f 3944 	3945 	3897
f 3944 	3897 	3896
f 3945 	3946 	3898
f 3945 	3898 	3897
f 3946 	3947 	3899
f 3946 	3899 	3898
f 3947 	3948 	3900
f 3947 	3900 	3899
f 3948 	3949 	3901
f 3948 	3901 	3900
f 3949 	3950 	3902
f 3949 	3902 	3901
f 3950 	3951 	3903
f 3950 	3903 	3902
f 3951 	3952 	3904
f 3951 	3904 	3903
f 3952 	3953 	3905
f 3952 	3905 	3904
f 3953 	3954 	3906
f 3953 	3906 	3905
f 3954 	3955 	3907
f 3954 	3907 	3906
f 3955 	3956 	3908
f 3955 	3908 	3907
f 3956 	3957 	3909
f 3956 	3909 	3908
f 3957 	3958 	3910
f 3957 	3910 	3909
f 3958 	3959 	3911
f 3958 	3911 	3910
f 3959 	3960 	3912
f 3959 	3912 	3911
f 3960 	3961 	3913
f 3960 	3913 	3912
f 3961 	3962 	3914
f 3961 	3914 	3913
f 3962 	3963 	3915
f 3962 	3915 	3914
f 3963 	3964 	3916
f 3963 	3916 	3915
f 3964 	3965 	3917
f 3964 	3917 	3916
f 3965 	3966 	3918
f 3965 	3918 	3917
f 3966 	3967 	3919
f 3966 	3919 	3918
f 3967 	3968 	3920
f 3967 	3920 	3919
f 3968 	3969 	3921
f 3968 	3921 	3920
f 3969 	3970 	3922
f 3969 	3922 	3921
f 3970 	3971 	3923
f 3970 	3923 	3922
f 3971 	3972 	3924
f 3971 	3924 	3923
f 3972 	3925 	3877
f 3972 	3877 	3924
f 3784 	3783 	3783
f 3783 	3786 	3786
f 3786 	3788 	3788
f 3788 	3790 	3790
f 3790 	3792 	3792
f 3792 	3794 	3794
f 3794 	3796 	3796
f 3796 	3798 	3798
f 3798 	3800 	3800
f 3800 	3802 	3802
f 3802 	3804 	3804
f 3804 	3806 	3806
f 3806 	3808 	3808
f 3808 	3810 	3810
f 3810 	3812 	3812
f 3812 	3814 	3814
f 3814 	3816 	3816
f 3816 	3818 	3818
f 3818 	3820 	3820
f 3820 	3822 	3822
f 3822 	3824 	3824
f 3824 	3826 	3826
f 3826 	3828 	3828
f 3828 	3830 	3830
f 3830 	3832 	3832
f 3832 	3834 	3834
f 3834 	3836 	3836
f 3836 	3838 	3838
f 3838 	3840 	3840
f 3840 	3842 	3842
f 3842 	3844 	3844
f 3844 	3846 	3846
f 3846 	3848 	3848
f 3848 	3850 	3850
f 3850 	3852 	3852
f 3852 	3854 	3854
f 3854 	3856 	3856
f 3856 	3858 	3858
f 3858 	3860 	3860
f 3860 	3862 	3862
f 3862 	3864 	3864
f 3864 	3866 	3866
f 3866 	3868 	3868
f 3868 	3870 	3870
f 3870 	3872 	3872
f 3872 	3874 	3874
f 3874 	3876 	3876
f 3876 	3784 	3784
f 3784 	3783 	3926
f 3784 	3926 	3925
f 3783 	3786 	3927
f 3783 	3927 	3926
f 3786 	3788 	3928
f 3786 	3928 	3927
f 3788 	3790 	3929
f 3788 	3929 	3928
f 3790 	3792 	3930
f 3790 	3930 	3929
f 3792 	3794 	3931
f 3792 	3931 	3930
f 3794 	3796 	3932
f 3794 	3932 	3931
f 3796 	3798 	3933
f 3796 	3933 	3932
f 3798 	3800 	3934
f 3798 	3934 	3933
f 3800 	3802 	3935
f 3800 	3935 	3934
f 3802 	3804 	3936
f 3802 	3936 	3935
f 3804 	3806 	3937
f 3804 	3937 	3936
f 3806 	3808 	3938
f 3806 	3938 	3937
f 3808 	3810 	3939
f 3808 	3939 	3938
f 3810 	3812 	3940
f 3810 	3940 	3939
f 3812 	3814 	3941
f 3812 	3941 	3940
f 3814 	3816 	3942
f 3814 	3942 	3941
f 3816 	3818 	3943
f 3816 	3943 	3942
f 3818 	3820 	3944
f 3818 	3944 	3943
f 3820 	3822 	3945
f 3820 	3945 	3944
f 3822 	3824 	3946
f 3822 	3946 	3945
f 3824 	3826 	3947
f 3824 	3947 	3946
f 3826 	3828 	3948
f 3826 	3948 	3947
f 3828 	3830 	3949
f 3828 	3949 	3948
f 3830 	3832 	3950
f 3830 	3950 	3949
f 3832 	3834 	3951
f 3832 	3951 	3950
f 3834 	3836 	3952
f 3834 	3952 	3951
f 3836 	3838 	3953
f 3836 	3953 	3952
f 3838 	3840 	3954
f 3838 	3954 	3953
f 3840 	3842 	3955
f 3840 	3955 	3954
f 3842 	3844 	3956
f 3842 	3956 	3955
f 3844 	3846 	3957
f 3844 	3957 	3956
f 3846 	3848 	3958
f 3846 	3958 	3957
f 3848 	3850 	3959
f 3848 	3959 	3958
f 3850 	3852 	3960
f 3850 	3960 	3959
f 3852 	3854 	3961
f 3852 	3961 	3960
f 3854 	3856 	3962
f 3854 	3962 	3961
f 3856 	3858 	3963
f 3856 	3963 	3962
f 3858 	3860 	3964
f 3858 	3964 	3963
f 3860 	3862 	3965
f 3860 	3965 	3964
f 3862 	3864 	3966
f 3862 	3966 	3965
f 3864 	3866 	3967
f 3864 	3967 	3966
f 3866 	3868 	3968
f 3866 	3968 	3967
f 3868 	3870 	3969
f 3868 	3969 	3968
f 3870 	3872 	3970
f 3870 	3970 	3969
f 3872 	3874 	3971
f 3872 	3971 	3970
f 3874 	3876 	3972
f 3874 	3972 	3971
f 3876 	3784 	3925
f 3876 	3925 	3972
f 3925 	3926 	3926
f 3926 	3927 	3927
f 3927 	3928 	3928
f 3928 	3929 	3929
f 3929 	3930 	3930
f 3930 	3931 	3931
f 3931 	3932 	3932
f 3932 	3933 	3933
f 3933 	3934 	3934
f 3934 	3935 	3935
f 3935 	3936 	3936
f 3936 	3937 	3937
f 3937 	3938 	3938
f 3938 	3939 	3939
f 3939 	3940 	3940
f 3940 	3941 	3941
f 3941 	3942 	3942
f 3942 	3943 	3943
f 3943 	3944 	3944
f 3944 	3945 	3945
f 3945 	3946 	3946
f 3946 	3947 	3947
f 3947 	3948 	3948
f 3948 	3949 	3949
f 3949 	3950 	3950
f 3950 	3951 	3951
f 3951 	3952 	3952
f 3952 	3953 	3953
f 3953 	3954 	3954
f 3954 	3955 	3955
f 3955 	3956 	3956
f 3956 	3957 	3957
f 3957 	3958 	3958
f 3958 	3959 	3959
f 3959 	3960 	3960
f 3960 	3961 	3961
f 3961 	3962 	3962
f 3962 	3963 	3963
f 3963 	3964 	3964
f 3964 	3965 	3965
f 3965 	3966 	3966
f 3966 	3967 	3967
f 3967 	3968 	3968
f 3968 	3969 	3969
f 3969 	3970 	3970
f 3970 	3971 	3971
f 3971 	3972 	3972
f 3972 	3925 	3925
# 480 faces

 #end of obj_32

o obj_33
v 15.4597 		18.6897 		29.7321
v 15.3489 		18.7 		29.6213
v 15.3489 		17.5 		29.6213
v 15.5685 		18.6591 		29.8409
v 15.6736 		18.6087 		29.946
v 15.7732 		18.5392 		30.0456
v 15.8655 		18.452 		30.1379
v 15.9489 		18.3485 		30.2213
v 16.0221 		18.2305 		30.2945
v 16.0837 		18.1 		30.3562
v 16.1328 		17.9592 		30.4052
v 16.1685 		17.8106 		30.4409
v 16.1902 		17.6566 		30.4626
v 16.1974 		17.5 		30.4698
v 16.1902 		17.3434 		30.4626
v 16.1685 		17.1894 		30.4409
v 16.1328 		17.0408 		30.4052
v 16.0837 		16.9 		30.3562
v 16.0221 		16.7695 		30.2945
v 15.9489 		16.6515 		30.2213
v 15.8655 		16.548 		30.1379
v 15.7732 		16.4608 		30.0456
v 15.6736 		16.3913 		29.946
v 15.5685 		16.3409 		29.8409
v 15.4597 		16.3103 		29.7321
v 15.3489 		16.3 		29.6213
v 15.2381 		16.3103 		29.5105
v 15.1293 		16.3409 		29.4017
v 15.0242 		16.3913 		29.2966
v 14.9246 		16.4608 		29.197
v 14.8323 		16.548 		29.1048
v 14.7489 		16.6515 		29.0213
v 14.6757 		16.7695 		28.9481
v 14.6141 		16.9 		28.8865
v 14.565 		17.0408 		28.8374
v 14.5293 		17.1894 		28.8017
v 14.5076 		17.3434 		28.78
v 14.5004 		17.5 		28.7728
v 14.5076 		17.6566 		28.78
v 14.5293 		17.8106 		28.8017
v 14.565 		17.9592 		28.8374
v 14.6141 		18.1 		28.8865
v 14.6757 		18.2305 		28.9481
v 14.7489 		18.3485 		29.0213
v 14.8323 		18.452 		29.1048
v 14.9246 		18.5392 		29.197
v 15.0242 		18.6087 		29.2966
v 15.1293 		18.6591 		29.4017
v 15.2381 		18.6897 		29.5105
v 20.9009 		18.7 		24.0693
v 21.0116 		18.6897 		24.1801
v 20.9009 		17.5 		24.0693
v 21.1205 		18.6591 		24.2889
v 21.2256 		18.6087 		24.394
v 21.3251 		18.5392 		24.4936
v 21.4174 		18.452 		24.5859
v 21.5009 		18.3485 		24.6693
v 21.5741 		18.2305 		24.7425
v 21.6357 		18.1 		24.8042
v 21.6848 		17.9592 		24.8533
v 21.7205 		17.8106 		24.8889
v 21.7422 		17.6566 		24.9106
v 21.7494 		17.5 		24.9178
v 21.7422 		17.3434 		24.9106
v 21.7205 		17.1894 		24.8889
v 21.6848 		17.0408 		24.8533
v 21.6357 		16.9 		24.8042
v 21.5741 		16.7695 		24.7425
v 21.5009 		16.6515 		24.6693
v 21.4174 		16.548 		24.5859
v 21.3251 		16.4608 		24.4936
v 21.2256 		16.3913 		24.394
v 21.1205 		16.3409 		24.2889
v 21.0116 		16.3103 		24.1801
v 20.9009 		16.3 		24.0693
v 20.7901 		16.3103 		23.9586
v 20.6813 		16.3409 		23.8497
v 20.5762 		16.3913 		23.7446
v 20.4766 		16.4608 		23.6451
v 20.3843 		16.548 		23.5528
v 20.3009 		16.6515 		23.4693
v 20.2277 		16.7695 		23.3961
v 20.166 		16.9 		23.3345
v 20.1169 		17.0408 		23.2854
v 20.0813 		17.1894 		23.2497
v 20.0596 		17.3434 		23.2281
v 20.0524 		17.5 		23.2208
v 20.0596 		17.6566 		23.2281
v 20.0813 		17.8106 		23.2497
v 20.1169 		17.9592 		23.2854
v 20.166 		18.1 		23.3345
v 20.2277 		18.2305 		23.3961
v 20.3009 		18.3485 		23.4693
v 20.3843 		18.452 		23.5528
v 20.4766 		18.5392 		23.6451
v 20.5762 		18.6087 		23.7446
v 20.6813 		18.6591 		23.8497
v 20.7901 		18.6897 		23.9586
# 98 vertices

g group_33_14541540

usemtl color_14541540
s 0

f 3973 	3974 	3975
f 3976 	3973 	3975
f 3977 	3976 	3975
f 3978 	3977 	3975
f 3979 	3978 	3975
f 3980 	3979 	3975
f 3981 	3980 	3975
f 3982 	3981 	3975
f 3983 	3982 	3975
f 3984 	3983 	3975
f 3985 	3984 	3975
f 3986 	3985 	3975
f 3987 	3986 	3975
f 3988 	3987 	3975
f 3989 	3988 	3975
f 3990 	3989 	3975
f 3991 	3990 	3975
f 3992 	3991 	3975
f 3993 	3992 	3975
f 3994 	3993 	3975
f 3995 	3994 	3975
f 3996 	3995 	3975
f 3997 	3996 	3975
f 3998 	3997 	3975
f 3999 	3998 	3975
f 4000 	3999 	3975
f 4001 	4000 	3975
f 4002 	4001 	3975
f 4003 	4002 	3975
f 4004 	4003 	3975
f 4005 	4004 	3975
f 4006 	4005 	3975
f 4007 	4006 	3975
f 4008 	4007 	3975
f 4009 	4008 	3975
f 4010 	4009 	3975
f 4011 	4010 	3975
f 4012 	4011 	3975
f 4013 	4012 	3975
f 4014 	4013 	3975
f 4015 	4014 	3975
f 4016 	4015 	3975
f 4017 	4016 	3975
f 4018 	4017 	3975
f 4019 	4018 	3975
f 4020 	4019 	3975
f 4021 	4020 	3975
f 3974 	4021 	3975
f 4022 	4023 	4024
f 4023 	4025 	4024
f 4025 	4026 	4024
f 4026 	4027 	4024
f 4027 	4028 	4024
f 4028 	4029 	4024
f 4029 	4030 	4024
f 4030 	4031 	4024
f 4031 	4032 	4024
f 4032 	4033 	4024
f 4033 	4034 	4024
f 4034 	4035 	4024
f 4035 	4036 	4024
f 4036 	4037 	4024
f 4037 	4038 	4024
f 4038 	4039 	4024
f 4039 	4040 	4024
f 4040 	4041 	4024
f 4041 	4042 	4024
f 4042 	4043 	4024
f 4043 	4044 	4024
f 4044 	4045 	4024
f 4045 	4046 	4024
f 4046 	4047 	4024
f 4047 	4048 	4024
f 4048 	4049 	4024
f 4049 	4050 	4024
f 4050 	4051 	4024
f 4051 	4052 	4024
f 4052 	4053 	4024
f 4053 	4054 	4024
f 4054 	4055 	4024
f 4055 	4056 	4024
f 4056 	4057 	4024
f 4057 	4058 	4024
f 4058 	4059 	4024
f 4059 	4060 	4024
f 4060 	4061 	4024
f 4061 	4062 	4024
f 4062 	4063 	4024
f 4063 	4064 	4024
f 4064 	4065 	4024
f 4065 	4066 	4024
f 4066 	4067 	4024
f 4067 	4068 	4024
f 4068 	4069 	4024
f 4069 	4070 	4024
f 4070 	4022 	4024
f 3974 	3973 	3973
f 3973 	3976 	3976
f 3976 	3977 	3977
f 3977 	3978 	3978
f 3978 	3979 	3979
f 3979 	3980 	3980
f 3980 	3981 	3981
f 3981 	3982 	3982
f 3982 	3983 	3983
f 3983 	3984 	3984
f 3984 	3985 	3985
f 3985 	3986 	3986
f 3986 	3987 	3987
f 3987 	3988 	3988
f 3988 	3989 	3989
f 3989 	3990 	3990
f 3990 	3991 	3991
f 3991 	3992 	3992
f 3992 	3993 	3993
f 3993 	3994 	3994
f 3994 	3995 	3995
f 3995 	3996 	3996
f 3996 	3997 	3997
f 3997 	3998 	3998
f 3998 	3999 	3999
f 3999 	4000 	4000
f 4000 	4001 	4001
f 4001 	4002 	4002
f 4002 	4003 	4003
f 4003 	4004 	4004
f 4004 	4005 	4005
f 4005 	4006 	4006
f 4006 	4007 	4007
f 4007 	4008 	4008
f 4008 	4009 	4009
f 4009 	4010 	4010
f 4010 	4011 	4011
f 4011 	4012 	4012
f 4012 	4013 	4013
f 4013 	4014 	4014
f 4014 	4015 	4015
f 4015 	4016 	4016
f 4016 	4017 	4017
f 4017 	4018 	4018
f 4018 	4019 	4019
f 4019 	4020 	4020
f 4020 	4021 	4021
f 4021 	3974 	3974
f 3974 	3973 	4023
f 3974 	4023 	4022
f 3973 	3976 	4025
f 3973 	4025 	4023
f 3976 	3977 	4026
f 3976 	4026 	4025
f 3977 	3978 	4027
f 3977 	4027 	4026
f 3978 	3979 	4028
f 3978 	4028 	4027
f 3979 	3980 	4029
f 3979 	4029 	4028
f 3980 	3981 	4030
f 3980 	4030 	4029
f 3981 	3982 	4031
f 3981 	4031 	4030
f 3982 	3983 	4032
f 3982 	4032 	4031
f 3983 	3984 	4033
f 3983 	4033 	4032
f 3984 	3985 	4034
f 3984 	4034 	4033
f 3985 	3986 	4035
f 3985 	4035 	4034
f 3986 	3987 	4036
f 3986 	4036 	4035
f 3987 	3988 	4037
f 3987 	4037 	4036
f 3988 	3989 	4038
f 3988 	4038 	4037
f 3989 	3990 	4039
f 3989 	4039 	4038
f 3990 	3991 	4040
f 3990 	4040 	4039
f 3991 	3992 	4041
f 3991 	4041 	4040
f 3992 	3993 	4042
f 3992 	4042 	4041
f 3993 	3994 	4043
f 3993 	4043 	4042
f 3994 	3995 	4044
f 3994 	4044 	4043
f 3995 	3996 	4045
f 3995 	4045 	4044
f 3996 	3997 	4046
f 3996 	4046 	4045
f 3997 	3998 	4047
f 3997 	4047 	4046
f 3998 	3999 	4048
f 3998 	4048 	4047
f 3999 	4000 	4049
f 3999 	4049 	4048
f 4000 	4001 	4050
f 4000 	4050 	4049
f 4001 	4002 	4051
f 4001 	4051 	4050
f 4002 	4003 	4052
f 4002 	4052 	4051
f 4003 	4004 	4053
f 4003 	4053 	4052
f 4004 	4005 	4054
f 4004 	4054 	4053
f 4005 	4006 	4055
f 4005 	4055 	4054
f 4006 	4007 	4056
f 4006 	4056 	4055
f 4007 	4008 	4057
f 4007 	4057 	4056
f 4008 	4009 	4058
f 4008 	4058 	4057
f 4009 	4010 	4059
f 4009 	4059 	4058
f 4010 	4011 	4060
f 4010 	4060 	4059
f 4011 	4012 	4061
f 4011 	4061 	4060
f 4012 	4013 	4062
f 4012 	4062 	4061
f 4013 	4014 	4063
f 4013 	4063 	4062
f 4014 	4015 	4064
f 4014 	4064 	4063
f 4015 	4016 	4065
f 4015 	4065 	4064
f 4016 	4017 	4066
f 4016 	4066 	4065
f 4017 	4018 	4067
f 4017 	4067 	4066
f 4018 	4019 	4068
f 4018 	4068 	4067
f 4019 	4020 	4069
f 4019 	4069 	4068
f 4020 	4021 	4070
f 4020 	4070 	4069
f 4021 	3974 	4022
f 4021 	4022 	4070
f 4022 	4023 	4023
f 4023 	4025 	4025
f 4025 	4026 	4026
f 4026 	4027 	4027
f 4027 	4028 	4028
f 4028 	4029 	4029
f 4029 	4030 	4030
f 4030 	4031 	4031
f 4031 	4032 	4032
f 4032 	4033 	4033
f 4033 	4034 	4034
f 4034 	4035 	4035
f 4035 	4036 	4036
f 4036 	4037 	4037
f 4037 	4038 	4038
f 4038 	4039 	4039
f 4039 	4040 	4040
f 4040 	4041 	4041
f 4041 	4042 	4042
f 4042 	4043 	4043
f 4043 	4044 	4044
f 4044 	4045 	4045
f 4045 	4046 	4046
f 4046 	4047 	4047
f 4047 	4048 	4048
f 4048 	4049 	4049
f 4049 	4050 	4050
f 4050 	4051 	4051
f 4051 	4052 	4052
f 4052 	4053 	4053
f 4053 	4054 	4054
f 4054 	4055 	4055
f 4055 	4056 	4056
f 4056 	4057 	4057
f 4057 	4058 	4058
f 4058 	4059 	4059
f 4059 	4060 	4060
f 4060 	4061 	4061
f 4061 	4062 	4062
f 4062 	4063 	4063
f 4063 	4064 	4064
f 4064 	4065 	4065
f 4065 	4066 	4066
f 4066 	4067 	4067
f 4067 	4068 	4068
f 4068 	4069 	4069
f 4069 	4070 	4070
f 4070 	4022 	4022
# 288 faces

 #end of obj_33

o obj_34
v 22.557 		16.6077 		22.5793
v 22.4739 		16.6 		22.4963
v 22.4739 		17.5 		22.4963
v 22.6387 		16.6307 		22.661
v 22.7175 		16.6685 		22.7398
v 22.7921 		16.7206 		22.8145
v 22.8614 		16.786 		22.8837
v 22.9239 		16.8636 		22.9463
v 22.9788 		16.9521 		23.0011
v 23.0251 		17.05 		23.0474
v 23.0619 		17.1556 		23.0842
v 23.0887 		17.2671 		23.111
v 23.1049 		17.3825 		23.1272
v 23.1103 		17.5 		23.1327
v 23.1049 		17.6175 		23.1272
v 23.0887 		17.7329 		23.111
v 23.0619 		17.8444 		23.0842
v 23.0251 		17.95 		23.0474
v 22.9788 		18.0479 		23.0011
v 22.9239 		18.1364 		22.9463
v 22.8614 		18.214 		22.8837
v 22.7921 		18.2794 		22.8145
v 22.7175 		18.3315 		22.7398
v 22.6387 		18.3693 		22.661
v 22.557 		18.3923 		22.5793
v 22.4739 		18.4 		22.4963
v 22.3909 		18.3923 		22.4132
v 22.3092 		18.3693 		22.3315
v 22.2304 		18.3315 		22.2527
v 22.1557 		18.2794 		22.1781
v 22.0865 		18.214 		22.1088
v 22.0239 		18.1364 		22.0463
v 21.9691 		18.0479 		21.9914
v 21.9228 		17.95 		21.9451
v 21.886 		17.8444 		21.9083
v 21.8592 		17.7329 		21.8815
v 21.843 		17.6175 		21.8653
v 21.8375 		17.5 		21.8599
v 21.843 		17.3825 		21.8653
v 21.8592 		17.2671 		21.8815
v 21.886 		17.1556 		21.9083
v 21.9228 		17.05 		21.9451
v 21.9691 		16.9521 		21.9914
v 22.0239 		16.8636 		22.0463
v 22.0865 		16.786 		22.1088
v 22.1557 		16.7206 		22.1781
v 22.2304 		16.6685 		22.2527
v 22.3092 		16.6307 		22.3315
v 22.3909 		16.6077 		22.4132
v 14.6364 		16.6 		30.3338
v 14.7195 		16.6077 		30.4169
v 14.6364 		17.5 		30.3338
v 14.8011 		16.6307 		30.4985
v 14.8799 		16.6685 		30.5773
v 14.9546 		16.7206 		30.652
v 15.0238 		16.786 		30.7212
v 15.0864 		16.8636 		30.7838
v 15.1413 		16.9521 		30.8387
v 15.1875 		17.05 		30.8849
v 15.2243 		17.1556 		30.9218
v 15.2511 		17.2671 		30.9485
v 15.2673 		17.3825 		30.9648
v 15.2728 		17.5 		30.9702
v 15.2673 		17.6175 		30.9648
v 15.2511 		17.7329 		30.9485
v 15.2243 		17.8444 		30.9218
v 15.1875 		17.95 		30.8849
v 15.1413 		18.0479 		30.8387
v 15.0864 		18.1364 		30.7838
v 15.0238 		18.214 		30.7212
v 14.9546 		18.2794 		30.652
v 14.8799 		18.3315 		30.5773
v 14.8011 		18.3693 		30.4985
v 14.7195 		18.3923 		30.4169
v 14.6364 		18.4 		30.3338
v 14.5533 		18.3923 		30.2507
v 14.4717 		18.3693 		30.1691
v 14.3929 		18.3315 		30.0903
v 14.3182 		18.2794 		30.0156
v 14.249 		18.214 		29.9464
v 14.1864 		18.1364 		29.8838
v 14.1315 		18.0479 		29.8289
v 14.0853 		17.95 		29.7827
v 14.0484 		17.8444 		29.7459
v 14.0217 		17.7329 		29.7191
v 14.0054 		17.6175 		29.7029
v 14 		17.5 		29.6974
v 14.0054 		17.3825 		29.7029
v 14.0217 		17.2671 		29.7191
v 14.0484 		17.1556 		29.7459
v 14.0853 		17.05 		29.7827
v 14.1315 		16.9521 		29.8289
v 14.1864 		16.8636 		29.8838
v 14.249 		16.786 		29.9464
v 14.3182 		16.7206 		30.0156
v 14.3929 		16.6685 		30.0903
v 14.4717 		16.6307 		30.1691
v 14.5533 		16.6077 		30.2507
# 98 vertices

g group_34_2829873

usemtl color_2829873
s 0

f 4071 	4072 	4073
f 4074 	4071 	4073
f 4075 	4074 	4073
f 4076 	4075 	4073
f 4077 	4076 	4073
f 4078 	4077 	4073
f 4079 	4078 	4073
f 4080 	4079 	4073
f 4081 	4080 	4073
f 4082 	4081 	4073
f 4083 	4082 	4073
f 4084 	4083 	4073
f 4085 	4084 	4073
f 4086 	4085 	4073
f 4087 	4086 	4073
f 4088 	4087 	4073
f 4089 	4088 	4073
f 4090 	4089 	4073
f 4091 	4090 	4073
f 4092 	4091 	4073
f 4093 	4092 	4073
f 4094 	4093 	4073
f 4095 	4094 	4073
f 4096 	4095 	4073
f 4097 	4096 	4073
f 4098 	4097 	4073
f 4099 	4098 	4073
f 4100 	4099 	4073
f 4101 	4100 	4073
f 4102 	4101 	4073
f 4103 	4102 	4073
f 4104 	4103 	4073
f 4105 	4104 	4073
f 4106 	4105 	4073
f 4107 	4106 	4073
f 4108 	4107 	4073
f 4109 	4108 	4073
f 4110 	4109 	4073
f 4111 	4110 	4073
f 4112 	4111 	4073
f 4113 	4112 	4073
f 4114 	4113 	4073
f 4115 	4114 	4073
f 4116 	4115 	4073
f 4117 	4116 	4073
f 4118 	4117 	4073
f 4119 	4118 	4073
f 4072 	4119 	4073
f 4120 	4121 	4122
f 4121 	4123 	4122
f 4123 	4124 	4122
f 4124 	4125 	4122
f 4125 	4126 	4122
f 4126 	4127 	4122
f 4127 	4128 	4122
f 4128 	4129 	4122
f 4129 	4130 	4122
f 4130 	4131 	4122
f 4131 	4132 	4122
f 4132 	4133 	4122
f 4133 	4134 	4122
f 4134 	4135 	4122
f 4135 	4136 	4122
f 4136 	4137 	4122
f 4137 	4138 	4122
f 4138 	4139 	4122
f 4139 	4140 	4122
f 4140 	4141 	4122
f 4141 	4142 	4122
f 4142 	4143 	4122
f 4143 	4144 	4122
f 4144 	4145 	4122
f 4145 	4146 	4122
f 4146 	4147 	4122
f 4147 	4148 	4122
f 4148 	4149 	4122
f 4149 	4150 	4122
f 4150 	4151 	4122
f 4151 	4152 	4122
f 4152 	4153 	4122
f 4153 	4154 	4122
f 4154 	4155 	4122
f 4155 	4156 	4122
f 4156 	4157 	4122
f 4157 	4158 	4122
f 4158 	4159 	4122
f 4159 	4160 	4122
f 4160 	4161 	4122
f 4161 	4162 	4122
f 4162 	4163 	4122
f 4163 	4164 	4122
f 4164 	4165 	4122
f 4165 	4166 	4122
f 4166 	4167 	4122
f 4167 	4168 	4122
f 4168 	4120 	4122
f 4072 	4071 	4071
f 4071 	4074 	4074
f 4074 	4075 	4075
f 4075 	4076 	4076
f 4076 	4077 	4077
f 4077 	4078 	4078
f 4078 	4079 	4079
f 4079 	4080 	4080
f 4080 	4081 	4081
f 4081 	4082 	4082
f 4082 	4083 	4083
f 4083 	4084 	4084
f 4084 	4085 	4085
f 4085 	4086 	4086
f 4086 	4087 	4087
f 4087 	4088 	4088
f 4088 	4089 	4089
f 4089 	4090 	4090
f 4090 	4091 	4091
f 4091 	4092 	4092
f 4092 	4093 	4093
f 4093 	4094 	4094
f 4094 	4095 	4095
f 4095 	4096 	4096
f 4096 	4097 	4097
f 4097 	4098 	4098
f 4098 	4099 	4099
f 4099 	4100 	4100
f 4100 	4101 	4101
f 4101 	4102 	4102
f 4102 	4103 	4103
f 4103 	4104 	4104
f 4104 	4105 	4105
f 4105 	4106 	4106
f 4106 	4107 	4107
f 4107 	4108 	4108
f 4108 	4109 	4109
f 4109 	4110 	4110
f 4110 	4111 	4111
f 4111 	4112 	4112
f 4112 	4113 	4113
f 4113 	4114 	4114
f 4114 	4115 	4115
f 4115 	4116 	4116
f 4116 	4117 	4117
f 4117 	4118 	4118
f 4118 	4119 	4119
f 4119 	4072 	4072
f 4072 	4071 	4121
f 4072 	4121 	4120
f 4071 	4074 	4123
f 4071 	4123 	4121
f 4074 	4075 	4124
f 4074 	4124 	4123
f 4075 	4076 	4125
f 4075 	4125 	4124
f 4076 	4077 	4126
f 4076 	4126 	4125
f 4077 	4078 	4127
f 4077 	4127 	4126
f 4078 	4079 	4128
f 4078 	4128 	4127
f 4079 	4080 	4129
f 4079 	4129 	4128
f 4080 	4081 	4130
f 4080 	4130 	4129
f 4081 	4082 	4131
f 4081 	4131 	4130
f 4082 	4083 	4132
f 4082 	4132 	4131
f 4083 	4084 	4133
f 4083 	4133 	4132
f 4084 	4085 	4134
f 4084 	4134 	4133
f 4085 	4086 	4135
f 4085 	4135 	4134
f 4086 	4087 	4136
f 4086 	4136 	4135
f 4087 	4088 	4137
f 4087 	4137 	4136
f 4088 	4089 	4138
f 4088 	4138 	4137
f 4089 	4090 	4139
f 4089 	4139 	4138
f 4090 	4091 	4140
f 4090 	4140 	4139
f 4091 	4092 	4141
f 4091 	4141 	4140
f 4092 	4093 	4142
f 4092 	4142 	4141
f 4093 	4094 	4143
f 4093 	4143 	4142
f 4094 	4095 	4144
f 4094 	4144 	4143
f 4095 	4096 	4145
f 4095 	4145 	4144
f 4096 	4097 	4146
f 4096 	4146 	4145
f 4097 	4098 	4147
f 4097 	4147 	4146
f 4098 	4099 	4148
f 4098 	4148 	4147
f 4099 	4100 	4149
f 4099 	4149 	4148
f 4100 	4101 	4150
f 4100 	4150 	4149
f 4101 	4102 	4151
f 4101 	4151 	4150
f 4102 	4103 	4152
f 4102 	4152 	4151
f 4103 	4104 	4153
f 4103 	4153 	4152
f 4104 	4105 	4154
f 4104 	4154 	4153
f 4105 	4106 	4155
f 4105 	4155 	4154
f 4106 	4107 	4156
f 4106 	4156 	4155
f 4107 	4108 	4157
f 4107 	4157 	4156
f 4108 	4109 	4158
f 4108 	4158 	4157
f 4109 	4110 	4159
f 4109 	4159 	4158
f 4110 	4111 	4160
f 4110 	4160 	4159
f 4111 	4112 	4161
f 4111 	4161 	4160
f 4112 	4113 	4162
f 4112 	4162 	4161
f 4113 	4114 	4163
f 4113 	4163 	4162
f 4114 	4115 	4164
f 4114 	4164 	4163
f 4115 	4116 	4165
f 4115 	4165 	4164
f 4116 	4117 	4166
f 4116 	4166 	4165
f 4117 	4118 	4167
f 4117 	4167 	4166
f 4118 	4119 	4168
f 4118 	4168 	4167
f 4119 	4072 	4120
f 4119 	4120 	4168
f 4120 	4121 	4121
f 4121 	4123 	4123
f 4123 	4124 	4124
f 4124 	4125 	4125
f 4125 	4126 	4126
f 4126 	4127 	4127
f 4127 	4128 	4128
f 4128 	4129 	4129
f 4129 	4130 	4130
f 4130 	4131 	4131
f 4131 	4132 	4132
f 4132 	4133 	4133
f 4133 	4134 	4134
f 4134 	4135 	4135
f 4135 	4136 	4136
f 4136 	4137 	4137
f 4137 	4138 	4138
f 4138 	4139 	4139
f 4139 	4140 	4140
f 4140 	4141 	4141
f 4141 	4142 	4142
f 4142 	4143 	4143
f 4143 	4144 	4144
f 4144 	4145 	4145
f 4145 	4146 	4146
f 4146 	4147 	4147
f 4147 	4148 	4148
f 4148 	4149 	4149
f 4149 	4150 	4150
f 4150 	4151 	4151
f 4151 	4152 	4152
f 4152 	4153 	4153
f 4153 	4154 	4154
f 4154 	4155 	4155
f 4155 	4156 	4156
f 4156 	4157 	4157
f 4157 	4158 	4158
f 4158 	4159 	4159
f 4159 	4160 	4160
f 4160 	4161 	4161
f 4161 	4162 	4162
f 4162 	4163 	4163
f 4163 	4164 	4164
f 4164 	4165 	4165
f 4165 	4166 	4166
f 4166 	4167 	4167
f 4167 	4168 	4168
f 4168 	4120 	4120
# 288 faces

 #end of obj_34

