# Blender 5.1.1
# www.blender.org
mtllib 3d bridge 2.mtl
o Object.1
v 15.429438 6.040192 -1.282911
v 15.331886 6.139866 -1.129383
v 13.308778 4.433200 -1.224368
v 13.309464 4.449046 -1.373597
v 13.401488 4.338610 -1.371507
v 13.391310 4.318795 -1.085006
v 13.298848 4.428376 -1.074728
v 15.342503 6.160536 -1.428251
v 15.341814 6.144691 -1.279022
v 15.526988 5.940519 -1.436440
v 15.434525 6.050099 -1.426162
v 15.517059 5.935693 -1.286800
v 13.483335 4.208359 -1.082917
v 13.396400 4.328702 -1.228257
v 13.484023 4.224204 -1.232146
v 13.493951 4.229028 -1.381785
v 15.424350 6.030284 -1.139661
v 15.516373 5.919848 -1.137572
v 0.277494 5.550110 1.728581
v 0.111281 5.741822 -1.791312
v -0.081530 5.555403 -1.791312
v -0.070072 5.745318 -1.791312
v 0.296832 5.548109 -1.791312
v 0.107832 5.561275 -1.791312
v -0.100869 5.557404 1.728581
v 0.088495 5.563277 1.728581
v -0.093608 5.937536 1.728581
v -0.089410 5.747319 1.728581
v 0.091943 5.743824 1.728581
v 0.304092 5.928241 -1.791312
v 0.292634 5.738326 -1.791312
v 0.114729 5.922368 -1.791312
v -0.074270 5.935534 -1.791312
v 0.095391 5.924370 1.728581
v 0.273295 5.740328 1.728581
v 0.284754 5.930243 1.728581
v 8.940156 6.205183 -1.209414
v 8.940157 6.255399 -1.379237
v 9.068912 6.255399 -1.338170
v 9.111455 6.255399 -1.209414
v 8.940157 8.628116 -1.209414
v 8.940156 8.577900 -1.380912
v 8.812452 8.577901 -1.337119
v 8.767564 8.577900 -1.209414
v 9.112750 8.577899 -1.209414
v 9.067863 8.577900 -1.337119
v 8.768859 6.255399 -1.209414
v 8.811401 6.255399 -1.338170
v 8.811402 6.255399 -1.080659
v 8.940157 6.255399 -1.039592
v 9.067863 8.577899 -1.081709
v 8.940157 8.577900 -1.037915
v 8.812452 8.577900 -1.081709
v 9.068913 6.255399 -1.080659
v 8.940157 8.628116 1.270830
v 9.109981 8.577899 1.270830
v 9.068913 8.577899 1.142074
v 8.940157 8.577899 1.099532
v 8.940157 6.205182 1.270829
v 9.111655 6.255398 1.270829
v 9.067863 6.255398 1.398534
v 8.940157 6.255398 1.443423
v 8.940158 6.255398 1.098235
v 9.067863 6.255398 1.143124
v 8.940157 8.577899 1.442127
v 9.068913 8.577899 1.399585
v 8.811402 8.577900 1.399585
v 8.770335 8.577899 1.270830
v 8.812454 6.255398 1.143124
v 8.768660 6.255398 1.270829
v 8.812453 6.255398 1.398534
v 8.811402 8.577899 1.142074
v -8.675199 8.628115 1.270834
v -8.505376 8.577899 1.270833
v -8.546444 8.577899 1.142078
v -8.675199 8.577899 1.099536
v -8.675197 6.205181 1.270833
v -8.503697 6.255397 1.270833
v -8.547494 6.255398 1.398538
v -8.675198 6.255398 1.443427
v -8.675198 6.255398 1.098240
v -8.547492 6.255398 1.143128
v -8.675198 8.577899 1.442132
v -8.546443 8.577899 1.399589
v -8.803954 8.577899 1.399589
v -8.845022 8.577899 1.270834
v -8.802902 6.255397 1.143128
v -8.846698 6.255398 1.270833
v -8.802902 6.255398 1.398538
v -8.803953 8.577899 1.142078
v -8.675198 6.205182 -1.209410
v -8.675198 6.255398 -1.379232
v -8.546442 6.255399 -1.338165
v -8.503900 6.255398 -1.209410
v -8.675199 8.628116 -1.209409
v -8.675198 8.577900 -1.380908
v -8.802903 8.577900 -1.337114
v -8.847793 8.577900 -1.209409
v -8.502604 8.577900 -1.209409
v -8.547494 8.577899 -1.337114
v -8.846496 6.255398 -1.209410
v -8.803953 6.255398 -1.338166
v -8.803954 6.255398 -1.080655
v -8.675198 6.255399 -1.039588
v -8.547494 8.577900 -1.081705
v -8.675199 8.577899 -1.037911
v -8.802902 8.577900 -1.081705
v -8.546444 6.255398 -1.080655
v 15.331793 6.145528 1.316121
v 13.398566 4.334288 1.315453
v 13.309523 4.443423 1.203489
v 13.401651 4.333429 1.210143
v 13.303085 4.445214 1.423201
v 13.310925 4.438808 1.313450
v 15.338230 6.143738 1.096409
v 15.339633 6.139122 1.206371
v 15.522757 5.923676 1.100625
v 15.430359 6.033743 1.103063
v 15.427275 6.034601 1.208374
v 15.514915 5.930082 1.210376
v 13.487610 4.225152 1.427417
v 13.395480 4.335146 1.420763
v 13.486207 4.229768 1.317456
v 13.494046 4.223361 1.207705
v 15.424190 6.035460 1.313683
v 15.516317 5.925467 1.320338
v -15.972853 6.122514 -1.282903
v -16.069319 6.026118 -1.279014
v -16.063644 6.016646 -1.129375
v -14.202994 4.149285 -1.373590
v -14.100997 4.250585 -1.371500
v -14.080369 4.242174 -1.085000
v -14.181477 4.140510 -1.074722
v -14.187148 4.149981 -1.224361
v -16.085163 6.025421 -1.428244
v -15.882062 6.228382 -1.436432
v -15.983167 6.126720 -1.426154
v -15.876388 6.218911 -1.286793
v -13.978374 4.343472 -1.082910
v -13.994219 4.342776 -1.232139
v -14.090683 4.246380 -1.228250
v -13.999889 4.352247 -1.381779
v -15.962539 6.118309 -1.139653
v -15.860543 6.219607 -1.137564
v -16.063581 6.024428 1.206378
v -16.069283 6.016057 1.316128
v -14.197398 4.149830 1.203495
v -14.198622 4.143262 1.423207
v -14.192924 4.151630 1.313456
v -15.966513 6.123993 1.103070
v -16.068056 6.022628 1.096416
v -15.864915 6.225631 1.100633
v -15.967096 6.120843 1.208381
v -15.870614 6.217260 1.210384
v -13.995480 4.346265 1.427424
v -14.097025 4.244898 1.420770
v -14.096440 4.248048 1.315460
v -13.999955 4.344466 1.317462
v -14.095851 4.251196 1.210149
v -13.994256 4.352833 1.207712
v -15.967685 6.117694 1.313691
v -15.866138 6.219060 1.320345
v 13.544189 6.276049 -1.255868
v 13.544190 6.174180 -1.255868
v 13.174378 6.174179 -1.361755
v 13.174378 6.276048 -1.361755
v 13.100365 6.276048 1.338644
v 13.100365 6.174179 1.338644
v 13.467780 6.174179 1.345920
v 13.467779 6.276048 1.345920
v 13.914939 6.258876 -1.339044
v 13.914939 6.180690 -1.339043
v 13.644128 6.180689 -1.310288
v 13.644128 6.258876 -1.310288
v 13.687916 6.258876 1.355383
v 13.687916 6.180689 1.355383
v 14.018841 6.180689 1.365372
v 14.018842 6.258876 1.365372
v 18.165861 6.275002 -1.310617
v 18.165861 6.170247 -1.310617
v 17.699211 6.170247 -1.269273
v 17.699211 6.275002 -1.269272
v 17.653728 6.275002 1.401032
v 17.653730 6.170248 1.401032
v 18.067268 6.170247 1.411036
v 18.067270 6.275002 1.411036
v 18.634609 6.254351 -1.304629
v 18.634607 6.172857 -1.304629
v 18.199774 6.172858 -1.306105
v 18.199774 6.254352 -1.306105
v 18.204319 6.254351 1.364041
v 18.204319 6.172858 1.364041
v 18.639153 6.172857 1.365517
v 18.639153 6.254350 1.365517
v 17.634937 6.253809 -1.306566
v 17.634935 6.168886 -1.306566
v 17.132990 6.168885 -1.305899
v 17.132990 6.253809 -1.305899
v 17.134621 6.253808 1.365978
v 17.134619 6.168886 1.365979
v 17.636566 6.168885 1.365311
v 17.636566 6.253809 1.365311
v 14.584514 6.253809 -1.306566
v 14.584514 6.168885 -1.306566
v 14.082566 6.168886 -1.305898
v 14.082566 6.253809 -1.305899
v 14.084198 6.253808 1.365979
v 14.084198 6.168886 1.365979
v 14.586143 6.168885 1.365312
v 14.586144 6.253808 1.365312
v 15.584179 6.254352 -1.304629
v 15.584179 6.172859 -1.304629
v 15.149346 6.172859 -1.306105
v 15.149347 6.254352 -1.306105
v 15.153892 6.254352 1.364041
v 15.153893 6.172859 1.364041
v 15.588725 6.172859 1.365518
v 15.588725 6.254351 1.365517
v 15.115438 6.275002 -1.310617
v 15.115437 6.170246 -1.310617
v 14.648788 6.170247 -1.269272
v 14.648787 6.275002 -1.269272
v 14.603307 6.275002 1.401032
v 14.603307 6.170246 1.401032
v 15.016848 6.170246 1.411036
v 15.016848 6.275002 1.411036
v 17.102367 6.277625 -1.302846
v 17.102367 6.176643 -1.302846
v 16.620592 6.176642 -1.302370
v 16.620594 6.277624 -1.302370
v 16.624958 6.277624 1.350496
v 16.624956 6.176644 1.350496
v 17.106730 6.176643 1.350020
v 17.106731 6.277624 1.350020
v 15.630223 6.175077 -1.292269
v 15.630223 6.274683 -1.292269
v 16.007315 6.274684 -1.297335
v 16.007315 6.175077 -1.297335
v 16.014648 6.175077 1.351682
v 16.014648 6.274684 1.351682
v 15.637559 6.274683 1.356748
v 15.637558 6.175076 1.356748
v 16.582573 6.263981 -1.337904
v 16.582573 6.176758 -1.337904
v 16.055223 6.176758 -1.336791
v 16.055223 6.263982 -1.336791
v 16.056581 6.263981 1.409079
v 16.056581 6.176757 1.409079
v 16.583933 6.176757 1.407966
v 16.583933 6.263981 1.407966
v 9.502278 6.263983 1.388793
v 9.502278 6.176760 1.388793
v 10.029628 6.176760 1.387680
v 10.029628 6.263984 1.387680
v 10.028267 6.263983 -1.358190
v 10.028267 6.176760 -1.358190
v 9.500917 6.176761 -1.357077
v 9.500917 6.263984 -1.357077
v 10.454626 6.175076 1.343158
v 10.454626 6.274683 1.343158
v 10.077535 6.274683 1.348224
v 10.077535 6.175076 1.348224
v 10.070201 6.175077 -1.300793
v 10.070201 6.274683 -1.300793
v 10.447293 6.274683 -1.305858
v 10.447293 6.175076 -1.305858
v 8.982483 6.277626 1.353735
v 8.982482 6.176645 1.353735
v 9.464256 6.176645 1.353259
v 9.464256 6.277626 1.353259
v 9.459893 6.277626 -1.299607
v 9.459892 6.176645 -1.299607
v 8.978119 6.176646 -1.299131
v 8.978119 6.277626 -1.299131
v 10.969417 6.275005 1.361506
v 10.969415 6.170249 1.361506
v 11.436066 6.170249 1.320161
v 11.436066 6.275005 1.320161
v 11.481545 6.275005 -1.350143
v 11.481545 6.170249 -1.350143
v 11.068007 6.170249 -1.360147
v 11.068006 6.275005 -1.360147
v 10.500671 6.254354 1.355518
v 10.500671 6.172860 1.355518
v 10.935504 6.172859 1.356994
v 10.935504 6.254353 1.356994
v 10.930959 6.254353 -1.313153
v 10.930959 6.172860 -1.313153
v 10.496126 6.172860 -1.314629
v 10.496126 6.254353 -1.314629
v 11.500336 6.253809 1.357454
v 11.500335 6.168886 1.357455
v 12.002283 6.168886 1.356787
v 12.002283 6.253809 1.356787
v 12.000653 6.253809 -1.315090
v 12.000651 6.168886 -1.315090
v 11.498704 6.168887 -1.314423
v 11.498705 6.253809 -1.314423
v 8.449915 6.253810 1.357455
v 8.449914 6.168887 1.357455
v 8.951860 6.168887 1.356788
v 8.951860 6.253810 1.356788
v 8.950230 6.253811 -1.315089
v 8.950230 6.168887 -1.315089
v 8.448283 6.168887 -1.314422
v 8.448283 6.253811 -1.314422
v 7.450246 6.254353 1.355518
v 7.450246 6.172860 1.355519
v 7.885077 6.172859 1.356995
v 7.885077 6.254352 1.356995
v 7.880532 6.254353 -1.313152
v 7.880532 6.172860 -1.313152
v 7.445700 6.172861 -1.314628
v 7.445701 6.254354 -1.314628
v 7.918992 6.275003 1.361506
v 7.918992 6.170247 1.361506
v 8.385641 6.170248 1.320162
v 8.385641 6.275003 1.320162
v 8.431122 6.275003 -1.350143
v 8.431122 6.170247 -1.350143
v 8.017582 6.170248 -1.360147
v 8.017582 6.275003 -1.360147
v 5.932061 6.277626 1.353736
v 5.932061 6.176646 1.353736
v 6.413836 6.176645 1.353260
v 6.413835 6.277626 1.353260
v 6.409472 6.277627 -1.299606
v 6.409472 6.176646 -1.299606
v 5.927697 6.176646 -1.299130
v 5.927697 6.277626 -1.299130
v 7.404203 6.175077 1.343159
v 7.404203 6.274683 1.343159
v 7.027111 6.274684 1.348224
v 7.027111 6.175077 1.348224
v 7.019778 6.175077 -1.300792
v 7.019778 6.274684 -1.300792
v 7.396870 6.274684 -1.305858
v 7.396870 6.175077 -1.305857
v 6.451855 6.263983 1.388794
v 6.451855 6.176760 1.388794
v 6.979204 6.176760 1.387681
v 6.979205 6.263983 1.387681
v 6.977845 6.263983 -1.358189
v 6.977845 6.176760 -1.358189
v 6.450494 6.176760 -1.357076
v 6.450494 6.263984 -1.357076
v 2.848600 6.263982 1.388795
v 2.848601 6.176759 1.388795
v 3.375950 6.176759 1.387682
v 3.375950 6.263983 1.387682
v 3.374590 6.263982 -1.358188
v 3.374590 6.176759 -1.358188
v 2.847240 6.176759 -1.357075
v 2.847240 6.263982 -1.357075
v 3.800950 6.175077 1.343160
v 3.800951 6.274683 1.343160
v 3.423858 6.274684 1.348225
v 3.423858 6.175077 1.348225
v 3.416524 6.175077 -1.300791
v 3.416524 6.274684 -1.300791
v 3.793616 6.274684 -1.305856
v 3.793616 6.175077 -1.305856
v 2.328805 6.277626 1.353736
v 2.328805 6.176645 1.353737
v 2.810579 6.176645 1.353261
v 2.810579 6.277626 1.353261
v 2.806215 6.277626 -1.299605
v 2.806215 6.176645 -1.299605
v 2.324441 6.176645 -1.299129
v 2.324441 6.277626 -1.299129
v 12.169912 6.258877 1.389933
v 12.169912 6.180690 1.389933
v 12.440723 6.180690 1.361177
v 12.440723 6.258877 1.361177
v 12.396935 6.258877 -1.304495
v 12.396935 6.180690 -1.304495
v 12.066010 6.180690 -1.314483
v 12.066011 6.258877 -1.314483
v 12.540660 6.276047 1.306757
v 12.540660 6.174179 1.306757
v 12.910470 6.174178 1.412643
v 12.910469 6.276047 1.412644
v 12.984483 6.276048 -1.287755
v 12.984484 6.174179 -1.287756
v 12.617066 6.174179 -1.295031
v 12.617067 6.276048 -1.295031
v 4.315737 6.275004 1.361507
v 4.315737 6.170249 1.361507
v 4.782386 6.170249 1.320163
v 4.782386 6.275004 1.320163
v 4.827867 6.275004 -1.350142
v 4.827867 6.170249 -1.350142
v 4.414327 6.170249 -1.360146
v 4.414327 6.275004 -1.360146
v 5.482658 6.289822 -1.297755
v 5.482659 6.163889 -1.297755
v 5.355372 6.163889 -1.294218
v 5.355372 6.289822 -1.294218
v 5.794583 6.289822 0.854500
v 5.795852 6.163889 0.917163
v 5.920889 6.163889 0.802547
v 5.920889 6.289821 0.802547
v 5.413991 6.289821 0.927774
v 5.413991 6.163889 0.927774
v 5.539550 6.163889 0.838939
v 5.539550 6.289822 0.838939
v 5.668565 6.163889 0.920700
v 5.667295 6.289822 0.858037
v 5.864520 6.289822 -1.308367
v 5.864520 6.163890 -1.308367
v 5.737234 6.163889 -1.304830
v 5.737233 6.289822 -1.304830
v 5.609946 6.163889 -1.301292
v 5.609945 6.289822 -1.301292
v 3.846992 6.254353 1.355520
v 3.846992 6.172860 1.355520
v 4.281825 6.172860 1.356996
v 4.281825 6.254353 1.356996
v 4.277279 6.254354 -1.313151
v 4.277280 6.172861 -1.313151
v 3.842447 6.172860 -1.314627
v 3.842447 6.254353 -1.314627
v 4.846660 6.253809 1.357456
v 4.846660 6.168886 1.357456
v 5.348607 6.168886 1.356789
v 5.348607 6.253809 1.356789
v 5.346976 6.253809 -1.315089
v 5.346976 6.168886 -1.315089
v 4.845028 6.168886 -1.314421
v 4.845029 6.253809 -1.314421
v -5.929790 6.253810 1.357459
v -5.929790 6.168887 1.357459
v -5.427843 6.168888 1.356792
v -5.427843 6.253810 1.356792
v -5.429474 6.253810 -1.315086
v -5.429474 6.168888 -1.315086
v -5.931421 6.168887 -1.314419
v -5.931422 6.253810 -1.314419
v -6.929456 6.254354 1.355522
v -6.929456 6.172860 1.355522
v -6.494624 6.172861 1.356999
v -6.494624 6.254354 1.356999
v -6.499168 6.254354 -1.313148
v -6.499168 6.172862 -1.313148
v -6.934001 6.172861 -1.314624
v -6.934001 6.254353 -1.314624
v -5.000519 6.289821 1.343979
v -5.000519 6.163888 1.343979
v -4.873189 6.163888 1.342729
v -4.873189 6.289821 1.342729
v -5.273725 6.289821 -0.813534
v -5.273868 6.163888 -0.876209
v -5.400944 6.163888 -0.763859
v -5.400944 6.289821 -0.763859
v -4.891878 6.289821 -0.879959
v -4.891878 6.163889 -0.879959
v -5.019013 6.163888 -0.793393
v -5.019013 6.289821 -0.793393
v -5.146537 6.163889 -0.877459
v -5.146394 6.289822 -0.814784
v -5.382511 6.289821 1.347728
v -5.382509 6.163888 1.347728
v -5.255180 6.163888 1.346478
v -5.255179 6.289820 1.346478
v -5.127850 6.163888 1.345228
v -5.127850 6.289821 1.345228
v -6.460712 6.275004 1.361510
v -6.460711 6.170249 1.361510
v -5.994063 6.170249 1.320165
v -5.994062 6.275003 1.320166
v -5.948582 6.275004 -1.350139
v -5.948581 6.170249 -1.350139
v -6.362123 6.170249 -1.360143
v -6.362122 6.275004 -1.360143
v 1.764213 6.276048 1.306760
v 1.764213 6.174178 1.306760
v 2.134024 6.174178 1.412646
v 2.134024 6.276047 1.412646
v 2.208037 6.276048 -1.287753
v 2.208037 6.174179 -1.287753
v 1.840622 6.174178 -1.295028
v 1.840621 6.276048 -1.295028
v 1.393463 6.258877 1.389935
v 1.393464 6.180690 1.389935
v 1.664275 6.180690 1.361180
v 1.664274 6.258876 1.361180
v 1.620486 6.258877 -1.304492
v 1.620486 6.180690 -1.304492
v 1.289562 6.180691 -1.314481
v 1.289562 6.258877 -1.314481
v -8.447643 6.277626 1.353739
v -8.447643 6.176646 1.353739
v -7.965868 6.176646 1.353263
v -7.965868 6.277627 1.353263
v -7.970233 6.277626 -1.299603
v -7.970232 6.176647 -1.299603
v -8.452008 6.176646 -1.299127
v -8.452007 6.277627 -1.299127
v -6.975497 6.175078 1.343163
v -6.975499 6.274685 1.343163
v -7.352591 6.274685 1.348228
v -7.352591 6.175077 1.348228
v -7.359924 6.175078 -1.300788
v -7.359924 6.274684 -1.300789
v -6.982831 6.274685 -1.305854
v -6.982831 6.175078 -1.305854
v -7.927848 6.263983 1.388798
v -7.927849 6.176759 1.388798
v -7.400498 6.176759 1.387685
v -7.400498 6.263982 1.387685
v -7.401858 6.263983 -1.358186
v -7.401860 6.176760 -1.358186
v -7.929209 6.176759 -1.357073
v -7.929210 6.263983 -1.357073
v -4.324594 6.263983 1.388797
v -4.324594 6.176759 1.388797
v -3.797244 6.176760 1.387684
v -3.797244 6.263983 1.387684
v -3.798604 6.263983 -1.358186
v -3.798606 6.176760 -1.358186
v -4.325955 6.176760 -1.357073
v -4.325955 6.263982 -1.357073
v -3.372244 6.175077 1.343162
v -3.372245 6.274684 1.343162
v -3.749337 6.274684 1.348227
v -3.749337 6.175077 1.348227
v -3.756670 6.175078 -1.300789
v -3.756671 6.274684 -1.300789
v -3.379577 6.274685 -1.305855
v -3.379578 6.175078 -1.305854
v -4.844390 6.277626 1.353738
v -4.844389 6.176646 1.353738
v -4.362616 6.176645 1.353262
v -4.362616 6.277627 1.353262
v -4.366980 6.277626 -1.299604
v -4.366979 6.176646 -1.299604
v -4.848754 6.176645 -1.299128
v -4.848754 6.277627 -1.299128
v -2.857458 6.275003 1.361509
v -2.857457 6.170248 1.361509
v -2.390809 6.170247 1.320164
v -2.390808 6.275002 1.320164
v -2.345328 6.275003 -1.350140
v -2.345328 6.170249 -1.350140
v -2.758868 6.170248 -1.360144
v -2.758867 6.275003 -1.360144
v -3.326204 6.254352 1.355521
v -3.326204 6.172859 1.355521
v -2.891371 6.172860 1.356997
v -2.891371 6.254353 1.356997
v -2.895916 6.254353 -1.313149
v -2.895916 6.172860 -1.313149
v -3.330749 6.172859 -1.314625
v -3.330749 6.254352 -1.314626
v -2.326536 6.253809 1.357458
v -2.326535 6.168887 1.357458
v -1.824588 6.168888 1.356791
v -1.824588 6.253809 1.356791
v -1.826219 6.253810 -1.315087
v -1.826219 6.168888 -1.315086
v -2.328166 6.168887 -1.314419
v -2.328167 6.253810 -1.314419
v 0.723888 6.253809 1.357457
v 0.723888 6.168886 1.357458
v 1.225835 6.168886 1.356790
v 1.225836 6.253808 1.356790
v 1.224205 6.253809 -1.315088
v 1.224205 6.168886 -1.315088
v 0.722257 6.168886 -1.314420
v 0.722258 6.253809 -1.314420
v -0.275779 6.254352 1.355520
v -0.275779 6.172859 1.355520
v 0.159053 6.172860 1.356996
v 0.159054 6.254353 1.356997
v 0.154509 6.254353 -1.313150
v 0.154509 6.172860 -1.313150
v -0.280324 6.172860 -1.314626
v -0.280324 6.254352 -1.314626
v 0.192966 6.275003 1.361508
v 0.192966 6.170248 1.361508
v 0.659616 6.170249 1.320164
v 0.659616 6.275003 1.320164
v 0.705096 6.275003 -1.350141
v 0.705096 6.170249 -1.350141
v 0.291556 6.170249 -1.360145
v 0.291556 6.275003 -1.360145
v -1.793965 6.277626 1.353737
v -1.793965 6.176646 1.353738
v -1.312191 6.176646 1.353262
v -1.312191 6.277626 1.353262
v -1.316555 6.277626 -1.299604
v -1.316555 6.176646 -1.299604
v -1.798329 6.176646 -1.299128
v -1.798329 6.277627 -1.299128
v -0.321819 6.175076 1.343161
v -0.321819 6.274684 1.343161
v -0.698911 6.274684 1.348226
v -0.698911 6.175076 1.348226
v -0.706245 6.175077 -1.300790
v -0.706245 6.274684 -1.300790
v -0.329153 6.274683 -1.305856
v -0.329153 6.175077 -1.305855
v -1.274170 6.263983 1.388796
v -1.274169 6.176760 1.388796
v -0.746820 6.176760 1.387683
v -0.746819 6.263983 1.387683
v -0.748180 6.263983 -1.358187
v -0.748180 6.176760 -1.358187
v -1.275530 6.176760 -1.357074
v -1.275530 6.263982 -1.357074
v -12.026491 6.263984 1.388799
v -12.026491 6.176760 1.388799
v -11.499141 6.176761 1.387686
v -11.499141 6.263984 1.387686
v -11.500500 6.263984 -1.358184
v -11.500502 6.176761 -1.358185
v -12.027851 6.176761 -1.357072
v -12.027851 6.263983 -1.357072
v -11.074142 6.175077 1.343163
v -11.074142 6.274684 1.343163
v -11.451235 6.274684 1.348229
v -11.451235 6.175076 1.348229
v -11.458568 6.175078 -1.300788
v -11.458569 6.274683 -1.300788
v -11.081476 6.274684 -1.305853
v -11.081476 6.175077 -1.305853
v -12.546287 6.277626 1.353740
v -12.546286 6.176646 1.353740
v -12.064511 6.176646 1.353264
v -12.064511 6.277627 1.353264
v -12.068876 6.277626 -1.299602
v -12.068875 6.176647 -1.299602
v -12.550650 6.176646 -1.299126
v -12.550650 6.277626 -1.299126
v -10.559357 6.275004 1.361511
v -10.559356 6.170249 1.361511
v -10.092708 6.170248 1.320167
v -10.092707 6.275004 1.320167
v -10.047227 6.275004 -1.350138
v -10.047227 6.170249 -1.350138
v -10.460767 6.170249 -1.360142
v -10.460767 6.275004 -1.360142
v -11.028101 6.254353 1.355523
v -11.028101 6.172860 1.355523
v -10.593269 6.172861 1.356999
v -10.593268 6.254354 1.356999
v -10.597813 6.254354 -1.313147
v -10.597814 6.172861 -1.313147
v -11.032645 6.172861 -1.314623
v -11.032645 6.254354 -1.314623
v -10.028433 6.253810 1.357460
v -10.028433 6.168887 1.357460
v -9.526486 6.168888 1.356793
v -9.526485 6.253810 1.356793
v -9.528118 6.253810 -1.315085
v -9.528118 6.168888 -1.315085
v -10.030065 6.168888 -1.314418
v -10.030065 6.253810 -1.314418
v -13.078858 6.253809 1.357461
v -13.078857 6.168887 1.357461
v -12.576911 6.168888 1.356794
v -12.576911 6.253810 1.356794
v -12.578541 6.253810 -1.315084
v -12.578542 6.168888 -1.315084
v -13.080489 6.168887 -1.314417
v -13.080490 6.253810 -1.314417
v -14.078525 6.254353 1.355524
v -14.078525 6.172859 1.355524
v -13.643692 6.172860 1.357000
v -13.643692 6.254353 1.357000
v -13.648237 6.254353 -1.313146
v -13.648237 6.172861 -1.313146
v -14.083070 6.172860 -1.314623
v -14.083070 6.254352 -1.314623
v -13.609779 6.275004 1.361512
v -13.609779 6.170249 1.361512
v -13.143131 6.170249 1.320167
v -13.143130 6.275004 1.320167
v -13.097650 6.275004 -1.350137
v -13.097650 6.170249 -1.350137
v -13.511189 6.170249 -1.360141
v -13.511189 6.275004 -1.360141
v -15.596712 6.277626 1.353741
v -15.596711 6.176647 1.353741
v -15.114937 6.176648 1.353265
v -15.114939 6.277628 1.353265
v -15.119303 6.277627 -1.299601
v -15.119302 6.176647 -1.299601
v -15.601077 6.176647 -1.299125
v -15.601077 6.277628 -1.299125
v -14.124566 6.175078 1.343164
v -14.124566 6.274684 1.343164
v -14.501658 6.274684 1.348229
v -14.501658 6.175078 1.348230
v -14.508992 6.175079 -1.300787
v -14.508992 6.274685 -1.300787
v -14.131899 6.274685 -1.305852
v -14.131899 6.175078 -1.305852
v -15.076914 6.263984 1.388800
v -15.076916 6.176761 1.388800
v -14.549565 6.176761 1.387687
v -14.549565 6.263983 1.387686
v -14.550926 6.263985 -1.358184
v -14.550926 6.176760 -1.358184
v -15.078276 6.176760 -1.357071
v -15.078276 6.263983 -1.357071
v -18.680170 6.263983 1.388801
v -18.680170 6.176760 1.388801
v -18.152822 6.176759 1.387687
v -18.152822 6.263982 1.387687
v -18.154184 6.263983 -1.358183
v -18.154182 6.176758 -1.358183
v -18.681532 6.176760 -1.357070
v -18.681532 6.263983 -1.357070
v -17.727819 6.175078 1.343165
v -17.727821 6.274685 1.343165
v -18.104916 6.274684 1.348230
v -18.104916 6.175079 1.348231
v -18.112246 6.175079 -1.300786
v -18.112247 6.274685 -1.300786
v -17.735153 6.274685 -1.305851
v -17.735155 6.175079 -1.305851
v -19.199966 6.277627 1.353742
v -19.199966 6.176644 1.353742
v -18.718193 6.176646 1.353266
v -18.718193 6.277626 1.353266
v -18.722553 6.277627 -1.299600
v -18.722555 6.176644 -1.299600
v -19.204329 6.176647 -1.299124
v -19.204330 6.277627 -1.299124
v -9.358858 6.258876 1.389938
v -9.358858 6.180689 1.389938
v -9.088048 6.180690 1.361182
v -9.088048 6.258875 1.361183
v -9.131837 6.258876 -1.304490
v -9.131837 6.180690 -1.304489
v -9.462760 6.180690 -1.314478
v -9.462761 6.258876 -1.314478
v -8.988109 6.276047 1.306762
v -8.988109 6.174178 1.306762
v -8.618298 6.174178 1.412649
v -8.618299 6.276046 1.412649
v -8.544286 6.276047 -1.287750
v -8.544286 6.174177 -1.287750
v -8.911701 6.174178 -1.295026
v -8.911701 6.276047 -1.295026
v -17.213036 6.275004 1.361513
v -17.213036 6.170246 1.361512
v -16.746386 6.170247 1.320168
v -16.746386 6.275004 1.320168
v -16.700905 6.275006 -1.350137
v -16.700905 6.170248 -1.350137
v -17.114445 6.170248 -1.360141
v -17.114445 6.275004 -1.360141
v -15.752841 6.289821 1.343981
v -15.752843 6.163888 1.343981
v -15.625511 6.163888 1.342731
v -15.625511 6.289820 1.342731
v -16.026047 6.289818 -0.813532
v -16.026190 6.163887 -0.876207
v -16.153267 6.163888 -0.763856
v -16.153269 6.289820 -0.763856
v -15.644202 6.289821 -0.879956
v -15.644202 6.163888 -0.879956
v -15.771336 6.163888 -0.793391
v -15.771336 6.289820 -0.793391
v -15.898862 6.163888 -0.877457
v -15.898716 6.289820 -0.814781
v -16.134832 6.289819 1.347730
v -16.134832 6.163888 1.347730
v -16.007504 6.163889 1.346480
v -16.007504 6.289819 1.346480
v -15.880174 6.163888 1.345231
v -15.880172 6.289820 1.345231
v -17.681780 6.254353 1.355525
v -17.681778 6.172859 1.355524
v -17.246946 6.172859 1.357000
v -17.246946 6.254352 1.357000
v -17.251493 6.254351 -1.313146
v -17.251493 6.172857 -1.313146
v -17.686327 6.172859 -1.314622
v -17.686325 6.254351 -1.314622
v -16.682114 6.253809 1.357461
v -16.682114 6.168888 1.357462
v -16.180164 6.168886 1.356795
v -16.180168 6.253809 1.356794
v -16.181801 6.253809 -1.315083
v -16.181797 6.168886 -1.315083
v -16.683746 6.168888 -1.314416
v -16.683746 6.253810 -1.314416
v 22.689682 0.650292 -1.411351
v 8.018682 7.479492 -2.072441
v 8.026011 7.490808 -1.369814
v 8.014978 7.469358 -1.720729
v 7.873819 7.166779 -1.714323
v 22.682274 0.638820 -2.116264
v 22.678514 0.628557 -1.763468
v 22.384253 0.000003 -2.102739
v 22.533417 0.319649 -2.018994
v 22.536968 0.325147 -1.757044
v 7.728957 6.854066 -1.356204
v 7.878291 7.173704 -1.383196
v 7.732659 6.864201 -1.707916
v 7.869345 7.159855 -2.054476
v 7.721629 6.842751 -2.058830
v 22.395420 0.021737 -1.750620
v 22.540516 0.330644 -1.486068
v 22.391659 0.011473 -1.397826
v 22.536970 0.325145 1.699054
v 22.689682 0.650289 2.044747
v 22.540516 0.330643 2.036924
v 8.019127 7.480452 1.382556
v 7.870269 7.161280 1.403904
v 7.877369 7.172275 2.079647
v 8.026534 7.491921 2.087469
v 8.015367 7.470189 1.735351
v 22.533419 0.319647 1.361181
v 22.682274 0.638819 1.339833
v 22.678516 0.628556 1.692629
v 22.384253 -0.000000 1.353359
v 22.395422 0.021735 1.705478
v 7.728511 6.853104 2.100995
v 7.873820 7.166777 1.741775
v 7.732272 6.863367 1.748199
v 7.721106 6.841634 1.396082
v 22.391661 0.011472 2.058272
v -22.848667 0.328512 1.699064
v -22.697756 0.002528 2.044757
v -8.035496 6.850478 1.382560
v -8.180452 7.157161 2.079651
v -8.031471 6.837431 2.087473
v -8.040941 6.859954 1.735355
v -22.850594 0.334765 1.361192
v -22.701780 0.015572 1.339844
v -22.707228 0.025052 1.692640
v -22.999578 0.654496 1.353370
v -8.329268 7.476353 2.100999
v -8.182384 7.163414 1.741780
v -8.323823 7.466877 1.748204
v -8.184312 7.169669 1.403908
v -8.333296 7.489399 1.396086
v -22.990107 0.631972 1.705489
v -22.846739 0.322261 2.036934
v -22.995550 0.641451 2.058283
v -22.697758 0.002526 -1.411341
v -22.846741 0.322259 -1.419163
v -8.182385 7.163414 -1.714319
v -8.035498 6.850477 -2.073538
v -8.180455 7.157160 -1.376447
v -8.031473 6.837430 -1.368625
v -8.040944 6.859953 -1.720743
v -22.701784 0.015573 -2.116253
v -22.707228 0.025050 -1.763458
v -22.999580 0.654496 -2.102728
v -22.850595 0.334765 -2.094906
v -22.848671 0.328512 -1.757033
v -22.990108 0.631971 -1.750609
v -8.329269 7.476352 -1.355098
v -8.323825 7.466876 -1.707894
v -8.184314 7.169668 -2.052190
v -8.333298 7.489398 -2.060011
v -22.995550 0.641450 -1.397815
v 19.252726 8.594102 1.134899
v 19.422550 8.538305 1.134900
v 19.381481 8.538306 1.006144
v 19.252726 8.538305 0.963602
v 19.252726 5.901952 1.134899
v 19.424225 5.957750 1.134899
v 19.380430 5.957749 1.262604
v 19.252728 5.957749 1.307493
v 19.252726 5.957748 0.962305
v 19.380432 5.957750 1.007194
v 19.252726 8.538305 1.306198
v 19.381483 8.538305 1.263655
v 19.123970 8.538306 1.263655
v 19.082901 8.538306 1.134900
v 19.125023 5.957748 1.007194
v 19.081228 5.957750 1.134899
v 19.125023 5.957749 1.262604
v 19.123970 8.538306 1.006144
v 19.252726 5.901952 -1.169170
v 19.252726 5.957750 -1.338992
v 19.381481 5.957751 -1.297925
v 19.424023 5.957749 -1.169170
v 19.252726 8.594100 -1.169169
v 19.252726 8.538305 -1.340667
v 19.125021 8.538306 -1.296874
v 19.080132 8.538304 -1.169169
v 19.425318 8.538306 -1.169169
v 19.380430 8.538305 -1.296873
v 19.081429 5.957750 -1.169169
v 19.123970 5.957749 -1.297925
v 19.123970 5.957751 -1.040414
v 19.252726 5.957750 -0.999347
v 19.380430 8.538306 -1.041464
v 19.252726 8.538305 -0.997670
v 19.125021 8.538306 -1.041464
v 19.381481 5.957749 -1.040414
v 7.600801 5.926716 -1.247629
v 7.600455 5.917673 -1.117215
v 13.594006 5.921308 -1.362475
v 13.593351 6.046942 -1.104293
v 13.593313 5.916298 -1.101396
v 13.593663 5.925341 -1.231810
v 7.601155 6.053119 -1.370388
v 7.601145 5.922682 -1.378294
v 7.601191 6.183762 -1.373285
v 7.600845 6.174719 -1.242870
v 13.593361 6.177378 -1.096386
v 13.593683 6.049342 -1.229430
v 13.593705 6.173344 -1.227051
v 13.594015 6.051743 -1.354568
v 13.594053 6.182387 -1.357465
v 7.600822 6.050718 -1.245250
v 7.600492 6.048317 -1.120113
v 7.600501 6.178752 -1.112206
v 7.600455 5.917674 1.383110
v 13.594006 5.921309 1.137851
v 13.593352 6.046943 1.396033
v 13.593315 5.916299 1.398930
v 13.593663 5.925342 1.268516
v 7.601155 6.053119 1.129938
v 7.601146 5.922683 1.122031
v 7.600801 5.926717 1.252696
v 7.601192 6.183763 1.127041
v 7.600823 6.050719 1.255076
v 13.593361 6.177379 1.403939
v 13.593684 6.049344 1.270895
v 13.593706 6.173345 1.273274
v 13.594015 6.051744 1.145758
v 13.594052 6.182388 1.142860
v 7.600845 6.174720 1.257455
v 7.600493 6.048317 1.380213
v 7.600501 6.178753 1.388120
v 12.976616 5.917673 1.110049
v 18.969843 6.049341 0.997834
v 18.969824 5.925340 0.995455
v 18.970165 5.921306 0.864790
v 18.969515 6.046941 1.122972
v 18.969477 5.916296 1.125869
v 12.977305 5.922683 0.848971
v 12.976963 5.926716 0.979636
v 12.976984 6.050718 0.982015
v 12.977352 6.183763 0.853980
v 12.977315 6.053119 0.856877
v 18.969521 6.177377 1.130879
v 18.969866 6.173343 1.000214
v 18.970175 6.051743 0.872697
v 18.970213 6.182387 0.869800
v 12.977007 6.174719 0.984394
v 12.976654 6.048317 1.107152
v 12.976663 6.178752 1.115059
v 12.976985 6.050718 -1.014844
v 12.976616 5.917674 -0.886810
v 18.969843 6.049341 -0.999025
v 18.970165 5.921306 -1.132069
v 18.970175 6.051743 -1.124162
v 18.969515 6.046941 -0.873887
v 18.969477 5.916297 -0.870990
v 18.969824 5.925340 -1.001404
v 12.977317 6.053119 -1.139982
v 12.977305 5.922683 -1.147889
v 12.976963 5.926716 -1.017223
v 12.977352 6.183763 -1.142879
v 18.969522 6.177377 -0.865981
v 18.969868 6.173343 -0.996646
v 18.970213 6.182387 -1.127059
v 12.977008 6.174719 -1.012465
v 12.976654 6.048317 -0.889707
v 12.976663 6.178753 -0.881800
v 2.224293 5.917674 -0.886807
v 8.217524 6.049344 -0.999022
v 8.217845 5.921309 -1.132066
v 8.217191 6.046943 -0.873884
v 8.217154 5.916299 -0.870987
v 8.217501 5.925342 -1.001402
v 2.224993 6.053120 -1.139979
v 2.224984 5.922683 -1.147886
v 2.224639 5.926717 -1.017221
v 2.225029 6.183763 -1.142876
v 2.224661 6.050719 -1.014841
v 2.224683 6.174720 -1.012462
v 8.217201 6.177378 -0.865978
v 8.217544 6.173345 -0.996643
v 8.217854 6.051744 -1.124160
v 8.217890 6.182389 -1.127057
v 2.224330 6.048318 -0.889704
v 2.224339 6.178754 -0.881798
v 2.224294 5.917674 1.110052
v 8.217524 6.049344 0.997837
v 8.217845 5.921309 0.864793
v 8.217155 5.916299 1.125872
v 8.217502 5.925342 0.995458
v 2.224985 5.922683 0.848973
v 2.224640 5.926717 0.979639
v 2.225030 6.183763 0.853983
v 2.224994 6.053120 0.856880
v 8.217201 6.177378 1.130881
v 8.217192 6.046943 1.122975
v 8.217546 6.173345 1.000216
v 8.217854 6.051744 0.872700
v 8.217891 6.182388 0.869803
v 2.224684 6.174720 0.984397
v 2.224662 6.050719 0.982018
v 2.224331 6.048318 1.107155
v 2.224340 6.178754 1.115062
v -3.151499 6.050718 1.262880
v -3.151866 5.917673 1.390914
v -3.151829 6.048317 1.388017
v 2.841685 5.921308 1.145655
v 2.841032 6.046942 1.403837
v 2.840994 5.916298 1.406734
v 2.841341 5.925342 1.276320
v 2.841363 6.049343 1.278699
v -3.151167 6.053119 1.137742
v -3.151175 5.922683 1.129835
v -3.151521 5.926717 1.260501
v -3.151130 6.183763 1.134845
v 2.841040 6.177378 1.411744
v 2.841385 6.173345 1.281078
v 2.841693 6.051744 1.153562
v 2.841731 6.182387 1.150665
v -3.151477 6.174719 1.265259
v -3.151820 6.178753 1.395923
v -3.151868 5.917673 -1.117213
v -3.151829 6.048318 -1.120110
v 2.841683 5.921309 -1.362472
v 2.841031 6.046942 -1.104290
v 2.840993 5.916299 -1.101393
v 2.841340 5.925342 -1.231807
v -3.151177 5.922683 -1.378291
v -3.151521 5.926717 -1.247626
v -3.151131 6.183763 -1.373282
v -3.151167 6.053120 -1.370385
v 2.841039 6.177378 -1.096383
v 2.841362 6.049343 -1.229428
v 2.841384 6.173345 -1.227048
v 2.841692 6.051744 -1.354565
v 2.841730 6.182388 -1.357462
v -3.151478 6.174720 -1.242868
v -3.151500 6.050718 -1.245247
v -3.151821 6.178754 -1.112203
v -8.527658 6.050719 -1.014839
v -8.528027 5.917674 -0.886804
v -2.534797 6.049345 -0.999019
v -2.534818 5.925342 -1.001399
v -2.534475 5.921308 -1.132064
v -2.535129 6.046942 -0.873882
v -2.535166 5.916298 -0.870985
v -8.527335 5.922683 -1.147883
v -8.527680 5.926718 -1.017218
v -8.527290 6.183764 -1.142874
v -8.527327 6.053121 -1.139977
v -2.535120 6.177378 -0.865975
v -2.534775 6.173346 -0.996640
v -2.534467 6.051744 -1.124157
v -2.534429 6.182388 -1.127054
v -8.527637 6.174720 -1.012460
v -8.527989 6.048319 -0.889702
v -8.527979 6.178754 -0.881795
v -8.528027 5.917673 1.110055
v -2.534475 5.921307 0.864796
v -2.534467 6.051743 0.872702
v -2.535166 5.916297 1.125874
v -2.534819 5.925342 0.995460
v -8.527327 6.053119 0.856883
v -8.527335 5.922683 0.848976
v -8.527680 5.926717 0.979641
v -8.527290 6.183763 0.853986
v -8.527658 6.050718 0.982021
v -8.527637 6.174720 0.984400
v -2.535120 6.177377 1.130884
v -2.535129 6.046941 1.122977
v -2.534775 6.173345 1.000219
v -2.534797 6.049344 0.997840
v -2.534429 6.182387 0.869805
v -8.527989 6.048317 1.107158
v -8.527979 6.178753 1.115064
v -13.903820 6.050718 1.261582
v -13.903841 5.926717 1.259203
v -13.904187 5.917673 1.389616
v -7.910636 5.921308 1.144357
v -7.911327 5.916297 1.405436
v -7.910979 5.925343 1.275022
v -13.903497 5.922683 1.128537
v -13.903451 6.183762 1.133547
v -13.903487 6.053119 1.136444
v -7.911282 6.177378 1.410446
v -7.911291 6.046942 1.402539
v -7.910958 6.049344 1.277401
v -7.910936 6.173346 1.279781
v -7.910626 6.051744 1.152264
v -7.910591 6.182387 1.149367
v -13.903797 6.174720 1.263961
v -13.904150 6.048317 1.386719
v -13.904141 6.178754 1.394626
v -13.903842 5.926716 -1.247624
v -13.904188 5.917673 -1.117210
v -7.910636 5.921308 -1.362469
v -7.911291 6.046941 -1.104288
v -7.911328 5.916297 -1.101390
v -7.910980 5.925343 -1.231804
v -13.903497 5.922683 -1.378289
v -13.903451 6.183763 -1.373279
v -13.903487 6.053119 -1.370382
v -7.911282 6.177378 -1.096381
v -7.910959 6.049344 -1.229425
v -7.910937 6.173345 -1.227046
v -7.910627 6.051743 -1.354563
v -7.910591 6.182387 -1.357460
v -13.903799 6.174719 -1.242865
v -13.903820 6.050718 -1.245244
v -13.904150 6.048317 -1.120107
v -13.904142 6.178753 -1.112200
v -19.280350 5.917674 -0.886802
v -13.287119 6.049346 -0.999017
v -13.286797 5.921310 -1.132061
v -13.287452 6.046944 -0.873879
v -13.287489 5.916299 -0.870982
v -13.287142 5.925344 -1.001396
v -19.279648 6.053119 -1.139974
v -19.279659 5.922685 -1.147881
v -19.280001 5.926719 -1.017215
v -19.279613 6.183765 -1.142871
v -19.279980 6.050719 -1.014836
v -19.279959 6.174721 -1.012457
v -13.287442 6.177380 -0.865972
v -13.287097 6.173347 -0.996637
v -13.286788 6.051745 -1.124154
v -13.286752 6.182390 -1.127051
v -19.280313 6.048318 -0.889699
v -19.280306 6.178754 -0.881792
v -19.280350 5.917672 1.110057
v -19.280313 6.048317 1.107160
v -13.287140 5.925343 0.995463
v -13.286797 5.921308 0.864798
v -13.287451 6.046942 1.122980
v -13.287488 5.916297 1.125877
v -13.287118 6.049344 0.997842
v -19.279648 6.053118 0.856885
v -19.279659 5.922683 0.848979
v -19.280001 5.926717 0.979644
v -19.279612 6.183762 0.853988
v -19.279980 6.050717 0.982023
v -19.279959 6.174719 0.984402
v -13.287442 6.177378 1.130887
v -13.287097 6.173345 1.000222
v -13.286787 6.051744 0.872705
v -13.286751 6.182387 0.869808
v -19.280304 6.178752 1.115067
v -19.916451 5.901953 -1.169160
v -19.916451 5.957749 -1.338982
v -19.787695 5.957749 -1.297916
v -19.745153 5.957747 -1.169160
v -19.916451 8.594100 -1.169160
v -19.916452 8.538304 -1.340658
v -20.044157 8.538304 -1.296864
v -20.089046 8.538303 -1.169159
v -19.743856 8.538305 -1.169159
v -19.788746 8.538301 -1.296864
v -20.087749 5.957749 -1.169160
v -20.045208 5.957749 -1.297915
v -20.045208 5.957747 -1.040405
v -19.916451 5.957748 -0.999338
v -19.788746 8.538302 -1.041455
v -19.916451 8.538302 -0.997661
v -20.044155 8.538305 -1.041455
v -19.787695 5.957747 -1.040405
v -19.916451 8.594102 1.134909
v -19.746632 8.538303 1.134909
v -19.787695 8.538303 1.006153
v -19.916451 8.538304 0.963611
v -19.916451 5.901951 1.134908
v -19.744951 5.957748 1.134908
v -19.788744 5.957747 1.262613
v -19.916449 5.957747 1.307502
v -19.916451 5.957746 0.962314
v -19.788744 5.957747 1.007203
v -19.916451 8.538302 1.306206
v -19.787695 8.538305 1.263664
v -20.045208 8.538301 1.263664
v -20.086273 8.538304 1.134909
v -20.044153 5.957747 1.007204
v -20.087948 5.957747 1.134908
v -20.044155 5.957749 1.262613
v -20.045208 8.538303 1.006153
vn 0.7656 0.6393 0.0714
vn -0.7656 -0.6393 -0.0714
vn -0.0000 -0.0000 1.0000
vn -0.0000 -0.0000 -1.0000
vn 0.0901 -0.9551 -0.2824
vn 0.2801 -0.9555 -0.0926
vn -0.0959 0.9553 -0.2797
vn -0.2780 0.9556 -0.0977
vn -0.0000 1.0000 -0.0000
vn 0.2689 0.9243 -0.2707
vn -0.0000 -1.0000 -0.0000
vn -0.2706 -0.9232 -0.2730
vn -0.2801 -0.9555 0.0926
vn -0.0901 -0.9551 0.2824
vn 0.2780 0.9556 0.0977
vn 0.0959 0.9553 0.2797
vn -0.2689 0.9243 0.2707
vn 0.2706 -0.9232 0.2730
vn 0.2824 0.9551 -0.0901
vn 0.0925 0.9555 -0.2801
vn 0.2797 -0.9553 0.0959
vn 0.0977 -0.9556 0.2780
vn 0.2707 -0.9243 -0.2689
vn 0.2730 0.9232 0.2706
vn -0.0925 0.9555 0.2801
vn -0.2824 0.9551 0.0901
vn -0.0977 -0.9556 -0.2780
vn -0.2797 -0.9553 -0.0959
vn -0.2707 -0.9243 0.2689
vn -0.2730 0.9232 -0.2706
vn 0.2689 0.9243 -0.2706
vn 0.7660 0.6426 0.0172
vn -0.7660 -0.6426 -0.0172
vn -0.7036 0.7070 0.0714
vn 0.7036 -0.7070 -0.0714
vn -0.7069 0.7071 0.0172
vn 0.7069 -0.7071 -0.0172
vn 0.2753 -0.0000 -0.9614
vn -0.0198 -0.0000 0.9998
vn -0.1056 -0.0000 -0.9944
vn -0.0302 -0.0000 0.9995
vn -0.0883 -0.0000 -0.9961
vn -0.0242 -0.0000 0.9997
vn 0.0034 -0.0000 -1.0000
vn -0.0034 -0.0000 1.0000
vn -0.0013 -0.0000 -1.0000
vn 0.0013 -0.0000 1.0000
vn -0.0010 -0.0000 -1.0000
vn 0.0010 -0.0000 1.0000
vn -0.0134 -0.0000 -0.9999
vn 0.0134 -0.0000 0.9999
vn -0.0021 -0.0000 -1.0000
vn 0.0021 -0.0000 1.0000
vn 0.0883 -0.0000 0.9961
vn 0.0242 -0.0000 -0.9997
vn 0.1056 -0.0000 0.9944
vn 0.0302 -0.0000 -0.9995
vn -0.2753 -0.0000 0.9614
vn 0.0198 -0.0000 -0.9998
vn -0.0278 -0.0000 -0.9996
vn 0.6330 0.3500 0.6905
vn 0.3804 -0.0000 0.9248
vn 0.5776 -0.0000 0.8163
vn -0.5353 -0.0000 0.8447
vn -0.1327 0.4405 0.8879
vn 0.0249 0.4456 0.8949
vn 0.0249 0.4455 0.8949
vn 0.0098 -0.0000 1.0000
vn -0.6205 0.3500 -0.7018
vn -0.3637 -0.0000 -0.9315
vn -0.5628 -0.0000 -0.8266
vn 0.5504 -0.0000 -0.8349
vn 0.1487 0.4405 -0.8854
vn -0.0088 0.4456 -0.8952
vn -0.0088 0.4455 -0.8952
vn 0.9062 -0.4228 -0.0026
vn 0.9065 -0.4222 -0.0033
vn -0.9062 0.4228 0.0026
vn -0.9059 0.4234 0.0033
vn -0.9065 0.4222 0.0027
vn -0.9062 0.4228 0.0034
vn 0.9060 -0.4233 -0.0027
vn 0.9062 -0.4228 -0.0034
vn 0.9065 -0.4221 -0.0034
vn -0.9059 0.4235 0.0034
vn -0.9062 0.4228 0.0033
vn 0.9062 -0.4228 -0.0033
vn 0.9062 -0.4228 -0.0027
vn -0.9064 -0.4224 -0.0027
vn -0.9064 -0.4224 -0.0026
vn 0.9064 0.4224 0.0026
vn 0.9064 0.4224 0.0027
vn 0.3106 0.9454 -0.0991
vn 0.1018 0.9459 -0.3081
vn 0.3077 -0.9456 0.1055
vn 0.1075 -0.9460 0.3058
vn 0.2957 -0.9090 -0.2938
vn 0.2982 0.9076 0.2956
vn -0.1018 0.9459 0.3081
vn -0.3106 0.9454 0.0991
vn -0.1075 -0.9460 -0.3058
vn -0.3077 -0.9456 -0.1055
vn -0.2957 -0.9090 0.2939
vn -0.2982 0.9076 -0.2956
vn 0.0991 -0.9454 -0.3106
vn 0.3081 -0.9459 -0.1018
vn -0.1055 0.9456 -0.3077
vn -0.3058 0.9460 -0.1075
vn 0.2938 0.9090 -0.2957
vn -0.2956 -0.9076 -0.2982
vn -0.3081 -0.9459 0.1018
vn -0.0991 -0.9454 0.3106
vn 0.3058 0.9460 0.1075
vn 0.1055 0.9456 0.3077
vn -0.2938 0.9090 0.2957
vn 0.2956 -0.9076 0.2982
vn -1.0000 0.0002 -0.0026
vn 1.0000 -0.0002 0.0026
vn 1.0000 -0.0002 0.0027
vn -1.0000 0.0002 -0.0027
vn 1.0000 -0.0003 0.0027
vn 1.0000 -0.0003 0.0026
vn -0.0990 -0.9454 0.3106
vn -0.2957 -0.9090 0.2938
vt 0.673161 0.861258
vt 0.673161 0.932958
vt 0.720584 0.936739
vt 0.718621 0.861258
vt 0.311362 0.543136
vt 0.311362 0.464744
vt 0.259514 0.460610
vt 0.261659 0.543136
vt 0.361065 0.543136
vt 0.363211 0.460610
vt 0.627702 0.861258
vt 0.625739 0.936739
vt 0.625739 0.785778
vt 0.673161 0.789558
vt 0.363211 0.625661
vt 0.311362 0.621528
vt 0.259514 0.625661
vt 0.720584 0.785778
vt 0.670440 0.870219
vt 0.669972 0.988127
vt 0.712414 0.964762
vt 0.742257 0.873938
vt 0.508440 0.886056
vt 0.506749 0.766193
vt 0.447895 0.802333
vt 0.428852 0.894980
vt 0.576265 0.876611
vt 0.564527 0.803867
vt 0.597220 0.874681
vt 0.632204 0.976108
vt 0.627531 0.781324
vt 0.671374 0.757769
vt 0.575653 0.982411
vt 0.506585 0.998070
vt 0.453094 0.981821
vt 0.718955 0.783605
vt 0.532039 0.576067
vt 0.517087 0.598338
vt 0.605190 0.748194
vt 0.620143 0.725923
vt 0.372163 0.611631
vt 0.372163 0.565008
vt 0.262943 0.565008
vt 0.262943 0.611631
vt 0.737877 0.914559
vt 0.737877 0.881965
vt 0.608933 0.881965
vt 0.608933 0.914559
vt 0.215635 0.641352
vt 0.215635 0.602754
vt 0.087439 0.602754
vt 0.087439 0.641352
vt 0.570038 0.959942
vt 0.570038 0.921344
vt 0.441841 0.921344
vt 0.441841 0.959942
vt 0.094401 0.615848
vt 0.094401 0.648443
vt 0.223345 0.648443
vt 0.223345 0.615848
vt 0.737231 0.883105
vt 0.737231 0.844507
vt 0.609035 0.844507
vt 0.609035 0.883105
vt 0.446848 0.910748
vt 0.446848 0.944997
vt 0.564845 0.944997
vt 0.564845 0.910748
vt 0.693348 0.988385
vt 0.710023 0.958094
vt 0.609418 0.817790
vt 0.592743 0.848081
vt 0.609454 0.907773
vt 0.609454 0.942022
vt 0.727451 0.942022
vt 0.727451 0.907773
vt 0.324010 0.645951
vt 0.338005 0.620529
vt 0.253570 0.502776
vt 0.239576 0.528198
vt 0.591079 0.753961
vt 0.603508 0.731383
vt 0.528521 0.626807
vt 0.516092 0.649384
vt 0.455739 0.875422
vt 0.447333 0.906950
vt 0.555953 0.980323
vt 0.564360 0.948796
vt 0.399909 0.334341
vt 0.389555 0.358899
vt 0.413843 0.384842
vt 0.424197 0.360283
vt 0.280575 0.555830
vt 0.280575 0.511967
vt 0.244154 0.511967
vt 0.244154 0.555830
vt 0.389838 0.555830
vt 0.389838 0.511967
vt 0.353417 0.511967
vt 0.353417 0.555830
vt 0.316996 0.511967
vt 0.316996 0.555830
vt 0.327043 0.256515
vt 0.316690 0.281074
vt 0.340978 0.307016
vt 0.351332 0.282457
vt 0.365267 0.332958
vt 0.375620 0.308399
vt 0.504788 0.883544
vt 0.504788 0.805152
vt 0.452939 0.801018
vt 0.455085 0.883544
vt 0.554491 0.883544
vt 0.556636 0.801018
vt 0.556636 0.966069
vt 0.504788 0.961936
vt 0.452939 0.966069
vt 0.667084 0.878877
vt 0.667084 0.800484
vt 0.615235 0.796351
vt 0.617381 0.878877
vt 0.716787 0.878877
vt 0.718932 0.796351
vt 0.718932 0.961402
vt 0.667084 0.957269
vt 0.615235 0.961402
s 0
usemtl woodTop
f 1/1/1 9/2/1 2/3/1
f 1/1/1 2/3/1 17/4/1
f 14/5/2 3/6/2 4/7/2
f 14/5/2 4/7/2 5/8/2
f 6/9/2 7/10/2 3/6/2
f 6/9/2 3/6/2 14/5/2
f 11/11/1 8/12/1 9/2/1
f 11/11/1 9/2/1 1/1/1
f 10/13/1 11/11/1 1/1/1
f 10/13/1 1/1/1 12/14/1
f 13/15/2 6/9/2 14/5/2
f 13/15/2 14/5/2 15/16/2
f 15/16/2 14/5/2 5/8/2
f 15/16/2 5/8/2 16/17/2
f 12/14/1 1/1/1 17/4/1
f 12/14/1 17/4/1 18/18/1
f 29/1/3 26/2/3 19/3/3
f 29/1/3 19/3/3 35/4/3
f 20/5/4 24/6/4 21/7/4
f 20/5/4 21/7/4 22/8/4
f 31/9/4 23/10/4 24/6/4
f 31/9/4 24/6/4 20/5/4
f 28/11/3 25/12/3 26/2/3
f 28/11/3 26/2/3 29/1/3
f 27/13/3 28/11/3 29/1/3
f 27/13/3 29/1/3 34/14/3
f 30/15/4 31/9/4 20/5/4
f 30/15/4 20/5/4 32/16/4
f 32/16/4 20/5/4 22/8/4
f 32/16/4 22/8/4 33/17/4
f 34/14/3 29/1/3 35/4/3
f 34/14/3 35/4/3 36/18/3
f 37/19/5 38/20/5 39/21/5
f 37/19/6 39/21/6 40/22/6
f 41/23/7 42/24/7 43/25/7
f 41/23/8 43/25/8 44/26/8
f 45/27/9 46/28/9 42/24/9
f 45/27/10 42/24/10 41/23/10
f 47/29/11 48/30/11 38/20/11
f 47/29/12 38/20/12 37/19/12
f 49/31/13 47/29/13 37/19/13
f 49/31/14 37/19/14 50/32/14
f 51/33/15 45/27/15 41/23/15
f 51/33/16 41/23/16 52/34/16
f 52/34/17 41/23/17 44/26/17
f 52/34/9 44/26/9 53/35/9
f 50/32/18 37/19/18 40/22/18
f 50/32/11 40/22/11 54/36/11
f 55/19/19 56/20/19 57/21/19
f 55/19/20 57/21/20 58/22/20
f 59/23/21 60/24/21 61/25/21
f 59/23/22 61/25/22 62/26/22
f 63/27/11 64/28/11 60/24/11
f 63/27/23 60/24/23 59/23/23
f 65/29/9 66/30/9 56/20/9
f 65/29/24 56/20/24 55/19/24
f 67/31/25 65/29/25 55/19/25
f 67/31/26 55/19/26 68/32/26
f 69/33/27 63/27/27 59/23/27
f 69/33/28 59/23/28 70/34/28
f 70/34/29 59/23/29 62/26/29
f 70/34/11 62/26/11 71/35/11
f 68/32/30 55/19/30 58/22/30
f 68/32/9 58/22/9 72/36/9
f 73/19/19 74/20/19 75/21/19
f 73/19/20 75/21/20 76/22/20
f 77/23/21 78/24/21 79/25/21
f 77/23/22 79/25/22 80/26/22
f 81/27/11 82/28/11 78/24/11
f 81/27/23 78/24/23 77/23/23
f 83/29/9 84/30/9 74/20/9
f 83/29/24 74/20/24 73/19/24
f 85/31/25 83/29/25 73/19/25
f 85/31/26 73/19/26 86/32/26
f 87/33/27 81/27/27 77/23/27
f 87/33/28 77/23/28 88/34/28
f 88/34/29 77/23/29 80/26/29
f 88/34/11 80/26/11 89/35/11
f 86/32/30 73/19/30 76/22/30
f 86/32/9 76/22/9 90/36/9
f 91/19/5 92/20/5 93/21/5
f 91/19/6 93/21/6 94/22/6
f 95/23/7 96/24/7 97/25/7
f 95/23/8 97/25/8 98/26/8
f 99/27/9 100/28/9 96/24/9
f 99/27/31 96/24/31 95/23/31
f 101/29/11 102/30/11 92/20/11
f 101/29/12 92/20/12 91/19/12
f 103/31/13 101/29/13 91/19/13
f 103/31/14 91/19/14 104/32/14
f 105/33/15 99/27/15 95/23/15
f 105/33/16 95/23/16 106/34/16
f 106/34/17 95/23/17 98/26/17
f 106/34/9 98/26/9 107/35/9
f 104/32/18 91/19/18 94/22/18
f 104/32/11 94/22/11 108/36/11
f 119/1/32 116/2/32 109/3/32
f 119/1/32 109/3/32 125/4/32
f 110/5/33 114/6/33 111/7/33
f 110/5/33 111/7/33 112/8/33
f 122/9/33 113/10/33 114/6/33
f 122/9/33 114/6/33 110/5/33
f 118/11/32 115/12/32 116/2/32
f 118/11/32 116/2/32 119/1/32
f 117/13/32 118/11/32 119/1/32
f 117/13/32 119/1/32 120/14/32
f 121/15/33 122/9/33 110/5/33
f 121/15/33 110/5/33 123/16/33
f 123/16/33 110/5/33 112/8/33
f 123/16/33 112/8/33 124/17/33
f 120/14/32 119/1/32 125/4/32
f 120/14/32 125/4/32 126/18/32
f 127/1/34 128/2/34 129/3/34
f 127/1/34 129/3/34 143/4/34
f 141/5/35 134/6/35 130/7/35
f 141/5/35 130/7/35 131/8/35
f 132/9/35 133/10/35 134/6/35
f 132/9/35 134/6/35 141/5/35
f 137/11/34 135/12/34 128/2/34
f 137/11/34 128/2/34 127/1/34
f 136/13/34 137/11/34 127/1/34
f 136/13/34 127/1/34 138/14/34
f 139/15/35 132/9/35 141/5/35
f 139/15/35 141/5/35 140/16/35
f 140/16/35 141/5/35 131/8/35
f 140/16/35 131/8/35 142/17/35
f 138/14/34 127/1/34 143/4/34
f 138/14/34 143/4/34 144/18/34
f 153/1/36 145/2/36 146/3/36
f 153/1/36 146/3/36 161/4/36
f 157/5/37 149/6/37 147/7/37
f 157/5/37 147/7/37 159/8/37
f 156/9/37 148/10/37 149/6/37
f 156/9/37 149/6/37 157/5/37
f 150/11/36 151/12/36 145/2/36
f 150/11/36 145/2/36 153/1/36
f 152/13/36 150/11/36 153/1/36
f 152/13/36 153/1/36 154/14/36
f 155/15/37 156/9/37 157/5/37
f 155/15/37 157/5/37 158/16/37
f 158/16/37 157/5/37 159/8/37
f 158/16/37 159/8/37 160/17/37
f 154/14/36 153/1/36 161/4/36
f 154/14/36 161/4/36 162/18/36
f 163/37/38 164/38/38 165/39/38
f 163/37/38 165/39/38 166/40/38
f 167/41/39 168/42/39 169/43/39
f 167/41/39 169/43/39 170/44/39
f 171/45/40 172/46/40 173/47/40
f 171/45/40 173/47/40 174/48/40
f 175/49/41 176/50/41 177/51/41
f 175/49/41 177/51/41 178/52/41
f 179/47/42 180/48/42 181/45/42
f 179/47/42 181/45/42 182/46/42
f 183/53/43 184/54/43 185/55/43
f 183/53/43 185/55/43 186/56/43
f 187/57/44 188/58/44 189/59/44
f 187/57/44 189/59/44 190/60/44
f 191/61/45 192/62/45 193/63/45
f 191/61/45 193/63/45 194/64/45
f 195/65/46 196/66/46 197/67/46
f 195/65/46 197/67/46 198/68/46
f 199/69/47 200/70/47 201/71/47
f 199/69/47 201/71/47 202/72/47
f 203/65/46 204/66/46 205/67/46
f 203/65/46 205/67/46 206/68/46
f 207/69/47 208/70/47 209/71/47
f 207/69/47 209/71/47 210/72/47
f 211/57/44 212/58/44 213/59/44
f 211/57/44 213/59/44 214/60/44
f 215/61/45 216/62/45 217/63/45
f 215/61/45 217/63/45 218/64/45
f 219/47/42 220/48/42 221/45/42
f 219/47/42 221/45/42 222/46/42
f 223/53/43 224/54/43 225/55/43
f 223/53/43 225/55/43 226/56/43
f 227/73/48 228/74/48 229/75/48
f 227/73/48 229/75/48 230/76/48
f 231/77/49 232/78/49 233/79/49
f 231/77/49 233/79/49 234/80/49
f 235/65/50 236/66/50 237/67/50
f 235/65/50 237/67/50 238/68/50
f 239/81/51 240/82/51 241/83/51
f 239/81/51 241/83/51 242/84/51
f 243/85/52 244/86/52 245/87/52
f 243/85/52 245/87/52 246/88/52
f 247/69/53 248/70/53 249/71/53
f 247/69/53 249/71/53 250/72/53
f 251/85/53 252/86/53 253/87/53
f 251/85/53 253/87/53 254/88/53
f 255/69/52 256/70/52 257/71/52
f 255/69/52 257/71/52 258/72/52
f 259/65/51 260/66/51 261/67/51
f 259/65/51 261/67/51 262/68/51
f 263/81/50 264/82/50 265/83/50
f 263/81/50 265/83/50 266/84/50
f 267/73/49 268/74/49 269/75/49
f 267/73/49 269/75/49 270/76/49
f 271/77/48 272/78/48 273/79/48
f 271/77/48 273/79/48 274/80/48
f 275/47/54 276/48/54 277/45/54
f 275/47/54 277/45/54 278/46/54
f 279/53/55 280/54/55 281/55/55
f 279/53/55 281/55/55 282/56/55
f 283/57/45 284/58/45 285/59/45
f 283/57/45 285/59/45 286/60/45
f 287/61/44 288/62/44 289/63/44
f 287/61/44 289/63/44 290/64/44
f 291/65/47 292/66/47 293/67/47
f 291/65/47 293/67/47 294/68/47
f 295/69/46 296/70/46 297/71/46
f 295/69/46 297/71/46 298/72/46
f 299/65/47 300/66/47 301/67/47
f 299/65/47 301/67/47 302/68/47
f 303/69/46 304/70/46 305/71/46
f 303/69/46 305/71/46 306/72/46
f 307/57/45 308/58/45 309/59/45
f 307/57/45 309/59/45 310/60/45
f 311/61/44 312/62/44 313/63/44
f 311/61/44 313/63/44 314/64/44
f 315/47/54 316/48/54 317/45/54
f 315/47/54 317/45/54 318/46/54
f 319/53/55 320/54/55 321/55/55
f 319/53/55 321/55/55 322/56/55
f 323/73/49 324/74/49 325/75/49
f 323/73/49 325/75/49 326/76/49
f 327/77/48 328/78/48 329/79/48
f 327/77/48 329/79/48 330/80/48
f 331/65/51 332/66/51 333/67/51
f 331/65/51 333/67/51 334/68/51
f 335/81/50 336/82/50 337/83/50
f 335/81/50 337/83/50 338/84/50
f 339/85/53 340/86/53 341/87/53
f 339/85/53 341/87/53 342/88/53
f 343/69/52 344/70/52 345/71/52
f 343/69/52 345/71/52 346/72/52
f 347/85/53 348/86/53 349/87/53
f 347/85/53 349/87/53 350/88/53
f 351/69/52 352/70/52 353/71/52
f 351/69/52 353/71/52 354/72/52
f 355/65/51 356/66/51 357/67/51
f 355/65/51 357/67/51 358/68/51
f 359/81/50 360/82/50 361/83/50
f 359/81/50 361/83/50 362/84/50
f 363/73/49 364/74/49 365/75/49
f 363/73/49 365/75/49 366/76/49
f 367/77/48 368/78/48 369/79/48
f 367/77/48 369/79/48 370/80/48
f 371/45/56 372/46/56 373/47/56
f 371/45/56 373/47/56 374/48/56
f 375/49/57 376/50/57 377/51/57
f 375/49/57 377/51/57 378/52/57
f 379/37/58 380/38/58 381/39/58
f 379/37/58 381/39/58 382/40/58
f 383/41/59 384/42/59 385/43/59
f 383/41/59 385/43/59 386/44/59
f 387/47/54 388/48/54 389/45/54
f 387/47/54 389/45/54 390/46/54
f 391/53/55 392/54/55 393/55/55
f 391/53/55 393/55/55 394/56/55
f 395/89/60 396/90/60 397/91/60
f 395/89/60 397/91/60 398/92/60
f 399/93/61 400/94/61 401/95/61
f 399/93/62 401/95/62 402/96/62
f 403/97/63 404/98/63 405/99/63
f 403/97/63 405/99/63 406/100/63
f 406/100/64 405/99/64 407/101/64
f 406/100/65 407/101/65 408/102/65
f 408/102/66 407/101/66 400/94/66
f 408/102/67 400/94/67 399/93/67
f 409/103/60 410/104/60 411/105/60
f 409/103/60 411/105/60 412/106/60
f 412/106/60 411/105/60 413/107/60
f 412/106/60 413/107/60 414/108/60
f 414/108/60 413/107/60 396/90/60
f 414/108/60 396/90/60 395/89/60
f 415/57/45 416/58/45 417/59/45
f 415/57/45 417/59/45 418/60/45
f 419/61/44 420/62/44 421/63/44
f 419/61/44 421/63/44 422/64/44
f 423/65/47 424/66/47 425/67/47
f 423/65/47 425/67/47 426/68/47
f 427/69/46 428/70/46 429/71/46
f 427/69/46 429/71/46 430/72/46
f 431/65/47 432/66/47 433/67/47
f 431/65/47 433/67/47 434/68/47
f 435/69/46 436/70/46 437/71/46
f 435/69/46 437/71/46 438/72/46
f 439/57/45 440/58/45 441/59/45
f 439/57/45 441/59/45 442/60/45
f 443/61/44 444/62/44 445/63/44
f 443/61/44 445/63/44 446/64/44
f 447/89/68 448/90/68 449/91/68
f 447/89/68 449/91/68 450/92/68
f 451/93/69 452/94/69 453/95/69
f 451/93/70 453/95/70 454/96/70
f 455/97/71 456/98/71 457/99/71
f 455/97/71 457/99/71 458/100/71
f 458/100/72 457/99/72 459/101/72
f 458/100/73 459/101/73 460/102/73
f 460/102/74 459/101/74 452/94/74
f 460/102/74 452/94/74 451/93/74
f 461/103/68 462/104/68 463/105/68
f 461/103/68 463/105/68 464/106/68
f 464/106/68 463/105/68 465/107/68
f 464/106/68 465/107/68 466/108/68
f 466/108/68 465/107/68 448/90/68
f 466/108/68 448/90/68 447/89/68
f 467/47/54 468/48/54 469/45/54
f 467/47/54 469/45/54 470/46/54
f 471/53/55 472/54/55 473/55/55
f 471/53/55 473/55/55 474/56/55
f 475/37/58 476/38/58 477/39/58
f 475/37/58 477/39/58 478/40/58
f 479/41/59 480/42/59 481/43/59
f 479/41/59 481/43/59 482/44/59
f 483/45/56 484/46/56 485/47/56
f 483/45/56 485/47/56 486/48/56
f 487/49/57 488/50/57 489/51/57
f 487/49/57 489/51/57 490/52/57
f 491/73/49 492/74/49 493/75/49
f 491/73/49 493/75/49 494/76/49
f 495/77/48 496/78/48 497/79/48
f 495/77/48 497/79/48 498/80/48
f 499/65/51 500/66/51 501/67/51
f 499/65/51 501/67/51 502/68/51
f 503/81/50 504/82/50 505/83/50
f 503/81/50 505/83/50 506/84/50
f 507/85/53 508/86/53 509/87/53
f 507/85/53 509/87/53 510/88/53
f 511/69/52 512/70/52 513/71/52
f 511/69/52 513/71/52 514/72/52
f 515/85/53 516/86/53 517/87/53
f 515/85/53 517/87/53 518/88/53
f 519/69/52 520/70/52 521/71/52
f 519/69/52 521/71/52 522/72/52
f 523/65/51 524/66/51 525/67/51
f 523/65/51 525/67/51 526/68/51
f 527/81/50 528/82/50 529/83/50
f 527/81/50 529/83/50 530/84/50
f 531/73/49 532/74/49 533/75/49
f 531/73/49 533/75/49 534/76/49
f 535/77/48 536/78/48 537/79/48
f 535/77/48 537/79/48 538/80/48
f 539/47/54 540/48/54 541/45/54
f 539/47/54 541/45/54 542/46/54
f 543/53/55 544/54/55 545/55/55
f 543/53/55 545/55/55 546/56/55
f 547/57/45 548/58/45 549/59/45
f 547/57/45 549/59/45 550/60/45
f 551/61/44 552/62/44 553/63/44
f 551/61/44 553/63/44 554/64/44
f 555/65/47 556/66/47 557/67/47
f 555/65/47 557/67/47 558/68/47
f 559/69/46 560/70/46 561/71/46
f 559/69/46 561/71/46 562/72/46
f 563/65/47 564/66/47 565/67/47
f 563/65/47 565/67/47 566/68/47
f 567/69/46 568/70/46 569/71/46
f 567/69/46 569/71/46 570/72/46
f 571/57/45 572/58/45 573/59/45
f 571/57/45 573/59/45 574/60/45
f 575/61/44 576/62/44 577/63/44
f 575/61/44 577/63/44 578/64/44
f 579/47/54 580/48/54 581/45/54
f 579/47/54 581/45/54 582/46/54
f 583/53/55 584/54/55 585/55/55
f 583/53/55 585/55/55 586/56/55
f 587/73/49 588/74/49 589/75/49
f 587/73/49 589/75/49 590/76/49
f 591/77/48 592/78/48 593/79/48
f 591/77/48 593/79/48 594/80/48
f 595/65/51 596/66/51 597/67/51
f 595/65/51 597/67/51 598/68/51
f 599/81/50 600/82/50 601/83/50
f 599/81/50 601/83/50 602/84/50
f 603/85/53 604/86/53 605/87/53
f 603/85/53 605/87/53 606/88/53
f 607/69/52 608/70/52 609/71/52
f 607/69/52 609/71/52 610/72/52
f 611/85/53 612/86/53 613/87/53
f 611/85/53 613/87/53 614/88/53
f 615/69/52 616/70/52 617/71/52
f 615/69/52 617/71/52 618/72/52
f 619/65/51 620/66/51 621/67/51
f 619/65/51 621/67/51 622/68/51
f 623/81/50 624/82/50 625/83/50
f 623/81/50 625/83/50 626/84/50
f 627/73/49 628/74/49 629/75/49
f 627/73/49 629/75/49 630/76/49
f 631/77/48 632/78/48 633/79/48
f 631/77/48 633/79/48 634/80/48
f 635/47/54 636/48/54 637/45/54
f 635/47/54 637/45/54 638/46/54
f 639/53/55 640/54/55 641/55/55
f 639/53/55 641/55/55 642/56/55
f 643/57/45 644/58/45 645/59/45
f 643/57/45 645/59/45 646/60/45
f 647/61/44 648/62/44 649/63/44
f 647/61/44 649/63/44 650/64/44
f 651/65/47 652/66/47 653/67/47
f 651/65/47 653/67/47 654/68/47
f 655/69/46 656/70/46 657/71/46
f 655/69/46 657/71/46 658/72/46
f 659/65/47 660/66/47 661/67/47
f 659/65/47 661/67/47 662/68/47
f 663/69/46 664/70/46 665/71/46
f 663/69/46 665/71/46 666/72/46
f 667/57/45 668/58/45 669/59/45
f 667/57/45 669/59/45 670/60/45
f 671/61/44 672/62/44 673/63/44
f 671/61/44 673/63/44 674/64/44
f 675/47/54 676/48/54 677/45/54
f 675/47/54 677/45/54 678/46/54
f 679/53/55 680/54/55 681/55/55
f 679/53/55 681/55/55 682/56/55
f 683/73/49 684/74/49 685/75/49
f 683/73/49 685/75/49 686/76/49
f 687/77/48 688/78/48 689/79/48
f 687/77/48 689/79/48 690/80/48
f 691/65/51 692/66/51 693/67/51
f 691/65/51 693/67/51 694/68/51
f 695/81/50 696/82/50 697/83/50
f 695/81/50 697/83/50 698/84/50
f 699/85/53 700/86/53 701/87/53
f 699/85/53 701/87/53 702/88/53
f 703/69/52 704/70/52 705/71/52
f 703/69/52 705/71/52 706/72/52
f 707/85/53 708/86/53 709/87/53
f 707/85/53 709/87/53 710/88/53
f 711/69/52 712/70/52 713/71/52
f 711/69/52 713/71/52 714/72/52
f 715/65/51 716/66/51 717/67/51
f 715/65/51 717/67/51 718/68/51
f 719/81/50 720/82/50 721/83/50
f 719/81/50 721/83/50 722/84/50
f 723/73/49 724/74/49 725/75/49
f 723/73/49 725/75/49 726/76/49
f 727/77/48 728/78/48 729/79/48
f 727/77/48 729/79/48 730/80/48
f 731/45/56 732/46/56 733/47/56
f 731/45/56 733/47/56 734/48/56
f 735/49/57 736/50/57 737/51/57
f 735/49/57 737/51/57 738/52/57
f 739/37/58 740/38/58 741/39/58
f 739/37/58 741/39/58 742/40/58
f 743/41/59 744/42/59 745/43/59
f 743/41/59 745/43/59 746/44/59
f 747/47/54 748/48/54 749/45/54
f 747/47/54 749/45/54 750/46/54
f 751/53/55 752/54/55 753/55/55
f 751/53/55 753/55/55 754/56/55
f 755/89/68 756/90/68 757/91/68
f 755/89/68 757/91/68 758/92/68
f 759/93/69 760/94/69 761/95/69
f 759/93/70 761/95/70 762/96/70
f 763/97/71 764/98/71 765/99/71
f 763/97/71 765/99/71 766/100/71
f 766/100/72 765/99/72 767/101/72
f 766/100/73 767/101/73 768/102/73
f 768/102/75 767/101/75 760/94/75
f 768/102/74 760/94/74 759/93/74
f 769/103/68 770/104/68 771/105/68
f 769/103/68 771/105/68 772/106/68
f 772/106/68 771/105/68 773/107/68
f 772/106/68 773/107/68 774/108/68
f 774/108/68 773/107/68 756/90/68
f 774/108/68 756/90/68 755/89/68
f 775/57/45 776/58/45 777/59/45
f 775/57/45 777/59/45 778/60/45
f 779/61/44 780/62/44 781/63/44
f 779/61/44 781/63/44 782/64/44
f 783/65/47 784/66/47 785/67/47
f 783/65/47 785/67/47 786/68/47
f 787/69/46 788/70/46 789/71/46
f 787/69/46 789/71/46 790/72/46
f 800/1/76 797/2/76 791/3/76
f 800/1/77 791/3/77 807/4/77
f 795/109/78 794/110/78 792/111/78
f 795/109/79 792/111/79 804/112/79
f 802/113/80 793/114/80 794/110/80
f 802/113/81 794/110/81 795/109/81
f 799/11/82 796/12/82 797/2/82
f 799/11/83 797/2/83 800/1/83
f 798/13/84 799/11/84 800/1/84
f 798/13/76 800/1/76 806/14/76
f 801/115/85 802/113/85 795/109/85
f 801/115/78 795/109/78 803/116/78
f 803/116/86 795/109/86 804/112/86
f 803/116/80 804/112/80 805/117/80
f 806/14/87 800/1/87 807/4/87
f 806/14/82 807/4/82 808/18/82
f 809/1/88 819/2/88 810/3/88
f 809/1/76 810/3/76 811/4/76
f 823/118/78 816/119/78 812/120/78
f 823/118/78 812/120/78 813/121/78
f 814/122/78 815/123/78 816/119/78
f 814/122/78 816/119/78 823/118/78
f 817/11/88 818/12/88 819/2/88
f 817/11/76 819/2/76 809/1/76
f 820/13/76 817/11/76 809/1/76
f 820/13/76 809/1/76 821/14/76
f 822/124/78 814/122/78 823/118/78
f 822/124/78 823/118/78 824/125/78
f 824/125/78 823/118/78 813/121/78
f 824/125/78 813/121/78 825/126/78
f 821/14/76 809/1/76 811/4/76
f 821/14/76 811/4/76 826/18/76
f 827/1/89 835/2/89 828/3/89
f 827/1/90 828/3/90 843/4/90
f 838/118/91 832/119/91 829/120/91
f 838/118/91 829/120/91 840/121/91
f 830/122/91 831/123/91 832/119/91
f 830/122/91 832/119/91 838/118/91
f 833/11/90 834/12/90 835/2/90
f 833/11/90 835/2/90 827/1/90
f 836/13/90 833/11/90 827/1/90
f 836/13/90 827/1/90 842/14/90
f 837/124/91 830/122/91 838/118/91
f 837/124/91 838/118/91 839/125/91
f 839/125/91 838/118/91 840/121/91
f 839/125/91 840/121/91 841/126/91
f 842/14/90 827/1/90 843/4/90
f 842/14/90 843/4/90 844/18/90
f 856/1/90 853/2/90 845/3/90
f 856/1/90 845/3/90 846/4/90
f 847/5/91 851/6/91 848/7/91
f 847/5/92 848/7/92 860/8/92
f 849/9/91 850/10/91 851/6/91
f 849/9/91 851/6/91 847/5/91
f 855/11/90 852/12/90 853/2/90
f 855/11/89 853/2/89 856/1/89
f 854/13/89 855/11/89 856/1/89
f 854/13/90 856/1/90 857/14/90
f 858/15/91 849/9/91 847/5/91
f 858/15/91 847/5/91 859/16/91
f 859/16/91 847/5/91 860/8/91
f 859/16/91 860/8/91 861/17/91
f 857/14/90 856/1/90 846/4/90
f 857/14/90 846/4/90 862/18/90
f 863/19/93 864/20/93 865/21/93
f 863/19/94 865/21/94 866/22/94
f 867/23/95 868/24/95 869/25/95
f 867/23/96 869/25/96 870/26/96
f 871/27/11 872/28/11 868/24/11
f 871/27/97 868/24/97 867/23/97
f 873/29/9 874/30/9 864/20/9
f 873/29/98 864/20/98 863/19/98
f 875/31/99 873/29/99 863/19/99
f 875/31/100 863/19/100 876/32/100
f 877/33/101 871/27/101 867/23/101
f 877/33/102 867/23/102 878/34/102
f 878/34/103 867/23/103 870/26/103
f 878/34/11 870/26/11 879/35/11
f 876/32/104 863/19/104 866/22/104
f 876/32/9 866/22/9 880/36/9
f 881/19/105 882/20/105 883/21/105
f 881/19/106 883/21/106 884/22/106
f 885/23/107 886/24/107 887/25/107
f 885/23/108 887/25/108 888/26/108
f 889/27/9 890/28/9 886/24/9
f 889/27/109 886/24/109 885/23/109
f 891/29/11 892/30/11 882/20/11
f 891/29/110 882/20/110 881/19/110
f 893/31/111 891/29/111 881/19/111
f 893/31/112 881/19/112 894/32/112
f 895/33/113 889/27/113 885/23/113
f 895/33/114 885/23/114 896/34/114
f 896/34/115 885/23/115 888/26/115
f 896/34/9 888/26/9 897/35/9
f 894/32/116 881/19/116 884/22/116
f 894/32/11 884/22/11 898/36/11
f 914/1/117 899/2/117 900/3/117
f 914/1/117 900/3/117 915/4/117
f 910/5/118 904/6/118 901/7/118
f 910/5/118 901/7/118 912/8/118
f 902/9/119 903/10/119 904/6/119
f 902/9/118 904/6/118 910/5/118
f 905/11/117 906/12/117 899/2/117
f 905/11/117 899/2/117 914/1/117
f 907/13/120 905/11/120 914/1/120
f 907/13/117 914/1/117 908/14/117
f 909/15/118 902/9/118 910/5/118
f 909/15/119 910/5/119 911/16/119
f 911/16/118 910/5/118 912/8/118
f 911/16/118 912/8/118 913/17/118
f 908/14/117 914/1/117 915/4/117
f 908/14/117 915/4/117 916/18/117
f 926/1/117 924/2/117 917/3/117
f 926/1/117 917/3/117 933/4/117
f 928/5/118 921/6/118 918/7/118
f 928/5/118 918/7/118 930/8/118
f 919/9/118 920/10/118 921/6/118
f 919/9/118 921/6/118 928/5/118
f 922/11/117 923/12/117 924/2/117
f 922/11/117 924/2/117 926/1/117
f 925/13/117 922/11/117 926/1/117
f 925/13/117 926/1/117 932/14/117
f 927/15/118 919/9/118 928/5/118
f 927/15/118 928/5/118 929/16/118
f 929/16/118 928/5/118 930/8/118
f 929/16/118 930/8/118 931/17/118
f 932/14/117 926/1/117 933/4/117
f 932/14/117 933/4/117 934/18/117
f 943/1/120 942/2/120 935/3/120
f 943/1/117 935/3/117 951/4/117
f 936/5/118 937/6/118 938/7/118
f 936/5/118 938/7/118 948/8/118
f 939/9/118 940/10/118 937/6/118
f 939/9/118 937/6/118 936/5/118
f 945/11/117 941/12/117 942/2/117
f 945/11/117 942/2/117 943/1/117
f 944/13/117 945/11/117 943/1/117
f 944/13/117 943/1/117 950/14/117
f 946/15/118 939/9/118 936/5/118
f 946/15/119 936/5/119 947/16/119
f 947/16/119 936/5/119 948/8/119
f 947/16/118 948/8/118 949/17/118
f 950/14/117 943/1/117 951/4/117
f 950/14/117 951/4/117 952/18/117
f 953/1/120 963/2/120 954/3/120
f 953/1/117 954/3/117 969/4/117
f 955/5/118 960/6/118 956/7/118
f 955/5/118 956/7/118 957/8/118
f 958/9/118 959/10/118 960/6/118
f 958/9/118 960/6/118 955/5/118
f 961/11/117 962/12/117 963/2/117
f 961/11/117 963/2/117 953/1/117
f 964/13/120 961/11/120 953/1/120
f 964/13/117 953/1/117 968/14/117
f 965/15/118 958/9/118 955/5/118
f 965/15/121 955/5/121 966/16/121
f 966/16/122 955/5/122 957/8/122
f 966/16/118 957/8/118 967/17/118
f 968/14/117 953/1/117 969/4/117
f 968/14/117 969/4/117 970/18/117
f 981/1/117 979/2/117 971/3/117
f 981/1/117 971/3/117 987/4/117
f 972/5/118 976/6/118 973/7/118
f 972/5/119 973/7/119 985/8/119
f 974/9/118 975/10/118 976/6/118
f 974/9/118 976/6/118 972/5/118
f 977/11/117 978/12/117 979/2/117
f 977/11/117 979/2/117 981/1/117
f 980/13/117 977/11/117 981/1/117
f 980/13/117 981/1/117 982/14/117
f 983/15/119 974/9/119 972/5/119
f 983/15/118 972/5/118 984/16/118
f 984/16/118 972/5/118 985/8/118
f 984/16/118 985/8/118 986/17/118
f 982/14/117 981/1/117 987/4/117
f 982/14/117 987/4/117 988/18/117
f 1004/1/117 995/2/117 989/3/117
f 1004/1/117 989/3/117 1005/4/117
f 990/5/118 993/6/118 991/7/118
f 990/5/119 991/7/119 1001/8/119
f 999/9/118 992/10/118 993/6/118
f 999/9/118 993/6/118 990/5/118
f 997/11/117 994/12/117 995/2/117
f 997/11/117 995/2/117 1004/1/117
f 996/13/120 997/11/120 1004/1/120
f 996/13/117 1004/1/117 1003/14/117
f 998/15/118 999/9/118 990/5/118
f 998/15/119 990/5/119 1000/16/119
f 1000/16/118 990/5/118 1001/8/118
f 1000/16/118 1001/8/118 1002/17/118
f 1003/14/117 1004/1/117 1005/4/117
f 1003/14/117 1005/4/117 1006/18/117
f 1007/1/117 1017/2/117 1008/3/117
f 1007/1/117 1008/3/117 1009/4/117
f 1014/5/118 1013/6/118 1010/7/118
f 1014/5/118 1010/7/118 1021/8/118
f 1011/9/118 1012/10/118 1013/6/118
f 1011/9/118 1013/6/118 1014/5/118
f 1015/11/117 1016/12/117 1017/2/117
f 1015/11/117 1017/2/117 1007/1/117
f 1018/13/117 1015/11/117 1007/1/117
f 1018/13/117 1007/1/117 1023/14/117
f 1019/15/118 1011/9/118 1014/5/118
f 1019/15/118 1014/5/118 1020/16/118
f 1020/16/118 1014/5/118 1021/8/118
f 1020/16/118 1021/8/118 1022/17/118
f 1023/14/117 1007/1/117 1009/4/117
f 1023/14/117 1009/4/117 1024/18/117
f 1041/1/117 1032/2/117 1025/3/117
f 1041/1/117 1025/3/117 1026/4/117
f 1036/5/118 1030/6/118 1027/7/118
f 1036/5/118 1027/7/118 1038/8/118
f 1028/9/118 1029/10/118 1030/6/118
f 1028/9/118 1030/6/118 1036/5/118
f 1034/11/117 1031/12/117 1032/2/117
f 1034/11/120 1032/2/120 1041/1/120
f 1033/13/117 1034/11/117 1041/1/117
f 1033/13/117 1041/1/117 1040/14/117
f 1035/15/118 1028/9/118 1036/5/118
f 1035/15/119 1036/5/119 1037/16/119
f 1037/16/118 1036/5/118 1038/8/118
f 1037/16/118 1038/8/118 1039/17/118
f 1040/14/117 1041/1/117 1026/4/117
f 1040/14/117 1026/4/117 1042/18/117
f 1043/1/117 1051/2/117 1044/3/117
f 1043/1/117 1044/3/117 1059/4/117
f 1045/5/118 1046/6/118 1047/7/118
f 1045/5/118 1047/7/118 1056/8/118
f 1048/9/119 1049/10/119 1046/6/119
f 1048/9/118 1046/6/118 1045/5/118
f 1053/11/120 1050/12/120 1051/2/120
f 1053/11/117 1051/2/117 1043/1/117
f 1052/13/117 1053/11/117 1043/1/117
f 1052/13/117 1043/1/117 1058/14/117
f 1054/15/118 1048/9/118 1045/5/118
f 1054/15/119 1045/5/119 1055/16/119
f 1055/16/118 1045/5/118 1056/8/118
f 1055/16/118 1056/8/118 1057/17/118
f 1058/14/120 1043/1/120 1059/4/120
f 1058/14/117 1059/4/117 1060/18/117
f 1070/1/117 1068/2/117 1061/3/117
f 1070/1/117 1061/3/117 1077/4/117
f 1075/5/118 1065/6/118 1062/7/118
f 1075/5/118 1062/7/118 1063/8/118
f 1073/9/118 1064/10/118 1065/6/118
f 1073/9/118 1065/6/118 1075/5/118
f 1066/11/120 1067/12/120 1068/2/120
f 1066/11/117 1068/2/117 1070/1/117
f 1069/13/117 1066/11/117 1070/1/117
f 1069/13/117 1070/1/117 1071/14/117
f 1072/15/119 1073/9/119 1075/5/119
f 1072/15/119 1075/5/119 1074/16/119
f 1074/16/118 1075/5/118 1063/8/118
f 1074/16/118 1063/8/118 1076/17/118
f 1071/14/120 1070/1/120 1077/4/120
f 1071/14/117 1077/4/117 1078/18/117
f 1079/1/117 1080/2/117 1081/3/117
f 1079/1/120 1081/3/120 1095/4/120
f 1090/5/118 1084/6/118 1082/7/118
f 1090/5/119 1082/7/119 1092/8/119
f 1089/9/119 1083/10/119 1084/6/119
f 1089/9/118 1084/6/118 1090/5/118
f 1087/11/117 1085/12/117 1080/2/117
f 1087/11/120 1080/2/120 1079/1/120
f 1086/13/117 1087/11/117 1079/1/117
f 1086/13/117 1079/1/117 1094/14/117
f 1088/15/119 1089/9/119 1090/5/119
f 1088/15/119 1090/5/119 1091/16/119
f 1091/16/118 1090/5/118 1092/8/118
f 1091/16/118 1092/8/118 1093/17/118
f 1094/14/117 1079/1/117 1095/4/117
f 1094/14/117 1095/4/117 1096/18/117
f 1112/1/117 1097/2/117 1098/3/117
f 1112/1/117 1098/3/117 1113/4/117
f 1107/5/118 1102/6/118 1099/7/118
f 1107/5/118 1099/7/118 1109/8/118
f 1100/9/118 1101/10/118 1102/6/118
f 1100/9/118 1102/6/118 1107/5/118
f 1105/11/117 1103/12/117 1097/2/117
f 1105/11/120 1097/2/120 1112/1/120
f 1104/13/117 1105/11/117 1112/1/117
f 1104/13/120 1112/1/120 1111/14/120
f 1106/15/118 1100/9/118 1107/5/118
f 1106/15/119 1107/5/119 1108/16/119
f 1108/16/118 1107/5/118 1109/8/118
f 1108/16/118 1109/8/118 1110/17/118
f 1111/14/117 1112/1/117 1113/4/117
f 1111/14/117 1113/4/117 1114/18/117
f 1125/1/117 1123/2/117 1115/3/117
f 1125/1/120 1115/3/120 1131/4/120
f 1116/5/119 1120/6/119 1117/7/119
f 1116/5/118 1117/7/118 1129/8/118
f 1118/9/118 1119/10/118 1120/6/118
f 1118/9/118 1120/6/118 1116/5/118
f 1121/11/117 1122/12/117 1123/2/117
f 1121/11/120 1123/2/120 1125/1/120
f 1124/13/117 1121/11/117 1125/1/117
f 1124/13/117 1125/1/117 1126/14/117
f 1127/15/118 1118/9/118 1116/5/118
f 1127/15/119 1116/5/119 1128/16/119
f 1128/16/118 1116/5/118 1129/8/118
f 1128/16/118 1129/8/118 1130/17/118
f 1126/14/120 1125/1/120 1131/4/120
f 1126/14/120 1131/4/120 1132/18/120
f 1144/1/117 1142/2/117 1133/3/117
f 1144/1/120 1133/3/120 1134/4/120
f 1139/5/118 1135/6/118 1136/7/118
f 1139/5/118 1136/7/118 1148/8/118
f 1137/9/119 1138/10/119 1135/6/119
f 1137/9/119 1135/6/119 1139/5/119
f 1140/11/117 1141/12/117 1142/2/117
f 1140/11/120 1142/2/120 1144/1/120
f 1143/13/120 1140/11/120 1144/1/120
f 1143/13/117 1144/1/117 1145/14/117
f 1146/15/119 1137/9/119 1139/5/119
f 1146/15/119 1139/5/119 1147/16/119
f 1147/16/118 1139/5/118 1148/8/118
f 1147/16/118 1148/8/118 1149/17/118
f 1145/14/120 1144/1/120 1134/4/120
f 1145/14/117 1134/4/117 1150/18/117
f 1151/19/105 1152/20/105 1153/21/105
f 1151/19/106 1153/21/106 1154/22/106
f 1155/23/107 1156/24/107 1157/25/107
f 1155/23/108 1157/25/108 1158/26/108
f 1159/27/9 1160/28/9 1156/24/9
f 1159/27/109 1156/24/109 1155/23/109
f 1161/29/11 1162/30/11 1152/20/11
f 1161/29/110 1152/20/110 1151/19/110
f 1163/31/111 1161/29/111 1151/19/111
f 1163/31/123 1151/19/123 1164/32/123
f 1165/33/113 1159/27/113 1155/23/113
f 1165/33/114 1155/23/114 1166/34/114
f 1166/34/115 1155/23/115 1158/26/115
f 1166/34/9 1158/26/9 1167/35/9
f 1164/32/116 1151/19/116 1154/22/116
f 1164/32/11 1154/22/11 1168/36/11
f 1169/19/93 1170/20/93 1171/21/93
f 1169/19/94 1171/21/94 1172/22/94
f 1173/23/95 1174/24/95 1175/25/95
f 1173/23/96 1175/25/96 1176/26/96
f 1177/27/11 1178/28/11 1174/24/11
f 1177/27/97 1174/24/97 1173/23/97
f 1179/29/9 1180/30/9 1170/20/9
f 1179/29/98 1170/20/98 1169/19/98
f 1181/31/99 1179/29/99 1169/19/99
f 1181/31/100 1169/19/100 1182/32/100
f 1183/33/101 1177/27/101 1173/23/101
f 1183/33/102 1173/23/102 1184/34/102
f 1184/34/124 1173/23/124 1176/26/124
f 1184/34/11 1176/26/11 1185/35/11
f 1182/32/104 1169/19/104 1172/22/104
f 1182/32/9 1172/22/9 1186/36/9
o Object.2
v 14.407821 5.174523 -1.112087
v 15.342503 6.160536 -1.428251
v 13.493951 4.229028 -1.381785
v 14.315200 5.284292 -1.101792
v 15.341814 6.144691 -1.279022
v 14.325145 5.289125 -1.251688
v 13.483335 4.208359 -1.082917
v 13.484023 4.224204 -1.232146
v 15.434525 6.050099 -1.426162
v 14.500004 5.063897 -1.109994
v 13.391310 4.318795 -1.085006
v 15.516373 5.919848 -1.137572
v 14.418015 5.194372 -1.399081
v 14.510638 5.084603 -1.409376
v 13.298848 4.428376 -1.074728
v 13.308778 4.433200 -1.224368
v 14.325835 5.304998 -1.401174
v 13.309464 4.449046 -1.373597
v 15.517059 5.935693 -1.286800
v 14.500693 5.079769 -1.259480
v 15.526988 5.940519 -1.436440
v 13.401488 4.338610 -1.371507
v 15.424350 6.030284 -1.139661
v 15.331886 6.139866 -1.129383
v 0.296832 5.548109 -1.791312
v -0.100869 5.557404 1.728581
v 0.114729 5.922368 -1.791312
v -0.074270 5.935534 -1.791312
v 0.088495 5.563277 1.728581
v -0.089410 5.747319 1.728581
v -0.093608 5.937536 1.728581
v 0.292634 5.738326 -1.791312
v 0.304092 5.928241 -1.791312
v 0.284150 5.924484 0.841201
v 0.283545 5.918725 -0.046180
v -0.069511 5.746122 -0.017447
v 0.098358 5.572462 -0.031085
v 0.107832 5.561275 -1.791312
v 0.104866 5.913184 -0.031646
v -0.083540 5.931572 0.855720
v -0.070072 5.745318 -1.791312
v -0.081530 5.555403 -1.791312
v -0.080322 5.566920 -0.016551
v 0.272733 5.739524 -0.045284
v 0.100129 5.918777 0.848468
v 0.097760 5.921574 1.288525
v 0.284452 5.927363 1.284891
v 0.273155 5.740128 1.285115
v 0.273015 5.739926 0.841649
v -0.073472 5.925607 -0.017141
v 0.276695 5.560038 -0.045590
v -0.090596 5.562162 0.856015
v 0.284603 5.928803 1.506736
v -0.088575 5.934555 1.292151
v -0.084436 5.747020 1.292074
v 0.277094 5.555075 0.841496
v 0.277295 5.552593 1.285038
v 0.093426 5.567870 0.848748
v 0.090961 5.565574 1.288664
v -0.079460 5.746721 0.855567
v -0.095732 5.559783 1.292298
v 0.273260 5.740278 1.617714
v 0.277394 5.551352 1.506810
v 0.284678 5.929523 1.617658
v 0.096575 5.922972 1.508553
v 0.273225 5.740227 1.506848
v 0.089728 5.564426 1.508623
v -0.098300 5.558594 1.510440
v 0.284716 5.929883 1.673120
v 0.095983 5.923671 1.618567
v 0.273277 5.740303 1.673148
v -0.091092 5.936045 1.510366
v -0.086923 5.747170 1.510328
v -0.092350 5.936791 1.619474
v -0.099585 5.558000 1.619510
v -0.088166 5.747245 1.619454
v 0.273295 5.740328 1.728581
v 0.277494 5.550110 1.728581
v 0.277469 5.550421 1.673138
v 0.095391 5.924370 1.728581
v 0.284754 5.930243 1.728581
v 0.095687 5.924021 1.673574
v -0.088789 5.747283 1.674018
v -0.092980 5.937164 1.674028
v 0.277444 5.550731 1.617695
v 0.089111 5.563852 1.618602
v 0.088803 5.563564 1.673591
v -0.100227 5.557703 1.674046
v 9.100790 7.416649 -1.209414
v 9.062461 7.416650 -1.331717
v 9.067863 8.577900 -1.337119
v 9.112750 8.577899 -1.209414
v 8.779523 7.416649 -1.209414
v 8.817854 7.416649 -1.331717
v 8.811401 6.255399 -1.338170
v 8.768859 6.255399 -1.209414
v 8.940156 7.416649 -1.050466
v 8.940157 8.577900 -1.037915
v 8.812452 8.577900 -1.081709
v 8.817854 7.416649 -1.087111
v 8.940157 7.416650 -1.368362
v 8.940157 6.255399 -1.379237
v 9.062460 7.416650 -1.087111
v 9.067863 8.577899 -1.081709
v 8.811402 6.255399 -1.080659
v 9.068913 6.255399 -1.080659
v 9.111455 6.255399 -1.209414
v 8.767564 8.577900 -1.209414
v 8.940157 6.255399 -1.039592
v 8.940156 8.577900 -1.380912
v 8.812452 8.577901 -1.337119
v 9.068912 6.255399 -1.338170
v 8.940157 7.416649 1.110196
v 9.062461 7.416649 1.148526
v 8.940158 6.255398 1.098235
v 8.940158 7.416649 1.431463
v 9.062461 7.416649 1.393132
v 9.068913 8.577899 1.399585
v 8.940157 8.577899 1.442127
v 8.781210 7.416649 1.270829
v 8.768660 6.255398 1.270829
v 8.812453 6.255398 1.398534
v 8.817855 7.416648 1.393132
v 9.099105 7.416649 1.270829
v 9.109981 8.577899 1.270830
v 8.817854 7.416648 1.148527
v 8.812454 6.255398 1.143124
v 8.811402 8.577900 1.399585
v 8.811402 8.577899 1.142074
v 8.940157 8.577899 1.099532
v 8.940157 6.255398 1.443423
v 8.770335 8.577899 1.270830
v 9.067863 6.255398 1.143124
v 9.111655 6.255398 1.270829
v 9.067863 6.255398 1.398534
v 9.068913 8.577899 1.142074
v -8.675198 7.416648 1.110200
v -8.547492 6.255398 1.143128
v -8.675198 6.255398 1.098240
v -8.675198 8.345649 1.439999
v -8.547734 8.345649 1.398299
v -8.546443 8.577899 1.399589
v -8.675198 8.577899 1.442132
v -8.834145 7.416649 1.270833
v -8.846698 6.255398 1.270833
v -8.802902 6.255398 1.398538
v -8.797501 7.416649 1.393136
v -8.507550 8.345649 1.270834
v -8.505376 8.577899 1.270833
v -8.546444 8.577899 1.142078
v -8.797501 7.416649 1.148530
v -8.802902 6.255397 1.143128
v -8.802663 8.345649 1.398299
v -8.803954 8.577899 1.399589
v -8.798791 7.648898 1.147240
v -8.675198 7.648898 1.108067
v -8.675198 6.255398 1.443427
v -8.675197 7.416649 1.431467
v -8.836321 7.648898 1.270833
v -8.552895 7.416649 1.148530
v -8.516251 7.416648 1.270833
v -8.503697 6.255397 1.270833
v -8.552895 7.416648 1.393136
v -8.547494 6.255398 1.398538
v -8.798791 7.648898 1.394427
v -8.551604 7.648899 1.147240
v -8.675199 8.577899 1.099536
v -8.547733 8.345649 1.143369
v -8.675198 8.345649 1.101669
v -8.549024 8.113399 1.144659
v -8.675198 8.113399 1.103802
v -8.550313 7.881148 1.145950
v -8.675198 7.881149 1.105934
v -8.845022 8.577899 1.270834
v -8.842846 8.345649 1.270834
v -8.840672 8.113399 1.270833
v -8.801373 8.113399 1.397008
v -8.838496 7.881149 1.270834
v -8.800081 7.881148 1.395718
v -8.803953 8.577899 1.142078
v -8.802662 8.345649 1.143369
v -8.801373 8.113400 1.144659
v -8.800082 7.881149 1.145950
v -8.675198 7.648898 1.433600
v -8.675198 7.881147 1.435733
v -8.675197 8.113399 1.437866
v -8.514075 7.648898 1.270833
v -8.511899 7.881148 1.270833
v -8.509727 8.113399 1.270833
v -8.551604 7.648898 1.394427
v -8.550313 7.881148 1.395717
v -8.549024 8.113399 1.397008
v -8.514565 7.416649 -1.209410
v -8.552895 7.416649 -1.331713
v -8.502604 8.577900 -1.209409
v -8.835832 7.416650 -1.209410
v -8.797501 7.416650 -1.331713
v -8.803953 6.255398 -1.338166
v -8.846496 6.255398 -1.209410
v -8.675198 7.416650 -1.050462
v -8.675199 8.577899 -1.037911
v -8.802902 8.577900 -1.081705
v -8.797501 7.416649 -1.087107
v -8.675198 7.416649 -1.368358
v -8.675198 6.255398 -1.379232
v -8.552895 7.416649 -1.087107
v -8.547494 8.577900 -1.081705
v -8.803954 6.255398 -1.080655
v -8.546444 6.255398 -1.080655
v -8.503900 6.255398 -1.209410
v -8.847793 8.577900 -1.209409
v -8.675198 6.255399 -1.039588
v -8.547494 8.577899 -1.337114
v -8.675198 8.577900 -1.380908
v -8.802903 8.577900 -1.337114
v -8.546442 6.255399 -1.338165
v 14.409829 5.185305 1.367405
v 13.303085 4.445214 1.423201
v 15.338230 6.143738 1.096409
v 15.430359 6.033743 1.103063
v 14.500711 5.079745 1.263919
v 14.325129 5.289145 1.259907
v 14.317275 5.295563 1.369846
v 15.339633 6.139122 1.206371
v 13.487610 4.225152 1.427417
v 13.486207 4.229768 1.317456
v 15.522757 5.923676 1.100625
v 13.395480 4.335146 1.420763
v 14.502116 5.075123 1.374070
v 13.494046 4.223361 1.207705
v 14.416012 5.183585 1.156422
v 15.516317 5.925467 1.320338
v 15.514915 5.930082 1.210376
v 13.310925 4.438808 1.313450
v 14.323724 5.293768 1.149756
v 14.508565 5.073328 1.153980
v 13.401651 4.333429 1.210143
v 13.309523 4.443423 1.203489
v 15.424190 6.035460 1.313683
v 15.331793 6.145528 1.316121
v -15.021439 5.180233 -1.112080
v -14.080369 4.242174 -1.085000
v -15.144271 5.087186 -1.401167
v -14.935138 5.281009 -1.259473
v -13.994219 4.342776 -1.232139
v -14.940821 5.290496 -1.409369
v -16.085163 6.025421 -1.428244
v -16.063644 6.016646 -1.129375
v -16.069319 6.026118 -1.279014
v -13.978374 4.343472 -1.082910
v -15.983167 6.126720 -1.426154
v -15.882062 6.228382 -1.436432
v -13.999889 4.352247 -1.381779
v -15.042099 5.188660 -1.399074
v -15.860543 6.219607 -1.137564
v -14.919268 5.281705 -1.109987
v -14.181477 4.140510 -1.074722
v -15.122715 5.078397 -1.101784
v -15.128400 5.087883 -1.251681
v -14.187148 4.149981 -1.224361
v -15.876388 6.218911 -1.286793
v -14.100997 4.250585 -1.371500
v -14.202994 4.149285 -1.373590
v -15.962539 6.118309 -1.139653
v -15.031182 5.187599 1.156429
v -16.068056 6.022628 1.096416
v -13.994256 4.352833 1.207712
v -15.128420 5.087862 1.259914
v -16.069283 6.016057 1.316128
v -16.063581 6.024428 1.206378
v -13.995480 4.346265 1.427424
v -13.999955 4.344466 1.317462
v -14.935117 5.281030 1.263927
v -15.966513 6.123993 1.103070
v -15.032355 5.181292 1.367411
v -14.097025 4.244898 1.420770
v -15.866138 6.219060 1.320345
v -15.967685 6.117694 1.313691
v -14.930634 5.282832 1.374077
v -14.095851 4.251196 1.210149
v -14.198622 4.143262 1.423207
v -14.192924 4.151630 1.313456
v -15.132902 5.086060 1.149763
v -14.197398 4.149830 1.203495
v -15.870614 6.217260 1.210384
v -14.929410 5.289412 1.153987
v -15.864915 6.225631 1.100633
v -15.134127 5.079479 1.369853
v 13.080058 6.276048 0.680902
v 13.100365 6.276048 1.338644
v 13.512047 6.174179 -0.621489
v 13.544190 6.174180 -1.255868
v 13.467779 6.276048 1.345920
v 13.511829 6.276048 0.690739
v 13.073245 6.174179 -0.632694
v 13.100365 6.174179 1.338644
v 13.080058 6.174179 0.680901
v 13.511829 6.174179 0.690739
v 13.467780 6.174179 1.345920
v 13.065403 6.174179 0.024067
v 13.073246 6.276048 -0.632694
v 13.512047 6.276049 -0.621489
v 13.544189 6.276049 -1.255868
v 13.504206 6.174179 0.035272
v 13.504206 6.276048 0.035272
v 13.174378 6.276048 -1.361755
v 13.174378 6.174179 -1.361755
v 13.065403 6.276048 0.024067
v 13.576344 6.258876 0.689622
v 13.994604 6.180689 -0.711455
v 13.687916 6.258876 1.355383
v 14.018842 6.258876 1.365372
v 14.008135 6.258876 0.701777
v 13.609297 6.180689 -0.564880
v 13.644128 6.180689 -1.310288
v 13.914939 6.180690 -1.339043
v 13.687916 6.180689 1.355383
v 13.576345 6.180690 0.689622
v 14.008136 6.180689 0.701777
v 14.018841 6.180689 1.365372
v 13.558758 6.180690 0.023229
v 13.609297 6.258876 -0.564880
v 13.994603 6.258875 -0.711456
v 13.914939 6.258876 -1.339044
v 13.997586 6.258875 0.036807
v 13.997587 6.180689 0.036807
v 13.644128 6.258876 -1.310288
v 13.558758 6.258876 0.023229
v 17.665100 6.275002 0.733456
v 18.170069 6.170247 -0.587130
v 18.165861 6.170247 -1.310617
v 18.165861 6.275002 -1.310617
v 17.653728 6.275002 1.401032
v 18.067270 6.275002 1.411036
v 17.699211 6.170247 -1.269273
v 17.653730 6.170248 1.401032
v 17.665100 6.170247 0.733456
v 18.067268 6.170247 1.411036
v 18.164545 6.170246 0.080835
v 17.699211 6.275002 -1.269272
v 17.710760 6.275002 -0.600174
v 18.170071 6.275002 -0.587129
v 17.705235 6.275001 0.067790
v 18.078638 6.170247 0.743460
v 18.078638 6.275002 0.743460
v 18.164545 6.275003 0.080835
v 17.710760 6.170247 -0.600174
v 17.705235 6.170247 0.067790
v 18.199774 6.254352 -1.306105
v 18.199774 6.172858 -1.306105
v 18.204319 6.172858 1.364041
v 18.204319 6.254351 1.364041
v 18.639153 6.172857 1.365517
v 18.634607 6.172857 -1.304629
v 18.639153 6.254350 1.365517
v 18.634609 6.254351 -1.304629
v 17.132990 6.253809 -1.305899
v 17.132990 6.168885 -1.305899
v 17.134619 6.168886 1.365979
v 17.636566 6.168885 1.365311
v 17.134621 6.253808 1.365978
v 17.636566 6.253809 1.365311
v 17.634937 6.253809 -1.306566
v 17.634935 6.168886 -1.306566
v 14.586143 6.168885 1.365312
v 14.584514 6.168885 -1.306566
v 14.584514 6.253809 -1.306566
v 14.082566 6.253809 -1.305899
v 14.084198 6.253808 1.365979
v 14.586144 6.253808 1.365312
v 14.084198 6.168886 1.365979
v 14.082566 6.168886 -1.305898
v 15.153893 6.172859 1.364041
v 15.153892 6.254352 1.364041
v 15.588725 6.172859 1.365518
v 15.584179 6.172859 -1.304629
v 15.584179 6.254352 -1.304629
v 15.149347 6.254352 -1.306105
v 15.588725 6.254351 1.365517
v 15.149346 6.172859 -1.306105
v 14.614677 6.275002 0.733456
v 14.614677 6.170246 0.733456
v 14.603307 6.275002 1.401032
v 15.119647 6.275002 -0.587129
v 15.119647 6.170246 -0.587130
v 15.115437 6.170246 -1.310617
v 14.648788 6.170247 -1.269272
v 14.603307 6.170246 1.401032
v 15.028217 6.170247 0.743460
v 15.016848 6.170246 1.411036
v 15.115438 6.275002 -1.310617
v 15.114121 6.275002 0.080835
v 15.016848 6.275002 1.411036
v 15.028217 6.275002 0.743460
v 15.114121 6.170246 0.080835
v 14.648787 6.275002 -1.269272
v 14.660337 6.170247 -0.600174
v 14.660336 6.275002 -0.600174
v 14.654810 6.170246 0.067791
v 14.654810 6.275001 0.067790
v 16.620594 6.277624 -1.302370
v 16.624956 6.176644 1.350496
v 17.106731 6.277624 1.350020
v 17.106730 6.176643 1.350020
v 17.102367 6.176643 -1.302846
v 16.624958 6.277624 1.350496
v 17.102367 6.277625 -1.302846
v 16.620592 6.176642 -1.302370
v 16.007315 6.175077 -1.297335
v 16.007315 6.274684 -1.297335
v 16.014648 6.175077 1.351682
v 15.637558 6.175076 1.356748
v 15.630223 6.175077 -1.292269
v 16.014648 6.274684 1.351682
v 15.630223 6.274683 -1.292269
v 15.637559 6.274683 1.356748
v 16.055223 6.263982 -1.336791
v 16.583933 6.263981 1.407966
v 16.583933 6.176757 1.407966
v 16.582573 6.176758 -1.337904
v 16.582573 6.263981 -1.337904
v 16.056581 6.263981 1.409079
v 16.056581 6.176757 1.409079
v 16.055223 6.176758 -1.336791
v 10.029628 6.176760 1.387680
v 10.028267 6.176760 -1.358190
v 9.500917 6.263984 -1.357077
v 9.502278 6.263983 1.388793
v 10.029628 6.263984 1.387680
v 10.028267 6.263983 -1.358190
v 9.502278 6.176760 1.388793
v 9.500917 6.176761 -1.357077
v 10.070201 6.175077 -1.300793
v 10.454626 6.274683 1.343158
v 10.454626 6.175076 1.343158
v 10.077535 6.175076 1.348224
v 10.447293 6.175076 -1.305858
v 10.070201 6.274683 -1.300793
v 10.077535 6.274683 1.348224
v 10.447293 6.274683 -1.305858
v 9.459893 6.277626 -1.299607
v 8.978119 6.277626 -1.299131
v 8.978119 6.176646 -1.299131
v 8.982482 6.176645 1.353735
v 9.464256 6.277626 1.353259
v 8.982483 6.277626 1.353735
v 9.459892 6.176645 -1.299607
v 9.464256 6.176645 1.353259
v 11.470176 6.275005 -0.682567
v 11.470175 6.170249 -0.682567
v 10.965206 6.170249 0.638018
v 10.969415 6.170249 1.361506
v 10.969417 6.275005 1.361506
v 11.481545 6.275005 -1.350143
v 11.068006 6.275005 -1.360147
v 11.424518 6.170250 0.651063
v 11.436066 6.170249 1.320161
v 11.481545 6.170249 -1.350143
v 11.430043 6.170250 -0.016902
v 11.424518 6.275005 0.651063
v 10.965205 6.275005 0.638019
v 11.430043 6.275005 -0.016902
v 10.970731 6.275005 -0.029946
v 11.068007 6.170249 -1.360147
v 11.056637 6.170249 -0.692571
v 11.056637 6.275005 -0.692571
v 10.970732 6.170250 -0.029946
v 11.436066 6.275005 1.320161
v 10.935504 6.254353 1.356994
v 10.930959 6.172860 -1.313153
v 10.496126 6.254353 -1.314629
v 10.496126 6.172860 -1.314629
v 10.500671 6.172860 1.355518
v 10.500671 6.254354 1.355518
v 10.930959 6.254353 -1.313153
v 10.935504 6.172859 1.356994
v 12.002283 6.253809 1.356787
v 12.002283 6.168886 1.356787
v 12.000651 6.168886 -1.315090
v 12.000653 6.253809 -1.315090
v 11.498705 6.253809 -1.314423
v 11.498704 6.168887 -1.314423
v 11.500336 6.253809 1.357454
v 11.500335 6.168886 1.357455
v 8.951860 6.253810 1.356788
v 8.950230 6.253811 -1.315089
v 8.448283 6.253811 -1.314422
v 8.449915 6.253810 1.357455
v 8.950230 6.168887 -1.315089
v 8.951860 6.168887 1.356788
v 8.449914 6.168887 1.357455
v 8.448283 6.168887 -1.314422
v 7.885077 6.254352 1.356995
v 7.885077 6.172859 1.356995
v 7.880532 6.254353 -1.313152
v 7.445701 6.254354 -1.314628
v 7.450246 6.254353 1.355518
v 7.880532 6.172860 -1.313152
v 7.450246 6.172860 1.355519
v 7.445700 6.172861 -1.314628
v 8.431122 6.170247 -1.350143
v 8.419751 6.275003 -0.682566
v 8.431122 6.275003 -1.350143
v 8.006211 6.275003 -0.692571
v 8.374092 6.170248 0.651063
v 8.385641 6.170248 1.320162
v 7.918992 6.170247 1.361506
v 7.914781 6.170248 0.638019
v 8.419751 6.170248 -0.682567
v 8.017582 6.170248 -1.360147
v 8.385641 6.275003 1.320162
v 7.914781 6.275003 0.638019
v 7.918992 6.275003 1.361506
v 8.379619 6.275003 -0.016901
v 7.920308 6.275003 -0.029945
v 8.017582 6.275003 -1.360147
v 8.006211 6.170248 -0.692571
v 7.920307 6.170247 -0.029946
v 8.374091 6.275002 0.651063
v 8.379620 6.170248 -0.016901
v 6.413836 6.176645 1.353260
v 5.927697 6.277626 -1.299130
v 5.927697 6.176646 -1.299130
v 5.932061 6.277626 1.353736
v 6.413835 6.277626 1.353260
v 6.409472 6.277627 -1.299606
v 6.409472 6.176646 -1.299606
v 5.932061 6.176646 1.353736
v 7.027111 6.175077 1.348224
v 7.027111 6.274684 1.348224
v 7.396870 6.274684 -1.305858
v 7.404203 6.274683 1.343159
v 7.019778 6.175077 -1.300792
v 7.396870 6.175077 -1.305857
v 7.404203 6.175077 1.343159
v 7.019778 6.274684 -1.300792
v 6.979205 6.263983 1.387681
v 6.977845 6.176760 -1.358189
v 6.451855 6.176760 1.388794
v 6.977845 6.263983 -1.358189
v 6.450494 6.263984 -1.357076
v 6.451855 6.263983 1.388794
v 6.979204 6.176760 1.387681
v 6.450494 6.176760 -1.357076
v 3.375950 6.263983 1.387682
v 3.375950 6.176759 1.387682
v 3.374590 6.263982 -1.358188
v 2.847240 6.263982 -1.357075
v 2.847240 6.176759 -1.357075
v 2.848601 6.176759 1.388795
v 2.848600 6.263982 1.388795
v 3.374590 6.176759 -1.358188
v 3.423858 6.175077 1.348225
v 3.416524 6.274684 -1.300791
v 3.793616 6.175077 -1.305856
v 3.416524 6.175077 -1.300791
v 3.800950 6.175077 1.343160
v 3.423858 6.274684 1.348225
v 3.800951 6.274683 1.343160
v 3.793616 6.274684 -1.305856
v 2.810579 6.277626 1.353261
v 2.810579 6.176645 1.353261
v 2.324441 6.176645 -1.299129
v 2.328805 6.277626 1.353736
v 2.806215 6.277626 -1.299605
v 2.324441 6.277626 -1.299129
v 2.806215 6.176645 -1.299605
v 2.328805 6.176645 1.353737
v 12.508506 6.258877 -0.638733
v 12.396935 6.180690 -1.304495
v 12.090246 6.258877 0.762344
v 12.169912 6.180690 1.389933
v 12.396935 6.258877 -1.304495
v 12.066011 6.258877 -1.314483
v 12.090246 6.180690 0.762344
v 12.508506 6.180690 -0.638733
v 12.076715 6.180691 -0.650888
v 12.066010 6.180690 -1.314483
v 12.526093 6.180690 0.027660
v 12.087264 6.180690 0.014082
v 12.475554 6.258877 0.615768
v 12.169912 6.258877 1.389933
v 12.526093 6.258877 0.027660
v 12.087264 6.258877 0.014082
v 12.076714 6.258876 -0.650888
v 12.440723 6.258877 1.361177
v 12.440723 6.180690 1.361177
v 12.475554 6.180690 0.615768
v 13.004788 6.276047 -0.630013
v 12.984484 6.174179 -1.287756
v 12.540660 6.276047 1.306757
v 12.984483 6.276048 -1.287755
v 12.573019 6.276048 -0.639850
v 12.540660 6.174179 1.306757
v 12.572801 6.174179 0.672378
v 13.004788 6.174179 -0.630013
v 13.011603 6.276047 0.683583
v 12.572801 6.276047 0.672378
v 13.019444 6.276048 0.026822
v 12.580642 6.276047 0.015617
v 12.617067 6.276048 -1.295031
v 12.617066 6.174179 -1.295031
v 12.573019 6.174179 -0.639850
v 12.580642 6.174179 0.015617
v 12.910469 6.276047 1.412644
v 12.910470 6.174178 1.412643
v 13.011601 6.174179 0.683583
v 13.019444 6.174179 0.026822
v 4.827867 6.275004 -1.350142
v 4.311527 6.275004 0.638020
v 4.315737 6.170249 1.361507
v 4.315737 6.275004 1.361507
v 4.816497 6.275004 -0.682566
v 4.770839 6.170249 0.651064
v 4.782386 6.170249 1.320163
v 4.311527 6.170249 0.638020
v 4.827867 6.170249 -1.350142
v 4.816497 6.170249 -0.682566
v 4.402956 6.170249 -0.692570
v 4.414327 6.170249 -1.360146
v 4.776365 6.170249 -0.016900
v 4.317053 6.170249 -0.029945
v 4.782386 6.275004 1.320163
v 4.317053 6.275004 -0.029944
v 4.414327 6.275004 -1.360146
v 4.402957 6.275004 -0.692570
v 4.770839 6.275004 0.651064
v 4.776364 6.275004 -0.016900
v 5.434145 6.289822 0.371331
v 5.844367 6.289822 -0.751924
v 5.844366 6.163889 -0.751924
v 5.864520 6.289822 -1.308367
v 5.763086 6.289822 0.362157
v 5.794583 6.289822 0.854500
v 5.872732 6.289822 0.359098
v 5.734719 6.163889 -0.748865
v 5.737234 6.163889 -1.304830
v 5.864520 6.163890 -1.308367
v 5.795852 6.163889 0.917163
v 5.763086 6.163889 0.362156
v 5.762456 6.163889 -0.193722
v 5.885656 6.163889 -0.197149
v 5.737233 6.289822 -1.304830
v 5.734719 6.289822 -0.748865
v 5.762456 6.289822 -0.193722
v 5.920889 6.289821 0.802547
v 5.920889 6.163889 0.802547
v 5.872732 6.163889 0.359098
v 5.885656 6.289822 -0.197149
v 5.355372 6.163889 -1.294218
v 5.405778 6.163889 -0.739691
v 5.405778 6.289822 -0.739691
v 5.392854 6.163889 -0.183444
v 5.392854 6.289821 -0.183444
v 5.543791 6.289822 0.368273
v 5.516055 6.289822 -0.186870
v 5.653439 6.289822 0.365215
v 5.639256 6.289822 -0.190296
v 5.515425 6.289822 -0.742749
v 5.625072 6.289822 -0.745807
v 5.355372 6.289822 -1.294218
v 5.482658 6.289822 -1.297755
v 5.609945 6.289822 -1.301292
v 5.515425 6.163889 -0.742749
v 5.516055 6.163889 -0.186870
v 5.625072 6.163889 -0.745807
v 5.639256 6.163889 -0.190296
v 5.434144 6.163889 0.371331
v 5.543791 6.163889 0.368273
v 5.653439 6.163889 0.365215
v 5.413991 6.163889 0.927774
v 5.539550 6.163889 0.838939
v 5.668565 6.163889 0.920700
v 5.482659 6.163889 -1.297755
v 5.609946 6.163889 -1.301292
v 5.413991 6.289821 0.927774
v 5.539550 6.289822 0.838939
v 5.667295 6.289822 0.858037
v 4.281825 6.254353 1.356996
v 4.281825 6.172860 1.356996
v 3.846992 6.254353 1.355520
v 4.277279 6.254354 -1.313151
v 3.842447 6.254353 -1.314627
v 4.277280 6.172861 -1.313151
v 3.846992 6.172860 1.355520
v 3.842447 6.172860 -1.314627
v 4.846660 6.253809 1.357456
v 5.348607 6.253809 1.356789
v 5.346976 6.253809 -1.315089
v 4.845029 6.253809 -1.314421
v 5.346976 6.168886 -1.315089
v 5.348607 6.168886 1.356789
v 4.846660 6.168886 1.357456
v 4.845028 6.168886 -1.314421
v -5.427843 6.253810 1.356792
v -5.429474 6.168888 -1.315086
v -5.429474 6.253810 -1.315086
v -5.931422 6.253810 -1.314419
v -5.929790 6.253810 1.357459
v -5.427843 6.168888 1.356792
v -5.929790 6.168887 1.357459
v -5.931421 6.168887 -1.314419
v -6.494624 6.172861 1.356999
v -6.499168 6.254354 -1.313148
v -6.494624 6.254354 1.356999
v -6.934001 6.254353 -1.314624
v -6.929456 6.254354 1.355522
v -6.499168 6.172862 -1.313148
v -6.929456 6.172860 1.355522
v -6.934001 6.172861 -1.314624
v -4.922027 6.289821 -0.323967
v -4.922025 6.163888 -0.323967
v -4.891878 6.163889 -0.879959
v -5.352362 6.289821 0.791736
v -5.382511 6.289821 1.347728
v -5.251078 6.289822 -0.320704
v -5.273725 6.289821 -0.813534
v -5.242677 6.163888 0.790649
v -5.255180 6.163888 1.346478
v -5.382509 6.163888 1.347728
v -5.352362 6.163888 0.791736
v -5.273868 6.163888 -0.876209
v -5.251078 6.163888 -0.320704
v -5.400944 6.163888 -0.763859
v -5.260436 6.163889 0.235097
v -5.255179 6.289820 1.346478
v -5.242677 6.289822 0.790649
v -5.260436 6.289821 0.235097
v -5.383678 6.289821 0.236309
v -5.400944 6.289821 -0.763859
v -5.360764 6.163888 -0.319616
v -5.360763 6.289821 -0.319616
v -5.383677 6.163889 0.236309
v -4.873189 6.289821 1.342729
v -4.873189 6.163888 1.342729
v -4.890708 6.163889 0.231460
v -4.890709 6.289820 0.231460
v -5.031710 6.289821 -0.322880
v -5.013952 6.289821 0.232672
v -5.141394 6.289820 -0.321792
v -5.137194 6.289821 0.233884
v -4.913624 6.289822 0.787385
v -5.023309 6.289821 0.788473
v -5.132993 6.289820 0.789561
v -5.000519 6.289821 1.343979
v -5.127850 6.289821 1.345228
v -4.913624 6.163888 0.787385
v -5.023309 6.163888 0.788473
v -5.013951 6.163888 0.232672
v -5.132993 6.163889 0.789561
v -5.137193 6.163889 0.233885
v -5.031710 6.163888 -0.322880
v -5.141394 6.163889 -0.321792
v -5.019013 6.163888 -0.793393
v -5.146537 6.163889 -0.877459
v -5.000519 6.163888 1.343979
v -5.127850 6.163888 1.345228
v -4.891878 6.289821 -0.879959
v -5.019013 6.289821 -0.793393
v -5.146394 6.289822 -0.814784
v -5.948582 6.275004 -1.350139
v -6.460712 6.275004 1.361510
v -5.959952 6.275005 -0.682563
v -6.005611 6.170248 0.651067
v -6.460711 6.170249 1.361510
v -6.464922 6.170249 0.638022
v -5.948581 6.170249 -1.350139
v -5.959952 6.170249 -0.682563
v -6.373493 6.170249 -0.692567
v -6.459396 6.170249 -0.029942
v -5.994062 6.275003 1.320166
v -6.005610 6.275003 0.651067
v -6.464922 6.275003 0.638022
v -6.000084 6.275004 -0.016897
v -6.459396 6.275003 -0.029942
v -6.362122 6.275004 -1.360143
v -6.362123 6.170249 -1.360143
v -6.373493 6.275004 -0.692567
v -5.994063 6.170249 1.320165
v -6.000084 6.170248 -0.016897
v 2.228343 6.276047 -0.630010
v 2.228343 6.174178 -0.630010
v 1.796355 6.276047 0.672381
v 1.796354 6.174178 0.672381
v 1.764213 6.174178 1.306760
v 1.764213 6.276048 1.306760
v 2.208037 6.276048 -1.287753
v 1.840621 6.276048 -1.295028
v 2.208037 6.174179 -1.287753
v 1.796573 6.174178 -0.639847
v 2.242998 6.174178 0.026824
v 2.134024 6.276047 1.412646
v 1.804196 6.276047 0.015620
v 1.840622 6.174178 -1.295028
v 1.796573 6.276048 -0.639847
v 1.804196 6.174178 0.015620
v 2.134024 6.174178 1.412646
v 2.235157 6.174178 0.683585
v 2.235157 6.276047 0.683585
v 2.242998 6.276047 0.026825
v 1.732058 6.258877 -0.638730
v 1.620486 6.180690 -1.304492
v 1.393463 6.258877 1.389935
v 1.620486 6.258877 -1.304492
v 1.289562 6.258877 -1.314481
v 1.393464 6.180690 1.389935
v 1.313798 6.180690 0.762347
v 1.732058 6.180690 -0.638730
v 1.300266 6.180690 -0.650886
v 1.749645 6.180690 0.027662
v 1.699106 6.258877 0.615771
v 1.313798 6.258876 0.762347
v 1.749645 6.258876 0.027662
v 1.289562 6.180691 -1.314481
v 1.300266 6.258877 -0.650886
v 1.310815 6.180690 0.014084
v 1.310815 6.258876 0.014084
v 1.664274 6.258876 1.361180
v 1.664275 6.180690 1.361180
v 1.699106 6.180690 0.615771
v -7.965868 6.277627 1.353263
v -7.970233 6.277626 -1.299603
v -8.452008 6.176646 -1.299127
v -8.452007 6.277627 -1.299127
v -8.447643 6.277626 1.353739
v -7.970232 6.176647 -1.299603
v -7.965868 6.176646 1.353263
v -8.447643 6.176646 1.353739
v -7.359924 6.175078 -1.300788
v -6.982831 6.274685 -1.305854
v -7.352591 6.175077 1.348228
v -6.982831 6.175078 -1.305854
v -6.975497 6.175078 1.343163
v -7.359924 6.274684 -1.300789
v -7.352591 6.274685 1.348228
v -6.975499 6.274685 1.343163
v -7.400498 6.263982 1.387685
v -7.400498 6.176759 1.387685
v -7.401860 6.176760 -1.358186
v -7.929209 6.176759 -1.357073
v -7.927849 6.176759 1.388798
v -7.401858 6.263983 -1.358186
v -7.929210 6.263983 -1.357073
v -7.927848 6.263983 1.388798
v -3.798606 6.176760 -1.358186
v -4.325955 6.263982 -1.357073
v -4.325955 6.176760 -1.357073
v -3.797244 6.263983 1.387684
v -3.798604 6.263983 -1.358186
v -4.324594 6.263983 1.388797
v -3.797244 6.176760 1.387684
v -4.324594 6.176759 1.388797
v -3.756671 6.274684 -1.300789
v -3.372245 6.274684 1.343162
v -3.372244 6.175077 1.343162
v -3.749337 6.175077 1.348227
v -3.756670 6.175078 -1.300789
v -3.379578 6.175078 -1.305854
v -3.749337 6.274684 1.348227
v -3.379577 6.274685 -1.305855
v -4.362616 6.176645 1.353262
v -4.848754 6.176645 -1.299128
v -4.844389 6.176646 1.353738
v -4.844390 6.277626 1.353738
v -4.362616 6.277627 1.353262
v -4.366980 6.277626 -1.299604
v -4.848754 6.277627 -1.299128
v -4.366979 6.176646 -1.299604
v -2.356698 6.275004 -0.682564
v -2.345328 6.275003 -1.350140
v -2.861668 6.275002 0.638021
v -2.857458 6.275003 1.361509
v -2.758867 6.275003 -1.360144
v -2.402357 6.170248 0.651066
v -2.390809 6.170247 1.320164
v -2.857457 6.170248 1.361509
v -2.861668 6.170248 0.638021
v -2.345328 6.170249 -1.350140
v -2.356698 6.170248 -0.682564
v -2.770238 6.170247 -0.692568
v -2.758868 6.170248 -1.360144
v -2.856142 6.170248 -0.029943
v -2.390808 6.275002 1.320164
v -2.770238 6.275003 -0.692568
v -2.856142 6.275002 -0.029943
v -2.402356 6.275002 0.651066
v -2.396831 6.170247 -0.016898
v -2.396831 6.275003 -0.016898
v -2.891371 6.172860 1.356997
v -2.895916 6.254353 -1.313149
v -3.330749 6.172859 -1.314625
v -3.326204 6.172859 1.355521
v -3.326204 6.254352 1.355521
v -2.891371 6.254353 1.356997
v -3.330749 6.254352 -1.314626
v -2.895916 6.172860 -1.313149
v -1.824588 6.253809 1.356791
v -1.824588 6.168888 1.356791
v -1.826219 6.253810 -1.315087
v -2.328166 6.168887 -1.314419
v -2.328167 6.253810 -1.314419
v -2.326536 6.253809 1.357458
v -1.826219 6.168888 -1.315086
v -2.326535 6.168887 1.357458
v 1.225836 6.253808 1.356790
v 1.225835 6.168886 1.356790
v 1.224205 6.253809 -1.315088
v 0.722258 6.253809 -1.314420
v 0.723888 6.253809 1.357457
v 1.224205 6.168886 -1.315088
v 0.723888 6.168886 1.357458
v 0.722257 6.168886 -1.314420
v 0.154509 6.172860 -1.313150
v -0.280324 6.172860 -1.314626
v -0.275779 6.172859 1.355520
v -0.275779 6.254352 1.355520
v 0.159054 6.254353 1.356997
v 0.154509 6.254353 -1.313150
v -0.280324 6.254352 -1.314626
v 0.159053 6.172860 1.356996
v 0.693726 6.170249 -0.682565
v 0.705096 6.275003 -1.350141
v 0.693726 6.275003 -0.682565
v 0.648068 6.170249 0.651065
v 0.192966 6.170248 1.361508
v 0.188756 6.170249 0.638021
v 0.705096 6.170249 -1.350141
v 0.291556 6.170249 -1.360145
v 0.194282 6.170249 -0.029943
v 0.659616 6.275003 1.320164
v 0.648068 6.275003 0.651065
v 0.188756 6.275003 0.638021
v 0.192966 6.275003 1.361508
v 0.291556 6.275003 -1.360145
v 0.280186 6.170249 -0.692569
v 0.280186 6.275004 -0.692569
v 0.194282 6.275003 -0.029943
v 0.659616 6.170249 1.320164
v 0.653593 6.170248 -0.016899
v 0.653593 6.275004 -0.016899
v -1.316555 6.277626 -1.299604
v -1.798329 6.277627 -1.299128
v -1.798329 6.176646 -1.299128
v -1.312191 6.277626 1.353262
v -1.793965 6.277626 1.353737
v -1.316555 6.176646 -1.299604
v -1.312191 6.176646 1.353262
v -1.793965 6.176646 1.353738
v -0.698911 6.175076 1.348226
v -0.706245 6.274684 -1.300790
v -0.706245 6.175077 -1.300790
v -0.329153 6.175077 -1.305855
v -0.321819 6.175076 1.343161
v -0.698911 6.274684 1.348226
v -0.321819 6.274684 1.343161
v -0.329153 6.274683 -1.305856
v -0.746819 6.263983 1.387683
v -0.748180 6.176760 -1.358187
v -0.748180 6.263983 -1.358187
v -1.275530 6.263982 -1.357074
v -1.274170 6.263983 1.388796
v -0.746820 6.176760 1.387683
v -1.274169 6.176760 1.388796
v -1.275530 6.176760 -1.357074
v -11.499141 6.176761 1.387686
v -11.500502 6.176761 -1.358185
v -12.027851 6.263983 -1.357072
v -12.027851 6.176761 -1.357072
v -11.499141 6.263984 1.387686
v -11.500500 6.263984 -1.358184
v -12.026491 6.263984 1.388799
v -12.026491 6.176760 1.388799
v -11.451235 6.274684 1.348229
v -11.458568 6.175078 -1.300788
v -11.081476 6.175077 -1.305853
v -11.074142 6.175077 1.343163
v -11.451235 6.175076 1.348229
v -11.458569 6.274683 -1.300788
v -11.074142 6.274684 1.343163
v -11.081476 6.274684 -1.305853
v -12.064511 6.277627 1.353264
v -12.068876 6.277626 -1.299602
v -12.550650 6.176646 -1.299126
v -12.546286 6.176646 1.353740
v -12.546287 6.277626 1.353740
v -12.550650 6.277626 -1.299126
v -12.068875 6.176647 -1.299602
v -12.064511 6.176646 1.353264
v -10.058598 6.170249 -0.682562
v -10.563566 6.275004 0.638023
v -10.559357 6.275004 1.361511
v -10.058598 6.275005 -0.682562
v -10.047227 6.275004 -1.350138
v -10.460767 6.275004 -1.360142
v -10.104257 6.170248 0.651068
v -10.559356 6.170249 1.361511
v -10.563566 6.170249 0.638023
v -10.047227 6.170249 -1.350138
v -10.472137 6.170248 -0.692566
v -10.460767 6.170249 -1.360142
v -10.558041 6.170249 -0.029941
v -10.092707 6.275004 1.320167
v -10.098730 6.275005 -0.016896
v -10.472137 6.275004 -0.692566
v -10.558041 6.275004 -0.029941
v -10.092708 6.170248 1.320167
v -10.104256 6.275004 0.651068
v -10.098729 6.170249 -0.016896
v -10.593268 6.254354 1.356999
v -10.597814 6.172861 -1.313147
v -11.028101 6.172860 1.355523
v -11.028101 6.254353 1.355523
v -10.597813 6.254354 -1.313147
v -11.032645 6.254354 -1.314623
v -10.593269 6.172861 1.356999
v -11.032645 6.172861 -1.314623
v -10.030065 6.168888 -1.314418
v -10.028433 6.168887 1.357460
v -9.526485 6.253810 1.356793
v -9.528118 6.253810 -1.315085
v -10.030065 6.253810 -1.314418
v -10.028433 6.253810 1.357460
v -9.528118 6.168888 -1.315085
v -9.526486 6.168888 1.356793
v -12.576911 6.253810 1.356794
v -12.578541 6.253810 -1.315084
v -13.080490 6.253810 -1.314417
v -13.078858 6.253809 1.357461
v -12.578542 6.168888 -1.315084
v -12.576911 6.168888 1.356794
v -13.078857 6.168887 1.357461
v -13.080489 6.168887 -1.314417
v -13.643692 6.254353 1.357000
v -13.643692 6.172860 1.357000
v -13.648237 6.172861 -1.313146
v -13.648237 6.254353 -1.313146
v -14.083070 6.254352 -1.314623
v -14.083070 6.172860 -1.314623
v -14.078525 6.254353 1.355524
v -14.078525 6.172859 1.355524
v -13.109018 6.275005 -0.682561
v -13.613991 6.170249 0.638024
v -13.097650 6.275004 -1.350137
v -13.511189 6.275004 -1.360141
v -13.154678 6.170249 0.651069
v -13.609779 6.170249 1.361512
v -13.097650 6.170249 -1.350137
v -13.109019 6.170249 -0.682561
v -13.522560 6.170248 -0.692566
v -13.149153 6.170249 -0.016896
v -13.608465 6.170249 -0.029940
v -13.143130 6.275004 1.320167
v -13.613991 6.275003 0.638024
v -13.609779 6.275004 1.361512
v -13.149153 6.275005 -0.016895
v -13.511189 6.170249 -1.360141
v -13.522560 6.275005 -0.692565
v -13.608464 6.275004 -0.029940
v -13.143131 6.170249 1.320167
v -13.154677 6.275004 0.651069
v -15.114939 6.277628 1.353265
v -15.601077 6.176647 -1.299125
v -15.596711 6.176647 1.353741
v -15.596712 6.277626 1.353741
v -15.119303 6.277627 -1.299601
v -15.601077 6.277628 -1.299125
v -15.119302 6.176647 -1.299601
v -15.114937 6.176648 1.353265
v -14.501658 6.175078 1.348230
v -14.131899 6.175078 -1.305852
v -14.124566 6.175078 1.343164
v -14.508992 6.175079 -1.300787
v -14.508992 6.274685 -1.300787
v -14.501658 6.274684 1.348229
v -14.124566 6.274684 1.343164
v -14.131899 6.274685 -1.305852
v -14.549565 6.263983 1.387686
v -14.550926 6.176760 -1.358184
v -15.078276 6.176760 -1.357071
v -15.076916 6.176761 1.388800
v -15.076914 6.263984 1.388800
v -14.550926 6.263985 -1.358184
v -15.078276 6.263983 -1.357071
v -14.549565 6.176761 1.387687
v -18.152822 6.263982 1.387687
v -18.152822 6.176759 1.387687
v -18.154182 6.176758 -1.358183
v -18.681532 6.263983 -1.357070
v -18.681532 6.176760 -1.357070
v -18.680170 6.176760 1.388801
v -18.680170 6.263983 1.388801
v -18.154184 6.263983 -1.358183
v -18.104916 6.175079 1.348231
v -18.112247 6.274685 -1.300786
v -17.735153 6.274685 -1.305851
v -17.727821 6.274685 1.343165
v -17.727819 6.175078 1.343165
v -18.112246 6.175079 -1.300786
v -17.735155 6.175079 -1.305851
v -18.104916 6.274684 1.348230
v -18.718193 6.277626 1.353266
v -18.722555 6.176644 -1.299600
v -19.204329 6.176647 -1.299124
v -19.199966 6.277627 1.353742
v -18.722553 6.277627 -1.299600
v -19.204330 6.277627 -1.299124
v -18.718193 6.176646 1.353266
v -19.199966 6.176644 1.353742
v -9.020266 6.180690 -0.638728
v -9.131837 6.258876 -1.304490
v -9.358858 6.258876 1.389938
v -9.020265 6.258876 -0.638727
v -9.462761 6.258876 -1.314478
v -9.452056 6.258877 -0.650883
v -9.053217 6.180689 0.615773
v -9.358858 6.180689 1.389938
v -9.438524 6.180689 0.762349
v -9.131837 6.180690 -1.304489
v -9.452056 6.180689 -0.650883
v -9.438523 6.258876 0.762350
v -9.462760 6.180690 -1.314478
v -9.441507 6.180690 0.014087
v -9.441508 6.258876 0.014087
v -9.088048 6.258875 1.361183
v -9.088048 6.180690 1.361182
v -9.053217 6.258875 0.615773
v -9.002676 6.180689 0.027665
v -9.002677 6.258875 0.027665
v -8.523980 6.174178 -0.630007
v -8.544286 6.174177 -1.287750
v -8.544286 6.276047 -1.287750
v -8.955968 6.276047 0.672383
v -8.988109 6.174178 1.306762
v -8.523978 6.276047 -0.630007
v -8.911701 6.276047 -1.295026
v -8.618298 6.174178 1.412649
v -8.955967 6.174178 0.672383
v -8.911701 6.174178 -1.295026
v -8.618299 6.276046 1.412649
v -8.517166 6.276047 0.683588
v -8.988109 6.276047 1.306762
v -8.948127 6.276047 0.015622
v -8.955749 6.174178 -0.639845
v -8.955749 6.276047 -0.639845
v -8.948126 6.174178 0.015622
v -8.517165 6.174178 0.683588
v -8.509325 6.174178 0.026827
v -8.509325 6.276046 0.026827
v -16.712276 6.275004 -0.682561
v -16.700905 6.170248 -1.350137
v -17.217243 6.170248 0.638025
v -16.700905 6.275006 -1.350137
v -17.114445 6.275004 -1.360141
v -16.757935 6.170248 0.651069
v -16.746386 6.170247 1.320168
v -17.213036 6.170246 1.361512
v -16.712275 6.170249 -0.682560
v -17.114445 6.170248 -1.360141
v -16.752409 6.170249 -0.016895
v -16.746386 6.275004 1.320168
v -16.757935 6.275004 0.651069
v -17.217247 6.275003 0.638025
v -17.213036 6.275004 1.361513
v -17.211718 6.275004 -0.029939
v -17.125816 6.170249 -0.692564
v -17.125816 6.275002 -0.692565
v -17.211720 6.170248 -0.029939
v -16.752411 6.275002 -0.016895
v -15.644202 6.163888 -0.879956
v -16.104683 6.289820 0.791739
v -16.134832 6.163888 1.347730
v -16.003403 6.289820 -0.320702
v -16.026047 6.289818 -0.813532
v -16.113087 6.289818 -0.319614
v -15.995000 6.163888 0.790651
v -16.007504 6.163889 1.346480
v -16.104683 6.163886 0.791739
v -16.026190 6.163887 -0.876207
v -16.003401 6.163888 -0.320702
v -16.113087 6.163887 -0.319614
v -16.153267 6.163888 -0.763856
v -16.012758 6.163888 0.235099
v -16.007504 6.289819 1.346480
v -15.995000 6.289820 0.790651
v -16.134832 6.289819 1.347730
v -16.012756 6.289819 0.235099
v -16.153269 6.289820 -0.763856
v -16.136002 6.163885 0.236311
v -16.136002 6.289820 0.236311
v -15.625511 6.289820 1.342731
v -15.643034 6.289820 0.231463
v -15.674349 6.289820 -0.323965
v -15.784034 6.289820 -0.322877
v -15.766273 6.289819 0.232675
v -15.893717 6.289819 -0.321789
v -15.889517 6.289820 0.233887
v -15.665945 6.289820 0.787388
v -15.775630 6.289820 0.788475
v -15.885317 6.289820 0.789563
v -15.752841 6.289821 1.343981
v -15.880172 6.289820 1.345231
v -15.643032 6.163888 0.231463
v -15.665949 6.163889 0.787388
v -15.775632 6.163888 0.788475
v -15.766275 6.163888 0.232675
v -15.885315 6.163888 0.789563
v -15.889515 6.163888 0.233887
v -15.674347 6.163888 -0.323965
v -15.784034 6.163888 -0.322877
v -15.893717 6.163889 -0.321789
v -15.771336 6.163888 -0.793391
v -15.898862 6.163888 -0.877457
v -15.625511 6.163888 1.342731
v -15.752843 6.163888 1.343981
v -15.880174 6.163888 1.345231
v -15.644202 6.289821 -0.879956
v -15.771336 6.289820 -0.793391
v -15.898716 6.289820 -0.814781
v -17.251493 6.172857 -1.313146
v -17.251493 6.254351 -1.313146
v -17.686325 6.254351 -1.314622
v -17.246946 6.254352 1.357000
v -17.681780 6.254353 1.355525
v -17.246946 6.172859 1.357000
v -17.681778 6.172859 1.355524
v -17.686327 6.172859 -1.314622
v -16.181797 6.168886 -1.315083
v -16.682114 6.168888 1.357462
v -16.180168 6.253809 1.356794
v -16.181801 6.253809 -1.315083
v -16.683746 6.253810 -1.314416
v -16.682114 6.253809 1.357461
v -16.180164 6.168886 1.356795
v -16.683746 6.168888 -1.314416
v 15.202044 3.740776 -1.987114
v 22.682274 0.638820 -2.116264
v 15.071831 3.459669 -1.729622
v 15.349491 4.052763 -1.409492
v 22.678514 0.628557 -1.763468
v 7.732659 6.864201 -1.707916
v 15.061295 3.439162 -2.061874
v 22.533417 0.319649 -2.018994
v 22.384253 0.000003 -2.102739
v 15.068281 3.449985 -1.396730
v 7.878291 7.173704 -1.383196
v 7.728957 6.854066 -1.356204
v 22.540516 0.330644 -1.486068
v 7.721629 6.842751 -2.058830
v 22.391659 0.011473 -1.397826
v 22.395420 0.021737 -1.750620
v 8.026011 7.490808 -1.369814
v 15.338957 4.032258 -1.741745
v 8.014978 7.469358 -1.720729
v 15.342505 4.041941 -2.074637
v 7.869345 7.159855 -2.054476
v 8.018682 7.479492 -2.072441
v 22.689682 0.650292 -1.411351
v 15.208742 3.751152 -1.484253
v 8.335581 6.958455 2.077121
v 8.026534 7.491921 2.087469
v 7.877369 7.172275 2.079647
v 22.682274 0.638819 1.339833
v 22.533419 0.319647 1.361181
v 8.190995 6.650635 1.746842
v 7.732272 6.863367 1.748199
v 7.721106 6.841634 1.396082
v 22.689682 0.650289 2.044747
v 22.678516 0.628556 1.692629
v 15.061296 3.439161 1.394223
v 22.384253 -0.000000 1.353359
v 7.728511 6.853104 2.100995
v 15.202044 3.740774 1.401604
v 22.391661 0.011472 2.058272
v 22.395422 0.021735 1.705478
v 11.677161 5.751223 1.724852
v 15.338956 4.032256 1.714353
v 15.342505 4.041940 1.381461
v 15.071832 3.459666 1.726476
v 22.540516 0.330643 2.036924
v 15.349493 4.052761 2.046606
v 11.680817 5.761195 1.382009
v 11.536157 5.451027 1.402754
v 11.543056 5.461712 2.059436
v 15.068283 3.449984 2.059368
v 11.391200 5.140398 1.395153
v 15.208742 3.751148 2.039225
v 9.097390 6.203671 1.395734
v 9.703212 6.306153 1.403329
v 9.556152 5.991015 1.395617
v 9.399590 6.847079 2.079808
v 9.846264 6.610706 1.730101
v 9.388540 6.825576 1.731414
v 9.849971 6.620823 1.382282
v 9.563454 6.002324 2.090588
v 11.398397 5.151544 2.080181
v 9.567162 6.012443 1.742769
v 11.402051 5.161517 1.737338
v 11.688014 5.772342 2.067038
v 9.857273 6.632132 2.077254
v 9.710214 6.316993 2.069542
v 7.870269 7.161280 1.403904
v 8.019127 7.480452 1.382556
v 8.328506 6.947498 1.403760
v 8.476838 7.265544 1.382488
v 8.934548 7.050638 1.382419
v 8.786740 6.733717 1.403617
v 9.392261 6.835731 1.382351
v 8.473091 7.255317 1.734039
v 8.484219 7.276974 2.084915
v 8.015367 7.470189 1.735351
v 8.930817 7.040447 1.732726
v 9.244977 6.519934 1.403473
v 9.252003 6.530814 2.072068
v 9.104718 6.215020 2.093190
v 9.108438 6.225174 1.744126
v 8.645982 6.427714 2.095792
v 8.187247 6.640409 2.098393
v 8.649715 6.437905 1.745484
v 8.179867 6.628979 1.395966
v 8.638629 6.416324 1.395850
v 8.941904 7.062026 2.082362
v 8.793791 6.744634 2.074594
v -8.031471 6.837431 2.087473
v -8.180452 7.157161 2.079651
v -15.376926 3.450679 1.381467
v -22.701780 0.015572 1.339844
v -8.323823 7.466877 1.748204
v -8.333296 7.489399 1.396086
v -22.707228 0.025052 1.692640
v -8.787072 7.261659 2.098398
v -8.329268 7.476353 2.100999
v -8.781647 7.252216 1.746846
v -15.517347 3.751863 1.401611
v -22.850594 0.334765 1.361192
v -22.999578 0.654496 1.353370
v -15.513705 3.740062 2.039232
v -22.995550 0.641451 2.058283
v -15.382063 3.459621 1.714360
v -22.990107 0.631972 1.705489
v -22.846739 0.322261 2.036934
v -22.697756 0.002528 2.044757
v -15.373126 3.438369 2.046613
v -9.876222 6.009871 1.730106
v -11.706213 5.150578 1.382014
v -11.711502 5.159788 1.724858
v -11.850828 5.460766 1.402760
v -11.995609 5.771479 1.395159
v -15.654125 4.041246 2.059376
v -11.991696 5.758801 2.080188
v -15.648987 4.032304 1.726484
v -15.657926 4.053555 1.394231
v -11.847078 5.448613 2.059442
v -9.417401 6.222392 1.731418
v -9.870854 6.000528 1.382287
v -10.017571 6.315217 1.403334
v -10.160482 6.617577 2.090594
v -10.155114 6.608234 1.742774
v -11.986405 5.749591 1.737344
v -11.702300 5.137900 2.067043
v -8.494335 6.637990 1.382492
v -8.953176 6.425502 1.382424
v -9.100941 6.742443 1.403621
v -8.040941 6.859954 1.735355
v -8.035496 6.850478 1.382560
v -9.412014 6.213015 1.382355
v -8.499762 6.647434 1.734043
v -8.958581 6.434913 1.732731
v -8.184312 7.169669 1.403908
v -8.791084 7.274660 1.395971
v -8.642626 6.956056 1.403765
v -9.248874 7.059919 1.395854
v -9.559257 6.528831 1.403478
v -9.702680 6.832271 2.093195
v -9.097110 6.730024 2.074599
v -8.638783 6.943593 2.077125
v -9.244875 7.046964 2.095797
v -9.239470 7.037554 1.745489
v -9.697291 6.822893 1.744131
v -9.706663 6.845179 1.395738
v -10.164453 6.630438 1.395622
v -10.013766 6.302886 2.069546
v -9.866886 5.987664 2.077258
v -9.408031 6.200107 2.079812
v -9.555439 6.516455 2.072072
v -8.949180 6.412548 2.082366
v -8.490325 6.624990 2.084920
v -15.513707 3.740062 -1.416866
v -15.517349 3.751862 -2.054487
v -15.648991 4.032303 -1.729614
v -22.701784 0.015573 -2.116253
v -22.707228 0.025050 -1.763458
v -15.654127 4.041245 -1.396722
v -8.323825 7.466876 -1.707894
v -15.657928 4.053555 -2.061867
v -22.850595 0.334765 -2.094906
v -22.999580 0.654496 -2.102728
v -8.180455 7.157160 -1.376447
v -8.329269 7.476352 -1.355098
v -8.333298 7.489398 -2.060011
v -22.995550 0.641450 -1.397815
v -22.990108 0.631971 -1.750609
v -8.031473 6.837430 -1.368625
v -15.373128 3.438368 -1.409485
v -15.382067 3.459621 -1.741738
v -8.040944 6.859953 -1.720743
v -8.184314 7.169668 -2.052190
v -8.035498 6.850477 -2.073538
v -15.376928 3.450678 -2.074630
v -22.846741 0.322259 -1.419163
v -22.697758 0.002526 -1.411341
v 19.252726 7.248027 0.974266
v 19.375029 7.248026 1.012596
v 19.252726 5.957748 0.962305
v 19.252726 7.248027 1.295533
v 19.375029 7.248027 1.257202
v 19.381483 8.538305 1.263655
v 19.252726 8.538305 1.306198
v 19.093777 7.248027 1.134899
v 19.081228 5.957750 1.134899
v 19.125023 5.957749 1.262604
v 19.130421 7.248027 1.257202
v 19.411673 7.248028 1.134899
v 19.422550 8.538305 1.134900
v 19.130421 7.248027 1.012596
v 19.125023 5.957748 1.007194
v 19.123970 8.538306 1.263655
v 19.123970 8.538306 1.006144
v 19.252726 8.538305 0.963602
v 19.252728 5.957749 1.307493
v 19.082901 8.538306 1.134900
v 19.380432 5.957750 1.007194
v 19.424225 5.957750 1.134899
v 19.380430 5.957749 1.262604
v 19.381481 8.538306 1.006144
v 19.413361 7.248027 -1.169169
v 19.380430 8.538305 -1.296873
v 19.425318 8.538306 -1.169169
v 19.092091 7.248027 -1.169169
v 19.130421 7.248028 -1.291472
v 19.123970 5.957749 -1.297925
v 19.081429 5.957750 -1.169169
v 19.252726 7.248028 -1.010221
v 19.252726 8.538305 -0.997670
v 19.125021 8.538306 -1.041464
v 19.130421 7.248027 -1.046866
v 19.252726 7.248028 -1.328117
v 19.252726 5.957750 -1.338992
v 19.375029 7.248027 -1.291472
v 19.375029 7.248028 -1.046866
v 19.380430 8.538306 -1.041464
v 19.123970 5.957751 -1.040414
v 19.381481 5.957749 -1.040414
v 19.424023 5.957749 -1.169170
v 19.080132 8.538304 -1.169169
v 19.252726 5.957750 -0.999347
v 19.252726 8.538305 -1.340667
v 19.125021 8.538306 -1.296874
v 19.381481 5.957751 -1.297925
v 10.596941 6.047764 -1.119262
v 13.593313 5.916298 -1.101396
v 7.601145 5.922682 -1.378294
v 7.601155 6.053119 -1.370388
v 13.593705 6.173344 -1.227051
v 13.594053 6.182387 -1.357465
v 10.596906 5.924491 -1.116528
v 7.600455 5.917673 -1.117215
v 7.600801 5.926716 -1.247629
v 10.597231 5.933023 -1.239585
v 7.601191 6.183762 -1.373285
v 13.593351 6.046942 -1.104293
v 13.593361 6.177378 -1.096386
v 10.596950 6.170842 -1.111802
v 10.597565 6.052295 -1.355418
v 7.600501 6.178752 -1.112206
v 10.597273 6.167037 -1.235095
v 13.593663 5.925341 -1.231810
v 13.594006 5.921308 -1.362475
v 7.600845 6.174719 -1.242870
v 10.597601 6.175569 -1.358152
v 13.594015 6.051743 -1.354568
v 10.597557 5.929218 -1.362879
v 7.600492 6.048317 -1.120113
v 10.596942 6.047766 1.381063
v 13.593315 5.916299 1.398930
v 13.593352 6.046943 1.396033
v 10.597557 5.929219 1.137447
v 13.593706 6.173345 1.273274
v 13.594052 6.182388 1.142860
v 7.600801 5.926717 1.252696
v 7.601146 5.922683 1.122031
v 7.600455 5.917674 1.383110
v 13.593361 6.177379 1.403939
v 7.601155 6.053119 1.129938
v 7.601192 6.183763 1.127041
v 10.596950 6.170843 1.388524
v 7.600501 6.178753 1.388120
v 7.600493 6.048317 1.380213
v 10.597565 6.052297 1.144907
v 10.597273 6.167038 1.265231
v 10.597232 5.933025 1.260740
v 13.593663 5.925342 1.268516
v 7.600845 6.174720 1.257455
v 10.597601 6.175570 1.142174
v 13.594015 6.051744 1.145758
v 13.594006 5.921309 1.137851
v 10.596907 5.924493 1.383797
v 15.973101 6.047763 1.108003
v 15.973433 6.167036 0.992170
v 15.973392 5.933024 0.987679
v 12.976963 5.926716 0.979636
v 12.977305 5.922683 0.848971
v 15.973719 5.929218 0.864386
v 15.973065 5.924491 1.110736
v 12.976616 5.917673 1.110049
v 18.969521 6.177377 1.130879
v 18.969866 6.173343 1.000214
v 15.973762 6.175569 0.869113
v 12.977315 6.053119 0.856877
v 12.977352 6.183763 0.853980
v 18.969515 6.046941 1.122972
v 15.973110 6.170841 1.115463
v 18.970213 6.182387 0.869800
v 15.973726 6.052296 0.871846
v 12.976663 6.178752 1.115059
v 18.969477 5.916296 1.125869
v 18.969824 5.925340 0.995455
v 12.977007 6.174719 0.984394
v 18.970175 6.051743 0.872697
v 18.970165 5.921306 0.864790
v 12.976654 6.048317 1.107152
v 15.973101 6.047763 -0.888857
v 15.973067 5.924491 -0.886123
v 18.969477 5.916297 -0.870990
v 18.969515 6.046941 -0.873887
v 12.977305 5.922683 -1.147889
v 15.973719 5.929218 -1.132473
v 12.976963 5.926716 -1.017223
v 15.973393 5.933022 -1.009180
v 18.969522 6.177377 -0.865981
v 18.969868 6.173343 -0.996646
v 12.977317 6.053119 -1.139982
v 12.977352 6.183763 -1.142879
v 12.976654 6.048317 -0.889707
v 18.970213 6.182387 -1.127059
v 15.973728 6.052295 -1.125013
v 12.976663 6.178753 -0.881800
v 15.973110 6.170842 -0.881396
v 18.969824 5.925340 -1.001404
v 12.977008 6.174719 -1.012465
v 15.973435 6.167035 -1.004689
v 15.973763 6.175569 -1.127746
v 18.970175 6.051743 -1.124162
v 18.970165 5.921306 -1.132069
v 12.976616 5.917674 -0.886810
v 8.217191 6.046943 -0.873884
v 2.224639 5.926717 -1.017221
v 2.224984 5.922683 -1.147886
v 5.221396 5.929220 -1.132470
v 2.224293 5.917674 -0.886807
v 8.217544 6.173345 -0.996643
v 5.221113 6.167037 -1.004686
v 5.221404 6.052297 -1.125010
v 2.224993 6.053120 -1.139979
v 8.217201 6.177378 -0.865978
v 2.224339 6.178754 -0.881798
v 8.217890 6.182389 -1.127057
v 5.220788 6.170844 -0.881393
v 8.217154 5.916299 -0.870987
v 8.217501 5.925342 -1.001402
v 5.221071 5.933025 -1.009177
v 2.224683 6.174720 -1.012462
v 5.221439 6.175570 -1.127743
v 2.225029 6.183763 -1.142876
v 8.217854 6.051744 -1.124160
v 8.217845 5.921309 -1.132066
v 2.224330 6.048318 -0.889704
v 5.220744 5.924492 -0.886120
v 5.220779 6.047766 -0.888854
v 8.217192 6.046943 1.122975
v 5.221405 6.052297 0.871849
v 5.221397 5.929219 0.864389
v 2.224994 6.053120 0.856880
v 2.224985 5.922683 0.848973
v 2.224640 5.926717 0.979639
v 5.221072 5.933025 0.987682
v 8.217201 6.177378 1.130881
v 8.217546 6.173345 1.000216
v 5.221440 6.175570 0.869116
v 2.225030 6.183763 0.853983
v 5.220789 6.170844 1.115466
v 5.220780 6.047766 1.108006
v 2.224331 6.048318 1.107155
v 8.217891 6.182388 0.869803
v 2.224340 6.178754 1.115062
v 5.221113 6.167037 0.992173
v 2.224684 6.174720 0.984397
v 8.217155 5.916299 1.125872
v 5.220745 5.924492 1.110739
v 8.217502 5.925342 0.995458
v 8.217854 6.051744 0.872700
v 8.217845 5.921309 0.864793
v 2.224294 5.917674 1.110052
v -0.155380 6.047765 1.388867
v 2.840994 5.916298 1.406734
v -3.151175 5.922683 1.129835
v 2.841731 6.182387 1.150665
v -0.154764 5.929219 1.145251
v -3.151521 5.926717 1.260501
v -0.155088 5.933024 1.268544
v 2.841385 6.173345 1.281078
v -0.155047 6.167037 1.273034
v -0.154756 6.052297 1.152711
v -3.151167 6.053119 1.137742
v -3.151130 6.183763 1.134845
v -0.155372 6.170843 1.396328
v 2.841032 6.046942 1.403837
v 2.841040 6.177378 1.411744
v -3.151820 6.178753 1.395923
v -3.151829 6.048317 1.388017
v 2.841693 6.051744 1.153562
v -0.154720 6.175569 1.149978
v 2.841341 5.925342 1.276320
v -3.151477 6.174719 1.265259
v 2.841685 5.921308 1.145655
v -3.151866 5.917673 1.390914
v -0.155415 5.924491 1.391601
v -0.154757 6.052297 -1.355415
v -3.151167 6.053120 -1.370385
v 2.841384 6.173345 -1.227048
v -3.151521 5.926717 -1.247626
v -3.151177 5.922683 -1.378291
v 2.841039 6.177378 -1.096383
v -3.151131 6.183763 -1.373282
v -0.155373 6.170844 -1.111799
v 2.841031 6.046942 -1.104290
v -3.151829 6.048318 -1.120110
v 2.841730 6.182388 -1.357462
v -0.154721 6.175570 -1.358149
v -3.151821 6.178754 -1.112203
v -0.155048 6.167037 -1.235092
v 2.840993 5.916299 -1.101393
v -0.155416 5.924492 -1.116526
v 2.841340 5.925342 -1.231807
v -0.155089 5.933024 -1.239583
v -0.154765 5.929220 -1.362876
v -3.151478 6.174720 -1.242868
v 2.841692 6.051744 -1.354565
v 2.841683 5.921309 -1.362472
v -3.151868 5.917673 -1.117213
v -0.155381 6.047766 -1.119259
v -5.530924 5.929220 -1.132468
v -8.527327 6.053121 -1.139977
v -5.531248 5.933025 -1.009174
v -8.527335 5.922683 -1.147883
v -8.527680 5.926718 -1.017218
v -2.535120 6.177378 -0.865975
v -2.534775 6.173346 -0.996640
v -5.530881 6.175569 -1.127741
v -8.527290 6.183764 -1.142874
v -2.535129 6.046942 -0.873882
v -8.527979 6.178754 -0.881795
v -5.531540 6.047766 -0.888851
v -5.531532 6.170844 -0.881391
v -2.534429 6.182388 -1.127054
v -5.531207 6.167038 -1.004684
v -8.527637 6.174720 -1.012460
v -2.535166 5.916298 -0.870985
v -2.534818 5.925342 -1.001399
v -2.534475 5.921308 -1.132064
v -2.534467 6.051744 -1.124157
v -5.530916 6.052298 -1.125007
v -8.527989 6.048319 -0.889702
v -8.528027 5.917674 -0.886804
v -5.531576 5.924492 -0.886118
v -5.531540 6.047765 1.108008
v -5.531576 5.924491 1.110742
v -8.527335 5.922683 0.848976
v -2.534775 6.173345 1.000219
v -2.534429 6.182387 0.869805
v -8.527680 5.926717 0.979641
v -5.530881 6.175569 0.869119
v -8.527327 6.053119 0.856883
v -8.527290 6.183763 0.853986
v -2.535129 6.046941 1.122977
v -2.535120 6.177377 1.130884
v -5.531532 6.170843 1.115468
v -2.534467 6.051743 0.872702
v -5.530916 6.052297 0.871852
v -8.527979 6.178753 1.115064
v -2.535166 5.916297 1.125874
v -5.531248 5.933023 0.987685
v -2.534819 5.925342 0.995460
v -5.530924 5.929219 0.864391
v -8.527637 6.174720 0.984400
v -5.531207 6.167037 0.992175
v -2.534475 5.921307 0.864796
v -8.527989 6.048317 1.107158
v -8.528027 5.917673 1.110055
v -10.907701 6.047765 1.387569
v -7.911327 5.916297 1.405436
v -10.907078 6.052297 1.151413
v -10.907409 5.933024 1.267246
v -13.903497 5.922683 1.128537
v -13.903841 5.926717 1.259203
v -7.911282 6.177378 1.410446
v -7.910936 6.173346 1.279781
v -13.903487 6.053119 1.136444
v -10.907694 6.170843 1.395030
v -7.911291 6.046942 1.402539
v -7.910591 6.182387 1.149367
v -13.904141 6.178754 1.394626
v -7.910979 5.925343 1.275022
v -10.907085 5.929219 1.143953
v -13.903797 6.174720 1.263961
v -10.907368 6.167037 1.271737
v -10.907041 6.175569 1.148680
v -13.903451 6.183762 1.133547
v -7.910626 6.051744 1.152264
v -7.910636 5.921308 1.144357
v -13.904150 6.048317 1.386719
v -13.904187 5.917673 1.389616
v -10.907737 5.924492 1.390303
v -10.907701 6.047765 -1.119257
v -13.903497 5.922683 -1.378289
v -13.903487 6.053119 -1.370382
v -10.907369 6.167037 -1.235090
v -10.907409 5.933024 -1.239580
v -10.907086 5.929218 -1.362873
v -13.904188 5.917673 -1.117210
v -13.903842 5.926716 -1.247624
v -7.910937 6.173345 -1.227046
v -13.903451 6.183763 -1.373279
v -10.907694 6.170842 -1.111796
v -7.911291 6.046941 -1.104288
v -7.911282 6.177378 -1.096381
v -7.910591 6.182387 -1.357460
v -10.907078 6.052297 -1.355413
v -10.907041 6.175568 -1.358146
v -13.904142 6.178753 -1.112200
v -13.903799 6.174719 -1.242865
v -7.911328 5.916297 -1.101390
v -10.907737 5.924491 -1.116523
v -7.910980 5.925343 -1.231804
v -7.910636 5.921308 -1.362469
v -7.910627 6.051743 -1.354563
v -13.904150 6.048317 -1.120107
v -16.283863 6.047765 -0.888849
v -13.287452 6.046944 -0.873879
v -19.279648 6.053119 -1.139974
v -16.283529 6.167038 -1.004681
v -13.286752 6.182390 -1.127051
v -19.279659 5.922685 -1.147881
v -16.283247 5.929219 -1.132465
v -19.280350 5.917674 -0.886802
v -19.280001 5.926719 -1.017215
v -16.283855 6.170844 -0.881388
v -13.287097 6.173347 -0.996637
v -16.283237 6.052298 -1.125005
v -13.287442 6.177380 -0.865972
v -13.286788 6.051745 -1.124154
v -16.283205 6.175570 -1.127738
v -19.280306 6.178754 -0.881792
v -19.279959 6.174721 -1.012457
v -13.287489 5.916299 -0.870982
v -16.283897 5.924492 -0.886115
v -16.283571 5.933024 -1.009172
v -13.287142 5.925344 -1.001396
v -19.279613 6.183765 -1.142871
v -13.286797 5.921310 -1.132061
v -19.280313 6.048318 -0.889699
v -19.279659 5.922683 0.848979
v -19.279648 6.053118 0.856885
v -13.474375 6.172950 0.999719
v -13.286751 6.182387 0.869808
v -19.280001 5.926717 0.979644
v -16.283247 5.929218 0.864394
v -13.287442 6.177378 1.130887
v -13.287097 6.173345 1.000222
v -16.283205 6.175568 0.869121
v -19.279612 6.183762 0.853988
v -13.474717 6.176970 1.129923
v -13.474726 6.046993 1.122044
v -13.287451 6.046942 1.122980
v -19.280313 6.048317 1.107160
v -14.784976 6.178978 0.869464
v -14.785011 6.052021 0.872280
v -19.280304 6.178752 1.115067
v -19.279959 6.174719 0.984402
v -14.785355 5.929183 0.991575
v -16.283571 5.933022 0.987687
v -14.785022 5.925264 0.864596
v -16.283527 6.167035 0.992178
v -16.283237 6.052296 0.871855
v -19.280350 5.917672 1.110057
v -16.283897 5.924490 1.110744
v -14.036247 5.927261 0.993519
v -16.283855 6.170842 1.115471
v -16.283861 6.047762 1.108010
v -14.035898 6.051883 0.872493
v -13.848970 5.926782 0.994005
v -13.848630 5.922791 0.864723
v -14.035908 5.923285 0.864697
v -14.785647 6.174110 1.123179
v -14.785313 6.170191 0.996200
v -14.035863 6.180682 0.869636
v -14.785657 6.047353 1.115495
v -14.785691 5.920393 1.118311
v -14.036589 5.918347 1.122094
v -13.286787 6.051744 0.872705
v -13.474067 6.051778 0.872652
v -13.474074 5.921803 0.864773
v -13.287140 5.925343 0.995463
v -13.286797 5.921308 0.864798
v -13.474417 5.925820 0.994977
v -13.661353 5.922296 0.864748
v -13.661695 5.926302 0.994491
v -13.287488 5.916297 1.125877
v -13.662038 5.917322 1.123986
v -13.474029 6.181961 0.869765
v -13.661344 6.051815 0.872599
v -13.848622 6.051848 0.872545
v -14.036544 6.175745 1.127033
v -14.036553 6.047148 1.119238
v -13.662001 6.047045 1.121109
v -13.849268 6.176152 1.127996
v -13.848928 6.172162 0.998713
v -13.661993 6.176561 1.128960
v -14.036203 6.171768 0.998211
v -13.848585 6.181108 0.869679
v -13.661307 6.181535 0.869722
v -13.661651 6.172556 0.999216
v -13.849277 6.047097 1.120173
v -13.849314 5.917834 1.123040
v -13.474763 5.916810 1.124931
v -19.755819 7.248024 -1.169160
v -19.743856 8.538305 -1.169159
v -20.077084 7.248026 -1.169160
v -20.038755 7.248026 -1.291463
v -20.045208 5.957749 -1.297915
v -20.087749 5.957749 -1.169160
v -19.916451 7.248026 -1.010212
v -19.916451 8.538302 -0.997661
v -20.044155 8.538305 -1.041455
v -20.038755 7.248027 -1.046857
v -19.916451 7.248025 -1.328108
v -19.916451 5.957749 -1.338982
v -19.794149 7.248025 -1.291463
v -19.787695 5.957749 -1.297916
v -19.794149 7.248025 -1.046857
v -19.788746 8.538302 -1.041455
v -20.045208 5.957747 -1.040405
v -19.787695 5.957747 -1.040405
v -19.745153 5.957747 -1.169160
v -20.089046 8.538303 -1.169159
v -19.916451 5.957748 -0.999338
v -19.788746 8.538301 -1.296864
v -19.916452 8.538304 -1.340658
v -20.044157 8.538304 -1.296864
v -19.916451 7.248024 0.974275
v -19.916451 5.957746 0.962314
v -19.916451 7.248027 1.295542
v -19.794149 7.248024 1.257211
v -19.787695 8.538305 1.263664
v -19.916451 8.538302 1.306206
v -20.075399 7.248026 1.134909
v -20.087948 5.957747 1.134908
v -20.044155 5.957749 1.262613
v -20.038754 7.248026 1.257211
v -19.757504 7.248025 1.134908
v -19.746632 8.538303 1.134909
v -19.794149 7.248024 1.012605
v -20.038754 7.248025 1.012605
v -20.044153 5.957747 1.007204
v -20.045208 8.538301 1.263664
v -20.045208 8.538303 1.006153
v -19.916451 8.538304 0.963611
v -19.916449 5.957747 1.307502
v -20.086273 8.538304 1.134909
v -19.788744 5.957747 1.007203
v -19.744951 5.957748 1.134908
v -19.788744 5.957747 1.262613
v -19.787695 8.538303 1.006153
vn 0.0616 -0.0416 0.9972
vn -0.0063 -0.0242 -0.9997
vn 0.6441 -0.7648 0.0181
vn -0.6407 0.7638 0.0781
vn -0.6441 0.7648 -0.0181
vn 0.6407 -0.7638 -0.0782
vn 0.6407 -0.7638 -0.0781
vn -0.0616 0.0416 -0.9972
vn 0.0063 0.0242 0.9997
vn 0.0066 0.0244 0.9997
vn -0.0619 0.0413 -0.9972
vn 0.6410 -0.7636 -0.0781
vn -0.6443 0.7645 -0.0181
vn -0.6410 0.7636 0.0781
vn 0.6443 -0.7645 0.0181
vn -0.0066 -0.0244 -0.9997
vn 0.0619 -0.0413 0.9972
vn 0.9997 0.0220 0.0114
vn 0.9997 0.0221 0.0114
vn -0.9981 0.0602 -0.0114
vn 0.0695 0.9976 0.0056
vn 0.0699 0.9975 0.0056
vn 0.0310 -0.9995 -0.0050
vn 0.0310 -0.9995 -0.0051
vn -0.0695 -0.9976 -0.0056
vn -0.0310 0.9995 0.0051
vn -0.0306 0.9995 0.0050
vn -0.9997 -0.0221 -0.0114
vn 0.9981 -0.0602 0.0114
vn 0.9982 -0.0602 -0.0003
vn -0.9998 -0.0221 0.0003
vn -0.0315 0.9995 -0.0065
vn -0.0313 0.9995 -0.0065
vn -0.0690 -0.9976 0.0060
vn -0.0695 -0.9976 0.0060
vn 0.0315 -0.9995 0.0065
vn 0.0310 -0.9995 0.0065
vn 0.0690 0.9976 -0.0060
vn 0.0693 0.9976 -0.0060
vn -0.9982 0.0602 0.0003
vn 0.9998 0.0221 -0.0003
vn 0.0694 0.9976 -0.0060
vn -0.0311 0.9995 -0.0065
vn -0.9997 -0.0220 -0.0114
vn -0.0697 -0.9976 -0.0056
vn -0.0699 -0.9975 -0.0056
vn 0.0308 -0.9995 -0.0050
vn 0.0306 -0.9995 -0.0051
vn -0.0696 -0.9976 -0.0056
vn 0.0309 -0.9995 -0.0050
vn 0.0308 -0.9995 -0.0051
vn 0.0695 0.9976 -0.0060
vn -0.0310 0.9995 -0.0065
vn 0.0309 -0.9995 -0.0051
vn -0.0695 -0.9976 -0.0055
vn 0.9542 -0.0058 -0.2990
vn 0.9434 -0.0097 -0.3316
vn -0.9542 0.0070 -0.2991
vn -0.9495 0.0087 -0.3137
vn -0.3244 -0.0102 0.9459
vn -0.2870 -0.0058 0.9579
vn -0.3039 0.0089 -0.9527
vn -0.2870 0.0069 -0.9579
vn 0.3039 0.0070 -0.9527
vn 0.2870 0.0090 -0.9579
vn 0.3244 -0.0059 0.9459
vn 0.2870 -0.0104 0.9579
vn -0.9542 0.0088 0.2990
vn -0.9495 0.0070 0.3137
vn 0.9542 -0.0098 0.2990
vn 0.9434 -0.0059 0.3316
vn 0.9495 0.0087 0.3137
vn 0.9542 0.0070 0.2991
vn -0.9434 -0.0097 0.3316
vn -0.9542 -0.0058 0.2991
vn 0.2870 0.0069 0.9579
vn 0.3039 0.0089 0.9527
vn 0.2870 -0.0058 -0.9579
vn 0.3244 -0.0102 -0.9459
vn -0.2870 -0.0104 -0.9579
vn -0.3244 -0.0059 -0.9459
vn -0.2870 0.0090 0.9579
vn -0.3039 0.0070 0.9527
vn -0.9434 -0.0059 -0.3316
vn -0.9542 -0.0098 -0.2991
vn 0.9495 0.0070 -0.3137
vn 0.9542 0.0088 -0.2991
vn 0.2991 0.0058 -0.9542
vn 0.3316 0.0097 -0.9434
vn 0.2991 -0.0070 0.9542
vn 0.3137 -0.0087 0.9495
vn -0.9459 0.0102 0.3244
vn -0.9579 0.0058 0.2870
vn 0.9527 -0.0089 0.3039
vn 0.9579 -0.0069 0.2870
vn 0.9527 -0.0070 -0.3039
vn 0.9579 -0.0090 -0.2870
vn -0.9459 0.0059 -0.3244
vn -0.9579 0.0104 -0.2870
vn -0.2991 -0.0088 0.9542
vn -0.3137 -0.0070 0.9495
vn -0.2990 0.0098 -0.9542
vn -0.3316 0.0059 -0.9434
vn -0.3137 -0.0087 -0.9495
vn -0.2991 -0.0070 -0.9542
vn -0.3316 0.0097 0.9434
vn -0.2991 0.0058 0.9542
vn -0.9579 -0.0069 -0.2870
vn -0.9527 -0.0089 -0.3039
vn 0.9579 0.0058 -0.2870
vn 0.9459 0.0102 -0.3244
vn 0.9579 0.0104 0.2870
vn 0.9459 0.0059 0.3244
vn -0.9579 -0.0090 0.2870
vn -0.9527 -0.0070 0.3039
vn 0.3316 0.0059 0.9434
vn 0.2990 0.0098 0.9542
vn 0.3137 -0.0070 -0.9495
vn 0.2991 -0.0088 -0.9542
vn 0.3109 -0.0070 0.9504
vn 0.9537 -0.0070 0.3007
vn 0.9537 -0.0089 -0.3006
vn -0.3109 -0.0087 0.9504
vn -0.3021 -0.0088 -0.9532
vn -0.9568 -0.0090 -0.2906
vn -0.9568 -0.0069 0.2906
vn 0.2991 0.0098 0.9542
vn 0.3021 -0.0070 -0.9532
vn 0.3109 -0.0087 -0.9504
vn 0.3109 -0.0070 -0.9504
vn 0.3081 -0.0087 -0.9513
vn 0.3081 -0.0070 -0.9513
vn 0.3051 -0.0087 -0.9523
vn 0.3051 -0.0070 -0.9523
vn 0.3021 -0.0088 -0.9532
vn -0.9537 -0.0089 0.3006
vn -0.9547 -0.0089 0.2974
vn -0.9537 -0.0070 0.3007
vn -0.9558 -0.0090 0.2940
vn -0.9547 -0.0070 0.2974
vn -0.9568 -0.0090 0.2905
vn -0.9558 -0.0069 0.2940
vn -0.9537 -0.0070 -0.3007
vn -0.9547 -0.0070 -0.2974
vn -0.9537 -0.0089 -0.3007
vn -0.9558 -0.0069 -0.2940
vn -0.9547 -0.0089 -0.2974
vn -0.9568 -0.0069 -0.2905
vn -0.9558 -0.0090 -0.2940
vn -0.3109 -0.0070 -0.9504
vn -0.3109 -0.0087 -0.9504
vn -0.3081 -0.0070 -0.9513
vn -0.3081 -0.0087 -0.9513
vn -0.3051 -0.0070 -0.9523
vn -0.3051 -0.0087 -0.9523
vn -0.3021 -0.0070 -0.9532
vn -0.3021 -0.0070 0.9532
vn -0.3021 -0.0088 0.9532
vn -0.3051 -0.0070 0.9523
vn -0.3051 -0.0087 0.9523
vn -0.3081 -0.0070 0.9513
vn -0.3081 -0.0087 0.9513
vn -0.3109 -0.0070 0.9504
vn 0.9568 -0.0069 -0.2905
vn 0.9558 -0.0069 -0.2940
vn 0.9568 -0.0090 -0.2905
vn 0.9547 -0.0070 -0.2974
vn 0.9558 -0.0089 -0.2940
vn 0.9537 -0.0070 -0.3007
vn 0.9547 -0.0089 -0.2973
vn 0.9568 -0.0090 0.2905
vn 0.9558 -0.0090 0.2940
vn 0.9568 -0.0069 0.2905
vn 0.9547 -0.0089 0.2973
vn 0.9558 -0.0069 0.2940
vn 0.9537 -0.0089 0.3007
vn 0.9547 -0.0070 0.2974
vn 0.3021 -0.0088 0.9532
vn 0.3021 -0.0070 0.9532
vn 0.3051 -0.0087 0.9523
vn 0.3051 -0.0070 0.9523
vn 0.3081 -0.0087 0.9513
vn 0.3081 -0.0070 0.9513
vn 0.3109 -0.0087 0.9504
vn -0.9542 0.0088 0.2991
vn 0.9542 -0.0098 0.2991
vn 0.9542 0.0070 0.2990
vn -0.9542 -0.0098 -0.2990
vn 0.9542 0.0088 -0.2990
vn 0.0417 0.0129 0.9990
vn -0.0011 -0.0613 -0.9981
vn 0.6424 -0.7610 0.0903
vn -0.6404 0.7669 0.0404
vn -0.6424 0.7610 -0.0903
vn 0.6404 -0.7669 -0.0404
vn 0.6404 -0.7669 -0.0403
vn -0.0417 -0.0129 -0.9990
vn 0.0011 0.0613 0.9981
vn 0.0013 0.0615 0.9981
vn -0.0419 -0.0131 -0.9990
vn 0.6407 -0.7667 -0.0403
vn 0.6407 -0.7667 -0.0404
vn -0.6427 0.7608 -0.0903
vn -0.6407 0.7667 0.0404
vn -0.6407 0.7667 0.0403
vn 0.6427 -0.7608 0.0903
vn -0.0013 -0.0615 -0.9981
vn 0.0419 0.0131 0.9990
vn 0.0361 0.0650 0.9972
vn 0.0246 -0.0042 -0.9997
vn 0.7057 0.7083 0.0181
vn -0.7051 -0.7048 0.0781
vn -0.7051 -0.7048 0.0782
vn -0.7057 -0.7083 -0.0181
vn -0.7057 -0.7083 -0.0180
vn 0.7051 0.7048 -0.0782
vn 0.7051 0.7048 -0.0781
vn -0.0361 -0.0650 -0.9972
vn -0.0246 0.0042 0.9997
vn -0.0249 0.0044 0.9997
vn -0.0358 -0.0652 -0.9972
vn 0.7048 0.7051 -0.0781
vn -0.7055 -0.7085 -0.0181
vn -0.7048 -0.7051 0.0781
vn 0.7055 0.7085 0.0181
vn 0.0249 -0.0044 -0.9997
vn 0.0358 0.0652 0.9972
vn -0.0165 0.0405 0.9990
vn -0.0165 0.0404 0.9990
vn 0.0612 0.0042 -0.9981
vn 0.7022 0.7063 0.0903
vn -0.7082 -0.7048 0.0404
vn -0.7022 -0.7063 -0.0903
vn 0.7082 0.7048 -0.0404
vn 0.0165 -0.0405 -0.9990
vn 0.0165 -0.0404 -0.9990
vn -0.0612 -0.0042 0.9981
vn -0.0614 -0.0040 0.9981
vn 0.0167 -0.0406 -0.9990
vn 0.7080 0.7051 -0.0403
vn 0.7080 0.7051 -0.0404
vn -0.7019 -0.7065 -0.0903
vn -0.7080 -0.7051 0.0403
vn -0.7080 -0.7051 0.0404
vn 0.7019 0.7065 0.0903
vn 0.0614 0.0040 -0.9981
vn -0.0167 0.0406 0.9990
vn -0.9995 -0.0000 0.0309
vn 0.9987 -0.0000 0.0506
vn -0.0000 1.0000 -0.0000
vn -0.0000 -1.0000 -0.0000
vn 0.9977 -0.0000 0.0671
vn 0.9999 -0.0000 -0.0116
vn 0.9999 -0.0000 0.0119
vn -0.9905 -0.0000 -0.1374
vn -0.9999 -0.0000 -0.0119
vn -0.9998 -0.0000 0.0223
vn -0.9862 -0.0000 0.1653
vn 0.9920 -0.0000 -0.1259
vn 0.9999 -0.0000 -0.0161
vn 0.9999 -0.0000 -0.0159
vn 1.0000 -0.0000 -0.0040
vn -0.9989 -0.0000 -0.0467
vn -0.9963 -0.0000 -0.0856
vn -0.9997 -0.0000 0.0264
vn -0.9999 -0.0000 -0.0170
vn 1.0000 -0.0000 -0.0058
vn 0.9999 -0.0000 0.0170
vn 0.9917 -0.0000 0.1286
vn 1.0000 -0.0000 0.0083
vn -0.9999 -0.0000 0.0173
vn -1.0000 -0.0000 -0.0083
vn -0.9982 -0.0000 -0.0602
vn -1.0000 -0.0000 0.0017
vn 1.0000 -0.0000 -0.0017
vn -1.0000 -0.0000 0.0006
vn 1.0000 -0.0000 -0.0006
vn -1.0000 -0.0000 0.0016
vn 1.0000 -0.0000 -0.0016
vn 1.0000 -0.0000 -0.0028
vn -1.0000 -0.0000 0.0028
vn -1.0000 -0.0000 0.0005
vn 1.0000 -0.0000 -0.0005
vn -1.0000 -0.0000 0.0058
vn -0.9917 -0.0000 -0.1286
vn 0.9999 -0.0000 -0.0173
vn 0.9982 -0.0000 0.0602
vn 0.9862 -0.0000 -0.1653
vn -0.9920 -0.0000 0.1259
vn -0.9999 -0.0000 0.0161
vn -0.9999 -0.0000 0.0159
vn -1.0000 -0.0000 0.0040
vn 0.9989 -0.0000 0.0467
vn 0.9963 -0.0000 0.0856
vn 0.9997 -0.0000 -0.0264
vn 0.9995 -0.0000 -0.0309
vn -0.9987 -0.0000 -0.0506
vn -0.9977 -0.0000 -0.0671
vn -0.9999 -0.0000 0.0116
vn 0.9905 -0.0000 0.1374
vn 0.9998 -0.0000 -0.0223
vn -0.9993 -0.0000 -0.0362
vn 0.9993 -0.0000 0.0362
vn 0.9942 -0.0000 -0.1080
vn 0.9997 -0.0000 0.0232
vn 0.9972 -0.0000 -0.0742
vn -0.9959 -0.0000 0.0905
vn -0.9997 -0.0000 -0.0232
vn -0.9972 -0.0000 0.0742
vn 0.9985 -0.0000 0.0541
vn -0.9985 -0.0000 -0.0541
vn -0.9959 -0.0000 0.0901
vn -0.9992 -0.0000 -0.0412
vn -0.9984 -0.0000 0.0563
vn 0.9974 -0.0000 -0.0726
vn 0.9992 -0.0000 0.0412
vn 0.9984 -0.0000 -0.0563
vn -0.9985 -0.0000 -0.0542
vn -0.0888 -0.2004 0.9757
vn -0.0049 -0.0399 0.9992
vn -0.1116 -0.2290 -0.9670
vn -0.1160 -0.2396 -0.9639
vn -0.4197 -0.9051 0.0685
vn -0.4197 -0.9050 0.0692
vn 0.4206 0.9067 0.0309
vn 0.4195 0.9051 -0.0692
vn -0.4207 -0.9067 -0.0306
vn -0.4207 -0.9067 -0.0309
vn 0.0892 0.2002 -0.9757
vn 0.0937 0.2112 -0.9729
vn 0.1187 0.2257 0.9670
vn 0.0366 0.0671 0.9971
vn 0.1030 0.2202 0.9700
vn 0.1084 0.2305 0.9670
vn 0.0128 0.0078 -0.9999
vn 0.0919 0.1990 -0.9757
vn -0.4248 -0.9048 -0.0309
vn 0.4236 0.9032 -0.0692
vn 0.4237 0.9032 -0.0685
vn 0.4247 0.9048 0.0308
vn 0.4247 0.9048 0.0305
vn -0.4238 -0.9031 0.0692
vn -0.0219 -0.0459 -0.9987
vn -0.1003 -0.2342 -0.9670
vn -0.0869 -0.1881 0.9783
vn -0.0925 -0.1987 0.9757
vn -0.0048 -0.0222 0.9997
vn -0.0301 -0.0527 -0.9982
vn -0.4195 -0.9051 0.0692
vn -0.4206 -0.9067 -0.0309
vn 0.0048 0.0222 -0.9997
vn 0.0301 0.0527 0.9982
vn 0.0258 0.0547 0.9982
vn 0.0091 0.0202 -0.9998
vn -0.4248 -0.9048 -0.0308
vn 0.4238 0.9031 -0.0692
vn 0.4248 0.9048 0.0309
vn 0.4248 0.9048 0.0308
vn -0.0258 -0.0547 -0.9982
vn -0.0091 -0.0202 0.9998
vn -0.0139 0.0180 0.9997
vn -0.0210 0.0569 -0.9982
vn -0.0210 0.0570 -0.9982
vn -0.4237 0.9032 0.0692
vn 0.4242 -0.9050 0.0309
vn 0.4237 -0.9032 -0.0692
vn -0.4242 0.9050 -0.0309
vn 0.0139 -0.0180 -0.9997
vn 0.0210 -0.0570 0.9982
vn 0.0210 -0.0569 0.9982
vn 0.0253 -0.0550 0.9982
vn 0.0096 -0.0200 -0.9998
vn -0.4200 0.9070 -0.0308
vn -0.4200 0.9070 -0.0309
vn 0.4194 -0.9051 -0.0692
vn 0.4200 -0.9070 0.0308
vn -0.4194 0.9051 0.0692
vn -0.0253 0.0550 -0.9982
vn -0.0096 0.0200 0.9998
vn 0.4200 -0.9070 0.0309
vn 0.4195 -0.9051 -0.0692
vn -0.4243 0.9050 -0.0309
vn 0.2991 0.0052 -0.9542
vn 0.3316 0.0087 -0.9434
vn 0.2991 -0.0063 0.9542
vn 0.3137 -0.0078 0.9495
vn -0.9459 0.0092 0.3244
vn -0.9579 0.0052 0.2870
vn 0.9527 -0.0080 0.3039
vn 0.9579 -0.0062 0.2870
vn 0.9527 -0.0063 -0.3039
vn 0.9579 -0.0081 -0.2870
vn -0.9459 0.0053 -0.3244
vn -0.9579 0.0093 -0.2870
vn -0.2991 -0.0079 0.9542
vn -0.3137 -0.0063 0.9495
vn -0.2991 0.0088 -0.9542
vn -0.3316 0.0053 -0.9434
vn -0.3137 -0.0078 -0.9495
vn -0.2991 -0.0063 -0.9542
vn -0.3316 0.0087 0.9434
vn -0.2991 0.0052 0.9542
vn -0.9579 -0.0062 -0.2870
vn -0.9527 -0.0080 -0.3039
vn 0.9579 0.0052 -0.2870
vn 0.9459 0.0092 -0.3244
vn 0.9579 0.0093 0.2870
vn 0.9459 0.0053 0.3244
vn -0.9579 -0.0081 0.2870
vn -0.9527 -0.0063 0.3039
vn 0.3316 0.0053 0.9434
vn 0.2991 0.0088 0.9542
vn 0.3137 -0.0063 -0.9495
vn 0.2991 -0.0079 -0.9542
vn 0.9542 -0.0052 -0.2991
vn 0.9434 -0.0087 -0.3316
vn -0.9542 0.0063 -0.2990
vn -0.9495 0.0078 -0.3137
vn -0.3244 -0.0092 0.9459
vn -0.2870 -0.0052 0.9579
vn -0.3039 0.0080 -0.9527
vn -0.2870 0.0062 -0.9579
vn 0.3039 0.0063 -0.9527
vn 0.2870 0.0081 -0.9579
vn 0.3244 -0.0053 0.9459
vn 0.2870 -0.0093 0.9579
vn -0.9542 0.0079 0.2991
vn -0.9495 0.0063 0.3137
vn 0.9542 -0.0088 0.2990
vn 0.9434 -0.0053 0.3316
vn 0.9495 0.0078 0.3137
vn 0.9542 0.0063 0.2991
vn -0.9434 -0.0087 0.3316
vn -0.9542 -0.0052 0.2991
vn 0.2870 0.0062 0.9579
vn 0.3039 0.0080 0.9527
vn 0.2870 -0.0052 -0.9579
vn 0.3244 -0.0092 -0.9459
vn -0.2870 -0.0093 -0.9579
vn -0.3244 -0.0053 -0.9459
vn -0.2870 0.0081 0.9579
vn -0.3039 0.0063 0.9527
vn -0.9434 -0.0053 -0.3316
vn -0.9542 -0.0088 -0.2990
vn 0.9495 0.0063 -0.3137
vn 0.9542 0.0079 -0.2991
vn -0.0050 0.0222 0.9997
vn 0.0050 0.0605 -0.9982
vn -0.0023 0.9976 0.0692
vn 0.0020 -0.9995 0.0309
vn 0.0023 -0.9976 -0.0692
vn -0.0020 0.9995 -0.0309
vn 0.0050 -0.0222 -0.9997
vn -0.0050 -0.0605 0.9982
vn -0.0003 -0.0605 0.9982
vn 0.0003 -0.0222 -0.9998
vn 0.0026 0.9995 -0.0308
vn -0.0024 -0.9976 -0.0692
vn -0.0026 -0.9995 0.0308
vn 0.0024 0.9976 0.0692
vn 0.0003 0.0605 -0.9982
vn -0.0003 0.0222 0.9998
vn -0.0026 -0.9995 0.0309
vn 0.0020 -0.9995 0.0308
vn 0.0026 0.9995 -0.0309
vn -0.0020 0.9995 -0.0308
vn -0.0027 -0.9995 0.0309
vn -0.9542 0.0063 -0.2991
vn -0.9542 -0.0088 -0.2991
vn 0.9542 0.0079 -0.2990
vn 0.9527 -0.0080 0.3038
vn 0.9527 -0.0063 -0.3038
vt -0.019950 0.030120
vt -0.085760 0.030120
vt -0.085760 0.398686
vt -0.019950 0.398686
vt 0.243290 0.030120
vt 0.309101 0.030120
vt 0.309100 -0.338446
vt 0.243290 -0.338446
vt 0.111670 0.030120
vt 0.111670 0.398686
vt 0.177481 0.398686
vt 0.177480 0.030120
vt 0.374911 0.030120
vt 0.374910 -0.338446
vt 0.440721 0.030120
vt 0.440721 -0.338446
vt 0.045860 0.030120
vt 0.045860 0.398686
vt 0.177480 -0.338446
vt 0.045860 -0.338446
vt -0.019950 -0.338446
vt 0.243291 0.398686
vt 0.111670 -0.338446
vt 0.440721 0.398686
vt 0.374911 0.398686
vt 0.309101 0.398686
vt -0.085760 -0.338446
vt -0.085760 1.286119
vt -0.019950 1.286119
vt 0.243290 -1.186630
vt 0.309100 -1.186629
vt 0.309100 -1.225879
vt 0.243290 -1.225880
vt 0.111670 1.286119
vt 0.177481 1.286119
vt 0.374910 -1.186630
vt 0.374910 -1.225880
vt 0.440721 -1.186630
vt 0.440721 -1.225880
vt 0.045860 1.286119
vt 0.177480 -1.186630
vt 0.177480 -1.225880
vt 0.045860 -0.597880
vt -0.019950 -0.597880
vt 0.243291 1.286119
vt 0.111670 -0.597880
vt 0.440721 1.286119
vt 0.374911 1.286119
vt 0.309101 1.286119
vt 0.177480 -0.597880
vt -0.085760 -0.597880
vt -0.019950 -0.911880
vt -0.085760 -0.911880
vt 0.111670 -0.911880
vt 0.177480 -0.911880
vt 0.045860 -0.911880
vt 0.243290 -0.597880
vt 0.440721 -0.597880
vt 0.374910 -0.597880
vt 0.309100 -0.597880
vt 0.045860 -1.068880
vt -0.019950 -1.068880
vt 0.111670 -1.068880
vt 0.177480 -1.068880
vt -0.085760 -1.068880
vt 0.243290 -0.911880
vt 0.440721 -0.911880
vt 0.374910 -0.911880
vt 0.309100 -0.911880
vt -0.019950 -1.147379
vt -0.085760 -1.147379
vt 0.111670 -1.147380
vt 0.177480 -1.147380
vt 0.045860 -1.147379
vt 0.243290 -1.068880
vt 0.440721 -1.068880
vt 0.374910 -1.068880
vt 0.309100 -1.068880
vt 0.045860 -1.186629
vt -0.019950 -1.186629
vt 0.111670 -1.186630
vt -0.085760 -1.186629
vt 0.243290 -1.147380
vt 0.440721 -1.147380
vt 0.374910 -1.147380
vt 0.309100 -1.147379
vt -0.019950 -1.225879
vt -0.085760 -1.225879
vt 0.111670 -1.225880
vt 0.045860 -1.225879
vt 0.112783 0.825657
vt 0.017432 0.825657
vt 0.017432 1.507375
vt 0.112783 1.507375
vt 0.494185 0.825657
vt 0.589536 0.825657
vt 0.589536 0.143940
vt 0.494185 0.143939
vt 0.303484 0.825657
vt 0.303484 1.507375
vt 0.398835 1.507375
vt 0.398835 0.825657
vt 0.684887 0.825657
vt 0.684887 0.143939
vt 0.780237 0.825657
vt 0.780237 0.143939
vt 0.208134 0.825657
vt 0.208134 1.507375
vt 0.398835 0.143939
vt 0.208134 0.143940
vt 0.112783 0.143940
vt 0.494185 1.507375
vt 0.303484 0.143939
vt 0.780237 1.507375
vt 0.684887 1.507375
vt 0.589536 1.507375
vt 0.017432 0.143940
vt 0.494185 0.280283
vt 0.589536 0.280283
vt 0.684887 0.280283
vt 0.780237 0.280283
vt 0.398835 0.280283
vt 0.208134 0.689314
vt 0.112783 0.689314
vt 0.303484 0.689314
vt 0.398835 0.689313
vt 0.017432 0.689314
vt 0.017432 0.280283
vt 0.112783 0.280283
vt 0.017432 0.416627
vt 0.112783 0.416627
vt 0.017432 0.552970
vt 0.112783 0.552970
vt 0.303484 0.280283
vt 0.303484 0.416627
vt 0.398835 0.416626
vt 0.303484 0.552970
vt 0.398835 0.552970
vt 0.208134 0.280283
vt 0.208134 0.416627
vt 0.208134 0.552970
vt 0.494185 0.689314
vt 0.494185 0.552970
vt 0.494185 0.416627
vt 0.780237 0.689313
vt 0.684887 0.689313
vt 0.780237 0.552970
vt 0.684887 0.552970
vt 0.780237 0.416626
vt 0.684887 0.416626
vt 0.589536 0.689314
vt 0.589536 0.552970
vt 0.589536 0.416627
vt 0.032911 0.252965
vt 0.096316 0.252965
vt 0.096316 0.014160
vt 0.032911 0.014160
vt 0.185228 0.260736
vt 0.212306 0.260736
vt 0.212306 0.022105
vt 0.185228 0.022105
vt 0.637628 0.746767
vt 0.637628 0.993116
vt 0.752571 0.993116
vt 0.752571 0.746767
vt 0.130329 0.745026
vt 0.130329 0.991073
vt 0.240051 0.991073
vt 0.240051 0.745026
vt 0.130329 0.006884
vt 0.130329 0.252932
vt 0.240051 0.252932
vt 0.240051 0.006885
vt 0.130329 0.498979
vt 0.240051 0.498979
vt 0.637628 0.007721
vt 0.637628 0.254070
vt 0.752571 0.254070
vt 0.752571 0.007721
vt 0.637628 0.500418
vt 0.752571 0.500418
vt 0.185228 0.976629
vt 0.212306 0.976629
vt 0.212306 0.737998
vt 0.185228 0.737998
vt 0.212306 0.499367
vt 0.185228 0.499367
vt 0.032911 0.969377
vt 0.096316 0.969377
vt 0.096316 0.730573
vt 0.032911 0.730573
vt 0.096316 0.491769
vt 0.032911 0.491769
vt 0.769851 0.745026
vt 0.769851 0.991073
vt 0.879573 0.991073
vt 0.879573 0.745026
vt 0.769851 0.006884
vt 0.769851 0.252932
vt 0.879573 0.252932
vt 0.879573 0.006885
vt 0.769851 0.498979
vt 0.879573 0.498979
vt 0.260575 0.745026
vt 0.260575 0.991073
vt 0.373344 0.991073
vt 0.373344 0.745026
vt 0.260575 0.006884
vt 0.260575 0.252932
vt 0.373344 0.252932
vt 0.373344 0.006885
vt 0.260575 0.498979
vt 0.373344 0.498979
vt 0.771468 0.007721
vt 0.771468 0.993116
vt 0.869102 0.993116
vt 0.869102 0.007721
vt 0.777654 0.006884
vt 0.777654 0.991073
vt 0.871189 0.991073
vt 0.871189 0.006885
vt 0.160429 0.975633
vt 0.222884 0.975633
vt 0.222884 0.021193
vt 0.160429 0.021193
vt 0.310465 0.982878
vt 0.337137 0.982878
vt 0.337137 0.029131
vt 0.310465 0.029131
vt 0.257866 0.018002
vt 0.257866 0.986348
vt 0.377183 0.986348
vt 0.377183 0.018002
vt 0.643694 0.012578
vt 0.643694 0.985379
vt 0.737764 0.985379
vt 0.737764 0.012578
vt 0.146271 0.965059
vt 0.207118 0.965059
vt 0.207118 0.031556
vt 0.146271 0.031556
vt 0.424195 0.999067
vt 0.458886 0.999067
vt 0.458886 0.017600
vt 0.424195 0.017600
vt 0.767693 0.016246
vt 0.767693 0.984591
vt 0.880796 0.984591
vt 0.880796 0.016246
vt 0.262267 0.016246
vt 0.262267 0.984591
vt 0.379810 0.984591
vt 0.379810 0.016246
vt 0.269351 0.016246
vt 0.269351 0.984591
vt 0.372725 0.984591
vt 0.372725 0.016246
vt 0.152784 0.265110
vt 0.191270 0.265110
vt 0.191270 0.034127
vt 0.152784 0.034127
vt 0.432768 0.264527
vt 0.465868 0.264527
vt 0.465868 0.030419
vt 0.432768 0.030419
vt 0.086767 0.743890
vt 0.086767 0.987360
vt 0.112520 0.987360
vt 0.112520 0.743890
vt 0.210150 0.711780
vt 0.210150 0.926339
vt 0.233280 0.926339
vt 0.233280 0.711780
vt 0.210150 0.068105
vt 0.210150 0.282664
vt 0.233280 0.282664
vt 0.233280 0.068105
vt 0.210150 0.497222
vt 0.233280 0.497222
vt 0.086767 0.013476
vt 0.086767 0.256947
vt 0.112520 0.256947
vt 0.112520 0.013476
vt 0.086767 0.500418
vt 0.112520 0.500419
vt 0.432768 0.966852
vt 0.465868 0.966852
vt 0.465868 0.732744
vt 0.432768 0.732744
vt 0.465868 0.498636
vt 0.432768 0.498635
vt 0.152784 0.958061
vt 0.191270 0.958061
vt 0.191270 0.727077
vt 0.152784 0.727077
vt 0.191270 0.496094
vt 0.152784 0.496094
vt 0.009505 0.500418
vt 0.009505 0.743889
vt 0.035259 0.743889
vt 0.035259 0.500418
vt 0.061013 0.743890
vt 0.061013 0.500418
vt 0.009505 0.256947
vt 0.035259 0.256947
vt 0.061013 0.256947
vt 0.009505 0.013476
vt 0.035259 0.013476
vt 0.061013 0.013476
vt 0.140759 0.497222
vt 0.140759 0.711780
vt 0.163890 0.711780
vt 0.163890 0.497222
vt 0.187020 0.711780
vt 0.187020 0.497222
vt 0.140759 0.282663
vt 0.163890 0.282664
vt 0.187020 0.282664
vt 0.140759 0.068105
vt 0.163890 0.068105
vt 0.187020 0.068105
vt 0.140759 0.926339
vt 0.163890 0.926339
vt 0.187020 0.926339
vt 0.009505 0.987360
vt 0.035259 0.987360
vt 0.061013 0.987360
vt -0.019950 1.207619
vt -0.085760 1.207619
vt 0.111670 1.207619
vt 0.177481 1.207619
vt 0.045860 1.207620
vt 0.177480 0.658119
vt 0.243291 0.658119
vt 0.440721 0.658119
vt 0.374911 0.658119
vt 0.309101 0.658119
vt 0.243291 0.972119
vt 0.309101 0.972119
vt 0.374911 0.972119
vt 0.440721 0.972119
vt 0.177480 0.972119
vt -0.019950 0.658120
vt 0.045860 0.658120
vt 0.111670 0.658120
vt -0.085760 0.658119
vt 0.177481 1.050619
vt 0.243291 1.050619
vt 0.440721 1.050619
vt 0.374911 1.050619
vt 0.309101 1.050619
vt -0.019950 0.972119
vt 0.045860 0.972120
vt 0.111670 0.972119
vt -0.085760 0.972119
vt 0.309101 1.207619
vt 0.243291 1.207619
vt 0.309101 1.129119
vt 0.243291 1.129119
vt 0.374911 1.207619
vt 0.374911 1.129119
vt 0.440721 1.207619
vt 0.440721 1.129119
vt 0.177481 1.129119
vt -0.019950 1.050619
vt 0.045860 1.050620
vt -0.019950 1.129119
vt 0.045860 1.129120
vt 0.111670 1.050619
vt 0.111670 1.129119
vt -0.085760 1.050619
vt -0.085760 1.129119
s 0
usemtl wood1
f 1187/127/125 1190/128/125 1201/129/125
f 1187/127/125 1201/129/125 1197/130/125
f 1199/131/126 1203/132/126 1188/133/126
f 1199/131/126 1188/133/126 1195/134/126
f 1206/135/127 1194/136/127 1189/137/127
f 1206/135/127 1189/137/127 1200/138/127
f 1192/139/128 1191/140/128 1188/133/128
f 1192/139/128 1188/133/128 1203/132/128
f 1190/141/129 1210/142/129 1191/140/129
f 1190/141/129 1191/140/129 1192/139/129
f 1196/143/130 1193/144/130 1194/136/130
f 1196/143/131 1194/136/131 1206/135/131
f 1200/138/132 1199/131/132 1195/134/132
f 1200/138/132 1195/134/132 1207/145/132
f 1196/143/133 1187/127/133 1197/130/133
f 1196/143/133 1197/130/133 1193/144/133
f 1198/146/134 1209/147/134 1187/127/134
f 1198/146/134 1187/127/134 1196/143/134
f 1189/137/135 1208/148/135 1199/131/135
f 1189/137/135 1199/131/135 1200/138/135
f 1198/146/136 1196/143/136 1206/135/136
f 1198/146/136 1206/135/136 1205/149/136
f 1201/150/137 1190/141/137 1192/139/137
f 1201/150/137 1192/139/137 1202/151/137
f 1202/151/138 1192/139/138 1203/132/138
f 1202/151/138 1203/132/138 1204/152/138
f 1205/149/139 1206/135/139 1200/138/139
f 1205/149/139 1200/138/139 1207/145/139
f 1208/148/140 1204/152/140 1203/132/140
f 1208/148/140 1203/132/140 1199/131/140
f 1209/147/141 1210/153/141 1190/128/141
f 1209/147/141 1190/128/141 1187/127/141
f 1230/127/142 1237/128/142 1211/154/142
f 1230/127/143 1211/154/143 1218/155/143
f 1269/156/144 1274/157/144 1212/158/144
f 1269/156/144 1212/158/144 1216/159/144
f 1225/135/145 1213/160/145 1214/161/145
f 1225/135/146 1214/161/146 1236/138/146
f 1273/162/147 1215/163/147 1212/158/147
f 1273/162/148 1212/158/148 1274/157/148
f 1265/164/149 1264/165/149 1215/163/149
f 1265/164/149 1215/163/149 1273/162/149
f 1221/143/150 1219/166/150 1213/160/150
f 1221/143/151 1213/160/151 1225/135/151
f 1270/167/152 1269/156/152 1216/159/152
f 1270/167/152 1216/159/152 1217/168/152
f 1221/143/153 1230/127/153 1218/155/153
f 1221/143/153 1218/155/153 1219/166/153
f 1220/169/154 1235/170/154 1230/127/154
f 1220/169/154 1230/127/154 1221/143/154
f 1214/161/155 1227/171/155 1222/131/155
f 1214/161/155 1222/131/155 1236/138/155
f 1220/169/156 1221/143/156 1225/135/156
f 1220/169/157 1225/135/157 1231/172/157
f 1211/173/158 1237/141/158 1223/139/158
f 1211/173/159 1223/139/159 1224/174/159
f 1224/174/160 1223/139/160 1229/132/160
f 1224/174/161 1229/132/161 1228/175/161
f 1231/172/162 1225/135/162 1236/138/162
f 1231/172/163 1236/138/163 1226/176/163
f 1227/171/164 1228/175/164 1229/132/164
f 1227/171/164 1229/132/164 1222/131/164
f 1235/170/165 1242/177/165 1237/128/165
f 1235/170/165 1237/128/165 1230/127/165
f 1234/178/165 1243/179/165 1242/177/165
f 1234/178/165 1242/177/165 1235/170/165
f 1232/180/163 1231/172/163 1226/176/163
f 1232/180/166 1226/176/166 1240/181/166
f 1233/182/157 1220/169/157 1231/172/157
f 1233/182/167 1231/172/167 1232/180/167
f 1233/182/154 1234/178/154 1235/170/154
f 1233/182/154 1235/170/154 1220/169/154
f 1236/138/168 1222/131/168 1246/183/168
f 1236/138/152 1246/183/152 1226/176/152
f 1237/141/169 1242/184/169 1244/185/169
f 1237/141/170 1244/185/170 1223/139/170
f 1223/139/171 1244/185/171 1238/186/171
f 1223/139/172 1238/186/172 1229/132/172
f 1222/131/144 1229/132/144 1238/186/144
f 1222/131/144 1238/186/144 1246/183/144
f 1239/187/154 1252/188/154 1234/178/154
f 1239/187/154 1234/178/154 1233/182/154
f 1239/187/167 1233/182/167 1232/180/167
f 1239/187/167 1232/180/167 1251/189/167
f 1251/189/166 1232/180/166 1240/181/166
f 1251/189/166 1240/181/166 1258/190/166
f 1252/188/165 1249/191/165 1243/179/165
f 1252/188/165 1243/179/165 1234/178/165
f 1226/176/152 1246/183/152 1241/192/152
f 1226/176/152 1241/192/152 1240/181/152
f 1242/184/173 1243/193/173 1245/194/173
f 1242/184/169 1245/194/169 1244/185/169
f 1244/185/174 1245/194/174 1247/195/174
f 1244/185/175 1247/195/175 1238/186/175
f 1246/183/144 1238/186/144 1247/195/144
f 1246/183/144 1247/195/144 1241/192/144
f 1248/196/165 1271/197/165 1249/191/165
f 1248/196/165 1249/191/165 1252/188/165
f 1256/198/166 1251/189/166 1258/190/166
f 1256/198/176 1258/190/176 1260/199/176
f 1250/200/167 1239/187/167 1251/189/167
f 1250/200/177 1251/189/177 1256/198/177
f 1250/200/154 1248/196/154 1252/188/154
f 1250/200/154 1252/188/154 1239/187/154
f 1240/181/152 1241/192/152 1259/201/152
f 1240/181/152 1259/201/152 1258/190/152
f 1243/193/173 1249/202/173 1253/203/173
f 1243/193/173 1253/203/173 1245/194/173
f 1245/194/147 1253/203/147 1254/204/147
f 1245/194/178 1254/204/178 1247/195/178
f 1241/192/144 1247/195/144 1254/204/144
f 1241/192/144 1254/204/144 1259/201/144
f 1255/205/154 1257/206/154 1248/196/154
f 1255/205/154 1248/196/154 1250/200/154
f 1255/205/177 1250/200/177 1256/198/177
f 1255/205/177 1256/198/177 1268/207/177
f 1268/207/176 1256/198/176 1260/199/176
f 1268/207/176 1260/199/176 1270/167/176
f 1257/206/165 1265/208/165 1271/197/165
f 1257/206/165 1271/197/165 1248/196/165
f 1258/190/152 1259/201/152 1262/209/152
f 1258/190/152 1262/209/152 1260/199/152
f 1249/202/179 1271/210/179 1272/211/179
f 1249/202/149 1272/211/149 1253/203/149
f 1253/203/147 1272/211/147 1261/212/147
f 1253/203/148 1261/212/148 1254/204/148
f 1259/201/144 1254/204/144 1261/212/144
f 1259/201/144 1261/212/144 1262/209/144
f 1263/213/165 1264/214/165 1265/208/165
f 1263/213/165 1265/208/165 1257/206/165
f 1266/215/176 1268/207/176 1270/167/176
f 1266/215/176 1270/167/176 1217/168/176
f 1267/216/177 1255/205/177 1268/207/177
f 1267/216/177 1268/207/177 1266/215/177
f 1267/216/154 1263/213/154 1257/206/154
f 1267/216/154 1257/206/154 1255/205/154
f 1260/199/152 1262/209/152 1269/156/152
f 1260/199/152 1269/156/152 1270/167/152
f 1271/210/149 1265/164/149 1273/162/149
f 1271/210/149 1273/162/149 1272/211/149
f 1272/211/148 1273/162/148 1274/157/148
f 1272/211/148 1274/157/148 1261/212/148
f 1262/209/144 1261/212/144 1274/157/144
f 1262/209/144 1274/157/144 1269/156/144
f 1275/217/180 1276/218/180 1277/219/180
f 1275/217/181 1277/219/181 1278/220/181
f 1279/221/182 1280/222/182 1281/223/182
f 1279/221/183 1281/223/183 1282/224/183
f 1283/225/184 1284/226/184 1285/227/184
f 1283/225/185 1285/227/185 1286/228/185
f 1287/229/186 1288/230/186 1281/223/186
f 1287/229/187 1281/223/187 1280/222/187
f 1276/231/188 1298/232/188 1288/230/188
f 1276/231/189 1288/230/189 1287/229/189
f 1289/233/190 1290/234/190 1284/226/190
f 1289/233/191 1284/226/191 1283/225/191
f 1286/228/192 1279/221/192 1282/224/192
f 1286/228/193 1282/224/193 1291/235/193
f 1289/233/194 1275/217/194 1278/220/194
f 1289/233/195 1278/220/195 1290/234/195
f 1292/236/196 1293/237/196 1275/217/196
f 1292/236/197 1275/217/197 1289/233/197
f 1285/227/198 1294/238/198 1279/221/198
f 1285/227/199 1279/221/199 1286/228/199
f 1292/236/200 1289/233/200 1283/225/200
f 1292/236/201 1283/225/201 1295/239/201
f 1277/240/202 1276/231/202 1287/229/202
f 1277/240/203 1287/229/203 1296/241/203
f 1296/241/204 1287/229/204 1280/222/204
f 1296/241/205 1280/222/205 1297/242/205
f 1295/239/206 1283/225/206 1286/228/206
f 1295/239/207 1286/228/207 1291/235/207
f 1294/238/208 1297/242/208 1280/222/208
f 1294/238/209 1280/222/209 1279/221/209
f 1293/237/210 1298/243/210 1276/218/210
f 1293/237/211 1276/218/211 1275/217/211
f 1299/217/212 1300/218/212 1319/219/212
f 1299/217/213 1319/219/213 1301/220/213
f 1302/221/214 1303/222/214 1304/223/214
f 1302/221/215 1304/223/215 1305/224/215
f 1306/225/216 1307/226/216 1308/227/216
f 1306/225/217 1308/227/217 1309/228/217
f 1310/229/218 1311/230/218 1304/223/218
f 1310/229/219 1304/223/219 1303/222/219
f 1300/231/220 1322/232/220 1311/230/220
f 1300/231/221 1311/230/221 1310/229/221
f 1312/233/222 1313/234/222 1307/226/222
f 1312/233/223 1307/226/223 1306/225/223
f 1309/228/224 1302/221/224 1305/224/224
f 1309/228/225 1305/224/225 1314/235/225
f 1312/233/226 1299/217/226 1301/220/226
f 1312/233/227 1301/220/227 1313/234/227
f 1315/236/228 1316/237/228 1299/217/228
f 1315/236/229 1299/217/229 1312/233/229
f 1308/227/230 1317/238/230 1302/221/230
f 1308/227/231 1302/221/231 1309/228/231
f 1315/236/232 1312/233/232 1306/225/232
f 1315/236/233 1306/225/233 1318/239/233
f 1319/240/234 1300/231/234 1310/229/234
f 1319/240/235 1310/229/235 1320/241/235
f 1320/241/236 1310/229/236 1303/222/236
f 1320/241/237 1303/222/237 1321/242/237
f 1318/239/238 1306/225/238 1309/228/238
f 1318/239/239 1309/228/239 1314/235/239
f 1317/238/240 1321/242/240 1303/222/240
f 1317/238/241 1303/222/241 1302/221/241
f 1316/237/242 1322/243/242 1300/218/242
f 1316/237/243 1300/218/243 1299/217/243
f 1323/217/212 1346/218/212 1324/219/212
f 1323/217/213 1324/219/213 1325/220/213
f 1326/244/244 1327/245/244 1328/223/244
f 1326/244/215 1328/223/215 1329/224/215
f 1330/225/216 1331/226/216 1332/227/216
f 1330/225/217 1332/227/217 1333/228/217
f 1334/246/218 1335/230/218 1328/223/218
f 1334/246/245 1328/223/245 1327/245/245
f 1354/247/220 1336/232/220 1335/230/220
f 1354/247/246 1335/230/246 1334/246/246
f 1337/233/222 1338/234/222 1331/226/222
f 1337/233/223 1331/226/223 1330/225/223
f 1339/248/247 1326/244/247 1329/224/247
f 1339/248/225 1329/224/225 1340/235/225
f 1337/233/226 1323/217/226 1325/220/226
f 1337/233/227 1325/220/227 1338/234/227
f 1341/249/248 1342/250/248 1323/217/248
f 1341/249/229 1323/217/229 1337/233/229
f 1332/227/230 1343/238/230 1344/221/230
f 1332/227/231 1344/221/231 1333/228/231
f 1341/249/232 1337/233/232 1330/225/232
f 1341/249/249 1330/225/249 1345/251/249
f 1324/240/234 1346/231/234 1347/229/234
f 1324/240/235 1347/229/235 1348/241/235
f 1348/241/236 1347/229/236 1349/222/236
f 1348/241/237 1349/222/237 1350/242/237
f 1345/251/238 1330/225/238 1333/228/238
f 1345/251/250 1333/228/250 1351/252/250
f 1343/238/240 1350/242/240 1349/222/240
f 1343/238/251 1349/222/251 1344/221/251
f 1342/250/252 1352/253/252 1346/218/252
f 1342/250/243 1346/218/243 1323/217/243
f 1353/237/242 1336/243/242 1354/254/242
f 1353/237/253 1354/254/253 1355/255/253
f 1355/255/254 1354/254/254 1356/256/254
f 1355/255/255 1356/256/255 1357/257/255
f 1357/257/256 1356/256/256 1358/258/256
f 1357/257/257 1358/258/257 1359/259/257
f 1359/259/258 1358/258/258 1352/253/258
f 1359/259/259 1352/253/259 1342/250/259
f 1360/239/260 1361/260/260 1339/248/260
f 1360/239/239 1339/248/239 1340/235/239
f 1361/260/261 1362/261/261 1363/262/261
f 1361/260/262 1363/262/262 1339/248/262
f 1362/261/263 1364/263/263 1365/264/263
f 1362/261/264 1365/264/264 1363/262/264
f 1364/263/265 1345/251/265 1351/252/265
f 1364/263/266 1351/252/266 1365/264/266
f 1366/236/267 1367/265/267 1361/260/267
f 1366/236/233 1361/260/233 1360/239/233
f 1367/265/268 1368/266/268 1362/261/268
f 1367/265/269 1362/261/269 1361/260/269
f 1368/266/270 1369/267/270 1364/263/270
f 1368/266/271 1364/263/271 1362/261/271
f 1369/267/272 1341/249/272 1345/251/272
f 1369/267/273 1345/251/273 1364/263/273
f 1366/236/228 1353/237/228 1355/255/228
f 1366/236/274 1355/255/274 1367/265/274
f 1367/265/275 1355/255/275 1357/257/275
f 1367/265/276 1357/257/276 1368/266/276
f 1368/266/277 1357/257/277 1359/259/277
f 1368/266/278 1359/259/278 1369/267/278
f 1369/267/279 1359/259/279 1342/250/279
f 1369/267/280 1342/250/280 1341/249/280
f 1333/228/224 1344/221/224 1370/268/224
f 1333/228/281 1370/268/281 1351/252/281
f 1351/252/282 1370/268/282 1371/269/282
f 1351/252/283 1371/269/283 1365/264/283
f 1365/264/284 1371/269/284 1372/270/284
f 1365/264/285 1372/270/285 1363/262/285
f 1363/262/286 1372/270/286 1326/244/286
f 1363/262/287 1326/244/287 1339/248/287
f 1346/231/288 1352/271/288 1373/272/288
f 1346/231/221 1373/272/221 1347/229/221
f 1352/271/289 1358/273/289 1374/274/289
f 1352/271/290 1374/274/290 1373/272/290
f 1358/273/291 1356/275/291 1375/276/291
f 1358/273/292 1375/276/292 1374/274/292
f 1356/275/293 1354/247/293 1334/246/293
f 1356/275/294 1334/246/294 1375/276/294
f 1347/229/295 1373/272/295 1376/277/295
f 1347/229/219 1376/277/219 1349/222/219
f 1373/272/296 1374/274/296 1377/278/296
f 1373/272/297 1377/278/297 1376/277/297
f 1374/274/298 1375/276/298 1378/279/298
f 1374/274/299 1378/279/299 1377/278/299
f 1375/276/300 1334/246/300 1327/245/300
f 1375/276/301 1327/245/301 1378/279/301
f 1344/221/214 1349/222/214 1376/277/214
f 1344/221/302 1376/277/302 1370/268/302
f 1370/268/303 1376/277/303 1377/278/303
f 1370/268/304 1377/278/304 1371/269/304
f 1371/269/305 1377/278/305 1378/279/305
f 1371/269/306 1378/279/306 1372/270/306
f 1372/270/307 1378/279/307 1327/245/307
f 1372/270/308 1327/245/308 1326/244/308
f 1379/217/180 1380/218/180 1399/219/180
f 1379/217/181 1399/219/181 1381/220/181
f 1382/221/182 1383/222/182 1384/223/182
f 1382/221/183 1384/223/183 1385/224/183
f 1386/225/184 1387/226/184 1388/227/184
f 1386/225/185 1388/227/185 1389/228/185
f 1390/229/186 1391/230/186 1384/223/186
f 1390/229/187 1384/223/187 1383/222/187
f 1380/231/188 1402/232/188 1391/230/188
f 1380/231/189 1391/230/189 1390/229/189
f 1392/233/190 1393/234/190 1387/226/190
f 1392/233/191 1387/226/191 1386/225/191
f 1389/228/309 1382/221/309 1385/224/309
f 1389/228/193 1385/224/193 1394/235/193
f 1392/233/310 1379/217/310 1381/220/310
f 1392/233/195 1381/220/195 1393/234/195
f 1395/236/196 1396/237/196 1379/217/196
f 1395/236/311 1379/217/311 1392/233/311
f 1388/227/198 1397/238/198 1382/221/198
f 1388/227/199 1382/221/199 1389/228/199
f 1395/236/200 1392/233/200 1386/225/200
f 1395/236/201 1386/225/201 1398/239/201
f 1399/240/202 1380/231/202 1390/229/202
f 1399/240/203 1390/229/203 1400/241/203
f 1400/241/204 1390/229/204 1383/222/204
f 1400/241/205 1383/222/205 1401/242/205
f 1398/239/206 1386/225/206 1389/228/206
f 1398/239/207 1389/228/207 1394/235/207
f 1397/238/208 1401/242/208 1383/222/208
f 1397/238/312 1383/222/312 1382/221/312
f 1396/237/210 1402/243/210 1380/218/210
f 1396/237/313 1380/218/313 1379/217/313
f 1403/127/314 1409/128/314 1404/129/314
f 1403/127/314 1404/129/314 1414/130/314
f 1417/131/315 1421/132/315 1405/133/315
f 1417/131/315 1405/133/315 1406/134/315
f 1407/135/316 1412/136/316 1416/137/316
f 1407/135/316 1416/137/316 1422/138/316
f 1408/139/317 1410/140/317 1405/133/317
f 1408/139/317 1405/133/317 1421/132/317
f 1409/141/318 1426/142/318 1410/140/318
f 1409/141/318 1410/140/318 1408/139/318
f 1415/143/319 1411/144/319 1412/136/319
f 1415/143/320 1412/136/320 1407/135/320
f 1422/138/321 1417/131/321 1406/134/321
f 1422/138/321 1406/134/321 1413/145/321
f 1415/143/322 1403/127/322 1414/130/322
f 1415/143/322 1414/130/322 1411/144/322
f 1418/146/323 1425/147/323 1403/127/323
f 1418/146/323 1403/127/323 1415/143/323
f 1416/137/324 1423/148/324 1417/131/324
f 1416/137/324 1417/131/324 1422/138/324
f 1418/146/325 1415/143/325 1407/135/325
f 1418/146/326 1407/135/326 1419/149/326
f 1404/150/327 1409/141/327 1408/139/327
f 1404/150/327 1408/139/327 1420/151/327
f 1420/151/328 1408/139/328 1421/132/328
f 1420/151/329 1421/132/329 1424/152/329
f 1419/149/330 1407/135/330 1422/138/330
f 1419/149/330 1422/138/330 1413/145/330
f 1423/148/331 1424/152/331 1421/132/331
f 1423/148/331 1421/132/331 1417/131/331
f 1425/147/332 1426/153/332 1409/128/332
f 1425/147/332 1409/128/332 1403/127/332
f 1427/127/333 1444/128/333 1443/129/333
f 1427/127/333 1443/129/333 1428/130/333
f 1440/131/334 1429/132/334 1433/133/334
f 1440/131/334 1433/133/334 1437/134/334
f 1430/135/335 1431/136/335 1439/137/335
f 1430/135/335 1439/137/335 1432/138/335
f 1445/139/336 1435/140/336 1433/133/336
f 1445/139/337 1433/133/337 1429/132/337
f 1444/141/338 1434/142/338 1435/140/338
f 1444/141/339 1435/140/339 1445/139/339
f 1442/143/340 1436/144/340 1431/136/340
f 1442/143/341 1431/136/341 1430/135/341
f 1432/138/342 1440/131/342 1437/134/342
f 1432/138/342 1437/134/342 1438/145/342
f 1442/143/343 1427/127/343 1428/130/343
f 1442/143/343 1428/130/343 1436/144/343
f 1441/146/344 1450/147/344 1427/127/344
f 1441/146/344 1427/127/344 1442/143/344
f 1439/137/345 1448/148/345 1440/131/345
f 1439/137/345 1440/131/345 1432/138/345
f 1441/146/346 1442/143/346 1430/135/346
f 1441/146/346 1430/135/346 1447/149/346
f 1443/150/347 1444/141/347 1445/139/347
f 1443/150/347 1445/139/347 1446/151/347
f 1446/151/348 1445/139/348 1429/132/348
f 1446/151/348 1429/132/348 1449/152/348
f 1447/149/349 1430/135/349 1432/138/349
f 1447/149/349 1432/138/349 1438/145/349
f 1448/148/350 1449/152/350 1429/132/350
f 1448/148/350 1429/132/350 1440/131/350
f 1450/147/351 1434/153/351 1444/128/351
f 1450/147/351 1444/128/351 1427/127/351
f 1461/127/352 1474/128/352 1467/129/352
f 1461/127/353 1467/129/353 1462/130/353
f 1451/131/354 1469/132/354 1452/133/354
f 1451/131/354 1452/133/354 1460/134/354
f 1459/135/355 1458/136/355 1453/137/355
f 1459/135/355 1453/137/355 1472/138/355
f 1454/139/356 1456/140/356 1452/133/356
f 1454/139/356 1452/133/356 1469/132/356
f 1474/141/357 1455/142/357 1456/140/357
f 1474/141/357 1456/140/357 1454/139/357
f 1465/143/358 1457/144/358 1458/136/358
f 1465/143/358 1458/136/358 1459/135/358
f 1472/138/359 1451/131/359 1460/134/359
f 1472/138/360 1460/134/360 1473/145/360
f 1465/143/361 1461/127/361 1462/130/361
f 1465/143/361 1462/130/361 1457/144/361
f 1463/146/362 1464/147/362 1461/127/362
f 1463/146/362 1461/127/362 1465/143/362
f 1453/137/363 1466/148/363 1451/131/363
f 1453/137/363 1451/131/363 1472/138/363
f 1463/146/364 1465/143/364 1459/135/364
f 1463/146/365 1459/135/365 1471/149/365
f 1467/150/366 1474/141/366 1454/139/366
f 1467/150/366 1454/139/366 1468/151/366
f 1468/151/367 1454/139/367 1469/132/367
f 1468/151/368 1469/132/368 1470/152/368
f 1471/149/369 1459/135/369 1472/138/369
f 1471/149/369 1472/138/369 1473/145/369
f 1466/148/370 1470/152/370 1469/132/370
f 1466/148/370 1469/132/370 1451/131/370
f 1464/147/371 1455/153/371 1474/128/371
f 1464/147/371 1474/128/371 1461/127/371
f 1475/280/372 1483/281/372 1482/282/372
f 1475/280/372 1482/282/372 1476/283/372
f 1488/284/373 1477/285/373 1478/286/373
f 1488/284/373 1478/286/373 1489/287/373
f 1475/288/374 1476/289/374 1479/290/374
f 1475/288/374 1479/290/374 1480/291/374
f 1481/292/375 1493/293/375 1478/294/375
f 1481/292/375 1478/294/375 1477/295/375
f 1482/296/375 1483/297/375 1484/298/375
f 1482/296/375 1484/298/375 1485/299/375
f 1483/297/375 1486/300/375 1490/301/375
f 1483/297/375 1490/301/375 1484/298/375
f 1486/300/375 1481/292/375 1477/295/375
f 1486/300/375 1477/295/375 1490/301/375
f 1492/302/374 1487/303/374 1488/304/374
f 1492/302/374 1488/304/374 1489/305/374
f 1487/303/374 1494/306/374 1491/307/374
f 1487/303/374 1491/307/374 1488/304/374
f 1494/306/374 1475/288/374 1480/291/374
f 1494/306/374 1480/291/374 1491/307/374
f 1479/308/376 1485/309/376 1484/310/376
f 1479/308/376 1484/310/376 1480/311/376
f 1480/311/377 1484/310/377 1490/312/377
f 1480/311/377 1490/312/377 1491/313/377
f 1491/313/378 1490/312/378 1477/285/378
f 1491/313/378 1477/285/378 1488/284/378
f 1492/314/379 1493/315/379 1481/316/379
f 1492/314/379 1481/316/379 1487/317/379
f 1487/317/380 1481/316/380 1486/318/380
f 1487/317/380 1486/318/380 1494/319/380
f 1494/319/381 1486/318/381 1483/281/381
f 1494/319/381 1483/281/381 1475/280/381
f 1495/280/382 1504/281/382 1503/282/382
f 1495/280/382 1503/282/382 1497/283/382
f 1509/284/383 1496/285/383 1502/286/383
f 1509/284/383 1502/286/383 1510/287/383
f 1495/288/374 1497/289/374 1498/290/374
f 1495/288/374 1498/290/374 1499/291/374
f 1500/320/375 1501/321/375 1502/322/375
f 1500/320/375 1502/322/375 1496/323/375
f 1503/324/375 1504/325/375 1505/326/375
f 1503/324/375 1505/326/375 1506/327/375
f 1504/325/375 1507/328/375 1512/329/375
f 1504/325/375 1512/329/375 1505/326/375
f 1507/328/375 1500/320/375 1496/323/375
f 1507/328/375 1496/323/375 1512/329/375
f 1513/302/374 1508/303/374 1509/304/374
f 1513/302/374 1509/304/374 1510/305/374
f 1508/303/374 1514/306/374 1511/307/374
f 1508/303/374 1511/307/374 1509/304/374
f 1514/306/374 1495/288/374 1499/291/374
f 1514/306/374 1499/291/374 1511/307/374
f 1498/308/384 1506/309/384 1505/310/384
f 1498/308/384 1505/310/384 1499/311/384
f 1499/311/385 1505/310/385 1512/312/385
f 1499/311/385 1512/312/385 1511/313/385
f 1511/313/386 1512/312/386 1496/285/386
f 1511/313/386 1496/285/386 1509/284/386
f 1513/314/387 1501/315/387 1500/316/387
f 1513/314/387 1500/316/387 1508/317/387
f 1508/317/388 1500/316/388 1507/318/388
f 1508/317/388 1507/318/388 1514/319/388
f 1514/319/389 1507/318/389 1504/281/389
f 1514/319/389 1504/281/389 1495/280/389
f 1515/280/390 1523/281/390 1522/282/390
f 1515/280/390 1522/282/390 1519/283/390
f 1528/284/391 1516/285/391 1517/286/391
f 1528/284/391 1517/286/391 1518/287/391
f 1515/288/374 1519/289/374 1520/290/374
f 1515/288/374 1520/290/374 1531/291/374
f 1533/330/375 1521/331/375 1517/332/375
f 1533/330/375 1517/332/375 1516/333/375
f 1522/334/375 1523/335/375 1530/336/375
f 1522/334/375 1530/336/375 1524/337/375
f 1523/335/375 1534/338/375 1525/339/375
f 1523/335/375 1525/339/375 1530/336/375
f 1534/338/375 1533/330/375 1516/333/375
f 1534/338/375 1516/333/375 1525/339/375
f 1526/302/374 1527/303/374 1528/304/374
f 1526/302/374 1528/304/374 1518/305/374
f 1527/303/374 1529/306/374 1532/307/374
f 1527/303/374 1532/307/374 1528/304/374
f 1529/306/374 1515/288/374 1531/291/374
f 1529/306/374 1531/291/374 1532/307/374
f 1520/308/392 1524/309/392 1530/310/392
f 1520/308/392 1530/310/392 1531/311/392
f 1531/311/393 1530/310/393 1525/312/393
f 1531/311/393 1525/312/393 1532/313/393
f 1532/313/394 1525/312/394 1516/285/394
f 1532/313/394 1516/285/394 1528/284/394
f 1526/314/395 1521/315/395 1533/316/395
f 1526/314/395 1533/316/395 1527/317/395
f 1527/317/396 1533/316/396 1534/318/396
f 1527/317/396 1534/318/396 1529/319/396
f 1529/319/397 1534/318/397 1523/281/397
f 1529/319/397 1523/281/397 1515/280/397
f 1535/314/398 1536/315/398 1537/282/398
f 1535/314/398 1537/282/398 1538/283/398
f 1541/308/399 1539/309/399 1540/286/399
f 1541/308/399 1540/286/399 1542/287/399
f 1535/340/374 1538/341/374 1541/342/374
f 1535/340/374 1541/342/374 1542/343/374
f 1537/344/375 1536/345/375 1540/346/375
f 1537/344/375 1540/346/375 1539/347/375
f 1543/348/400 1544/349/400 1545/350/400
f 1543/348/400 1545/350/400 1547/351/400
f 1548/352/401 1546/353/401 1550/354/401
f 1548/352/401 1550/354/401 1549/355/401
f 1543/356/374 1547/357/374 1548/358/374
f 1543/356/374 1548/358/374 1549/359/374
f 1545/360/375 1544/361/375 1550/362/375
f 1545/360/375 1550/362/375 1546/363/375
f 1554/348/400 1558/349/400 1557/350/400
f 1554/348/400 1557/350/400 1555/351/400
f 1556/352/401 1551/353/401 1552/354/401
f 1556/352/401 1552/354/401 1553/355/401
f 1554/356/374 1555/357/374 1556/358/374
f 1554/356/374 1556/358/374 1553/359/374
f 1557/360/375 1558/361/375 1552/362/375
f 1557/360/375 1552/362/375 1551/363/375
f 1564/314/398 1566/315/398 1559/282/398
f 1564/314/398 1559/282/398 1560/283/398
f 1565/308/399 1561/309/399 1562/286/399
f 1565/308/399 1562/286/399 1563/287/399
f 1564/340/374 1560/341/374 1565/342/374
f 1564/340/374 1565/342/374 1563/343/374
f 1559/344/375 1566/345/375 1562/346/375
f 1559/344/375 1562/346/375 1561/347/375
f 1567/280/390 1568/281/390 1574/282/390
f 1567/280/390 1574/282/390 1569/283/390
f 1570/284/391 1571/285/391 1572/286/391
f 1570/284/391 1572/286/391 1577/287/391
f 1567/288/374 1569/289/374 1579/290/374
f 1567/288/374 1579/290/374 1580/291/374
f 1583/330/375 1573/331/375 1572/332/375
f 1583/330/375 1572/332/375 1571/333/375
f 1574/334/375 1568/335/375 1575/336/375
f 1574/334/375 1575/336/375 1576/337/375
f 1568/335/375 1585/338/375 1581/339/375
f 1568/335/375 1581/339/375 1575/336/375
f 1585/338/375 1583/330/375 1571/333/375
f 1585/338/375 1571/333/375 1581/339/375
f 1582/302/374 1584/303/374 1570/304/374
f 1582/302/374 1570/304/374 1577/305/374
f 1584/303/374 1586/306/374 1578/307/374
f 1584/303/374 1578/307/374 1570/304/374
f 1586/306/374 1567/288/374 1580/291/374
f 1586/306/374 1580/291/374 1578/307/374
f 1579/308/392 1576/309/392 1575/310/392
f 1579/308/392 1575/310/392 1580/311/392
f 1580/311/393 1575/310/393 1581/312/393
f 1580/311/393 1581/312/393 1578/313/393
f 1578/313/394 1581/312/394 1571/285/394
f 1578/313/394 1571/285/394 1570/284/394
f 1582/314/395 1573/315/395 1583/316/395
f 1582/314/395 1583/316/395 1584/317/395
f 1584/317/396 1583/316/396 1585/318/396
f 1584/317/396 1585/318/396 1586/319/396
f 1586/319/397 1585/318/397 1568/281/397
f 1586/319/397 1568/281/397 1567/280/397
f 1587/364/402 1594/365/402 1588/366/402
f 1587/364/402 1588/366/402 1592/367/402
f 1589/368/403 1590/369/403 1591/370/403
f 1589/368/403 1591/370/403 1593/371/403
f 1587/372/374 1592/373/374 1589/374/374
f 1587/372/374 1589/374/374 1593/375/374
f 1588/360/375 1594/361/375 1591/362/375
f 1588/360/375 1591/362/375 1590/363/375
f 1595/364/404 1596/365/404 1600/366/404
f 1595/364/404 1600/366/404 1597/367/404
f 1598/368/405 1602/369/405 1601/370/405
f 1598/368/405 1601/370/405 1599/371/405
f 1595/376/375 1597/377/375 1598/378/375
f 1595/376/375 1598/378/375 1599/379/375
f 1600/360/374 1596/361/374 1601/362/374
f 1600/360/374 1601/362/374 1602/363/374
f 1603/348/406 1610/349/406 1609/350/406
f 1603/348/406 1609/350/406 1608/351/406
f 1604/352/407 1605/353/407 1606/354/407
f 1604/352/407 1606/354/407 1607/355/407
f 1603/380/374 1608/381/374 1604/382/374
f 1603/380/374 1604/382/374 1607/383/374
f 1609/360/375 1610/361/375 1606/362/375
f 1609/360/375 1606/362/375 1605/363/375
f 1615/348/407 1611/349/407 1612/350/407
f 1615/348/407 1612/350/407 1616/351/407
f 1613/352/406 1618/353/406 1617/354/406
f 1613/352/406 1617/354/406 1614/355/406
f 1615/380/374 1616/381/374 1613/382/374
f 1615/380/374 1613/382/374 1614/383/374
f 1612/360/375 1611/361/375 1617/362/375
f 1612/360/375 1617/362/375 1618/363/375
f 1622/364/405 1625/365/405 1624/366/405
f 1622/364/405 1624/366/405 1619/367/405
f 1623/368/404 1626/369/404 1620/370/404
f 1623/368/404 1620/370/404 1621/371/404
f 1622/376/375 1619/377/375 1623/378/375
f 1622/376/375 1623/378/375 1621/379/375
f 1624/360/374 1625/361/374 1620/362/374
f 1624/360/374 1620/362/374 1626/363/374
f 1631/364/403 1634/365/403 1633/366/403
f 1631/364/403 1633/366/403 1627/367/403
f 1628/368/402 1629/369/402 1630/370/402
f 1628/368/402 1630/370/402 1632/371/402
f 1631/372/374 1627/373/374 1628/374/374
f 1631/372/374 1628/374/374 1632/375/374
f 1633/360/375 1634/361/375 1630/362/375
f 1633/360/375 1630/362/375 1629/363/375
f 1635/280/392 1636/281/392 1644/282/392
f 1635/280/392 1644/282/392 1640/283/392
f 1647/284/408 1637/285/408 1638/286/408
f 1647/284/408 1638/286/408 1639/287/408
f 1635/288/374 1640/289/374 1641/290/374
f 1635/288/374 1641/290/374 1652/291/374
f 1642/330/375 1643/331/375 1638/332/375
f 1642/330/375 1638/332/375 1637/333/375
f 1644/334/375 1636/335/375 1651/336/375
f 1644/334/375 1651/336/375 1650/337/375
f 1636/335/375 1645/338/375 1653/339/375
f 1636/335/375 1653/339/375 1651/336/375
f 1645/338/375 1642/330/375 1637/333/375
f 1645/338/375 1637/333/375 1653/339/375
f 1654/302/374 1646/303/374 1647/304/374
f 1654/302/374 1647/304/374 1639/305/374
f 1646/303/374 1648/306/374 1649/307/374
f 1646/303/374 1649/307/374 1647/304/374
f 1648/306/374 1635/288/374 1652/291/374
f 1648/306/374 1652/291/374 1649/307/374
f 1641/308/390 1650/309/390 1651/310/390
f 1641/308/390 1651/310/390 1652/311/390
f 1652/311/409 1651/310/409 1653/312/409
f 1652/311/409 1653/312/409 1649/313/409
f 1649/313/396 1653/312/396 1637/285/396
f 1649/313/396 1637/285/396 1647/284/396
f 1654/314/410 1643/315/410 1642/316/410
f 1654/314/410 1642/316/410 1646/317/410
f 1646/317/394 1642/316/394 1645/318/394
f 1646/317/394 1645/318/394 1648/319/394
f 1648/319/411 1645/318/411 1636/281/411
f 1648/319/411 1636/281/411 1635/280/411
f 1655/314/399 1662/315/399 1656/282/399
f 1655/314/399 1656/282/399 1661/283/399
f 1657/308/398 1658/309/398 1659/286/398
f 1657/308/398 1659/286/398 1660/287/398
f 1655/340/374 1661/341/374 1657/342/374
f 1655/340/374 1657/342/374 1660/343/374
f 1656/344/375 1662/345/375 1659/346/375
f 1656/344/375 1659/346/375 1658/347/375
f 1663/348/401 1664/349/401 1665/350/401
f 1663/348/401 1665/350/401 1666/351/401
f 1667/352/400 1668/353/400 1670/354/400
f 1667/352/400 1670/354/400 1669/355/400
f 1663/356/374 1666/357/374 1667/358/374
f 1663/356/374 1667/358/374 1669/359/374
f 1665/360/375 1664/361/375 1670/362/375
f 1665/360/375 1670/362/375 1668/363/375
f 1671/348/401 1676/349/401 1675/350/401
f 1671/348/401 1675/350/401 1672/351/401
f 1673/352/400 1678/353/400 1677/354/400
f 1673/352/400 1677/354/400 1674/355/400
f 1671/356/374 1672/357/374 1673/358/374
f 1671/356/374 1673/358/374 1674/359/374
f 1675/360/375 1676/361/375 1677/362/375
f 1675/360/375 1677/362/375 1678/363/375
f 1679/314/399 1680/315/399 1684/282/399
f 1679/314/399 1684/282/399 1681/283/399
f 1682/308/398 1686/309/398 1685/286/398
f 1682/308/398 1685/286/398 1683/287/398
f 1679/340/374 1681/341/374 1682/342/374
f 1679/340/374 1682/342/374 1683/343/374
f 1684/344/375 1680/345/375 1685/346/375
f 1684/344/375 1685/346/375 1686/347/375
f 1688/280/392 1695/281/392 1687/282/392
f 1688/280/392 1687/282/392 1689/283/392
f 1698/284/408 1694/285/408 1693/286/408
f 1698/284/408 1693/286/408 1699/287/408
f 1688/288/374 1689/289/374 1702/290/374
f 1688/288/374 1702/290/374 1690/291/374
f 1691/330/375 1692/331/375 1693/332/375
f 1691/330/375 1693/332/375 1694/333/375
f 1687/334/375 1695/335/375 1703/336/375
f 1687/334/375 1703/336/375 1696/337/375
f 1695/335/375 1706/338/375 1704/339/375
f 1695/335/375 1704/339/375 1703/336/375
f 1706/338/375 1691/330/375 1694/333/375
f 1706/338/375 1694/333/375 1704/339/375
f 1697/302/374 1705/303/374 1698/304/374
f 1697/302/374 1698/304/374 1699/305/374
f 1705/303/374 1700/306/374 1701/307/374
f 1705/303/374 1701/307/374 1698/304/374
f 1700/306/374 1688/288/374 1690/291/374
f 1700/306/374 1690/291/374 1701/307/374
f 1702/308/390 1696/309/390 1703/310/390
f 1702/308/390 1703/310/390 1690/311/390
f 1690/311/409 1703/310/409 1704/312/409
f 1690/311/409 1704/312/409 1701/313/409
f 1701/313/396 1704/312/396 1694/285/396
f 1701/313/396 1694/285/396 1698/284/396
f 1697/314/410 1692/315/410 1691/316/410
f 1697/314/410 1691/316/410 1705/317/410
f 1705/317/394 1691/316/394 1706/318/394
f 1705/317/394 1706/318/394 1700/319/394
f 1700/319/411 1706/318/411 1695/281/411
f 1700/319/411 1695/281/411 1688/280/411
f 1711/364/403 1707/365/403 1713/366/403
f 1711/364/403 1713/366/403 1712/367/403
f 1708/368/402 1709/369/402 1714/370/402
f 1708/368/402 1714/370/402 1710/371/402
f 1711/372/374 1712/373/374 1708/374/374
f 1711/372/374 1708/374/374 1710/375/374
f 1713/360/375 1707/361/375 1714/362/375
f 1713/360/375 1714/362/375 1709/363/375
f 1715/364/405 1716/365/405 1722/366/405
f 1715/364/405 1722/366/405 1719/367/405
f 1720/368/404 1717/369/404 1718/370/404
f 1720/368/404 1718/370/404 1721/371/404
f 1715/376/375 1719/377/375 1720/378/375
f 1715/376/375 1720/378/375 1721/379/375
f 1722/360/374 1716/361/374 1718/362/374
f 1722/360/374 1718/362/374 1717/363/374
f 1723/348/407 1729/349/407 1724/350/407
f 1723/348/407 1724/350/407 1726/351/407
f 1727/352/406 1730/353/406 1725/354/406
f 1727/352/406 1725/354/406 1728/355/406
f 1723/380/374 1726/381/374 1727/382/374
f 1723/380/374 1727/382/374 1728/383/374
f 1724/360/375 1729/361/375 1725/362/375
f 1724/360/375 1725/362/375 1730/363/375
f 1731/348/407 1732/349/407 1738/350/407
f 1731/348/407 1738/350/407 1733/351/407
f 1734/352/406 1735/353/406 1736/354/406
f 1734/352/406 1736/354/406 1737/355/406
f 1731/380/374 1733/381/374 1734/382/374
f 1731/380/374 1734/382/374 1737/383/374
f 1738/360/375 1732/361/375 1736/362/375
f 1738/360/375 1736/362/375 1735/363/375
f 1739/364/405 1744/365/405 1740/366/405
f 1739/364/405 1740/366/405 1742/367/405
f 1741/368/404 1746/369/404 1745/370/404
f 1741/368/404 1745/370/404 1743/371/404
f 1739/376/375 1742/377/375 1741/378/375
f 1739/376/375 1741/378/375 1743/379/375
f 1740/360/374 1744/361/374 1745/362/374
f 1740/360/374 1745/362/374 1746/363/374
f 1747/364/403 1748/365/403 1753/366/403
f 1747/364/403 1753/366/403 1751/367/403
f 1752/368/402 1749/369/402 1754/370/402
f 1752/368/402 1754/370/402 1750/371/402
f 1747/372/374 1751/373/374 1752/374/374
f 1747/372/374 1752/374/374 1750/375/374
f 1753/360/375 1748/361/375 1754/362/375
f 1753/360/375 1754/362/375 1749/363/375
f 1755/280/412 1762/281/412 1756/282/412
f 1755/280/412 1756/282/412 1759/283/412
f 1757/284/413 1761/285/413 1758/286/413
f 1757/284/413 1758/286/413 1768/287/413
f 1755/288/374 1759/289/374 1760/290/374
f 1755/288/374 1760/290/374 1771/291/374
f 1774/320/375 1773/321/375 1758/322/375
f 1774/320/375 1758/322/375 1761/323/375
f 1756/324/375 1762/325/375 1763/326/375
f 1756/324/375 1763/326/375 1764/327/375
f 1762/325/375 1765/328/375 1766/329/375
f 1762/325/375 1766/329/375 1763/326/375
f 1765/328/375 1774/320/375 1761/323/375
f 1765/328/375 1761/323/375 1766/329/375
f 1772/302/374 1767/303/374 1757/304/374
f 1772/302/374 1757/304/374 1768/305/374
f 1767/303/374 1769/306/374 1770/307/374
f 1767/303/374 1770/307/374 1757/304/374
f 1769/306/374 1755/288/374 1771/291/374
f 1769/306/374 1771/291/374 1770/307/374
f 1760/308/414 1764/309/414 1763/310/414
f 1760/308/414 1763/310/414 1771/311/414
f 1771/311/415 1763/310/415 1766/312/415
f 1771/311/415 1766/312/415 1770/313/415
f 1770/313/416 1766/312/416 1761/285/416
f 1770/313/416 1761/285/416 1757/284/416
f 1772/314/417 1773/315/417 1774/316/417
f 1772/314/417 1774/316/417 1767/317/417
f 1767/317/418 1774/316/418 1765/318/418
f 1767/317/418 1765/318/418 1769/319/418
f 1769/319/419 1765/318/419 1762/281/419
f 1769/319/419 1762/281/419 1755/280/419
f 1775/280/420 1782/281/420 1776/282/420
f 1775/280/420 1776/282/420 1778/283/420
f 1784/284/421 1781/285/421 1780/286/421
f 1784/284/421 1780/286/421 1777/287/421
f 1775/288/374 1778/289/374 1787/290/374
f 1775/288/374 1787/290/374 1779/291/374
f 1793/292/375 1792/293/375 1780/294/375
f 1793/292/375 1780/294/375 1781/295/375
f 1776/296/375 1782/297/375 1789/298/375
f 1776/296/375 1789/298/375 1788/299/375
f 1782/297/375 1794/300/375 1790/301/375
f 1782/297/375 1790/301/375 1789/298/375
f 1794/300/375 1793/292/375 1781/295/375
f 1794/300/375 1781/295/375 1790/301/375
f 1791/302/374 1783/303/374 1784/304/374
f 1791/302/374 1784/304/374 1777/305/374
f 1783/303/374 1785/306/374 1786/307/374
f 1783/303/374 1786/307/374 1784/304/374
f 1785/306/374 1775/288/374 1779/291/374
f 1785/306/374 1779/291/374 1786/307/374
f 1787/308/422 1788/309/422 1789/310/422
f 1787/308/422 1789/310/422 1779/311/422
f 1779/311/423 1789/310/423 1790/312/423
f 1779/311/423 1790/312/423 1786/313/423
f 1786/313/380 1790/312/380 1781/285/380
f 1786/313/380 1781/285/380 1784/284/380
f 1791/314/424 1792/315/424 1793/316/424
f 1791/314/424 1793/316/424 1783/317/424
f 1783/317/378 1793/316/378 1794/318/378
f 1783/317/378 1794/318/378 1785/319/378
f 1785/319/425 1794/318/425 1782/281/425
f 1785/319/425 1782/281/425 1775/280/425
f 1799/280/392 1804/281/392 1803/282/392
f 1799/280/392 1803/282/392 1795/283/392
f 1796/284/408 1802/285/408 1797/286/408
f 1796/284/408 1797/286/408 1798/287/408
f 1799/288/374 1795/289/374 1811/290/374
f 1799/288/374 1811/290/374 1812/291/374
f 1800/330/375 1801/331/375 1797/332/375
f 1800/330/375 1797/332/375 1802/333/375
f 1803/334/375 1804/335/375 1805/336/375
f 1803/334/375 1805/336/375 1806/337/375
f 1804/335/375 1807/338/375 1808/339/375
f 1804/335/375 1808/339/375 1805/336/375
f 1807/338/375 1800/330/375 1802/333/375
f 1807/338/375 1802/333/375 1808/339/375
f 1809/302/374 1813/303/374 1796/304/374
f 1809/302/374 1796/304/374 1798/305/374
f 1813/303/374 1814/306/374 1810/307/374
f 1813/303/374 1810/307/374 1796/304/374
f 1814/306/374 1799/288/374 1812/291/374
f 1814/306/374 1812/291/374 1810/307/374
f 1811/308/390 1806/309/390 1805/310/390
f 1811/308/390 1805/310/390 1812/311/390
f 1812/311/409 1805/310/409 1808/312/409
f 1812/311/409 1808/312/409 1810/313/409
f 1810/313/396 1808/312/396 1802/285/396
f 1810/313/396 1802/285/396 1796/284/396
f 1809/314/410 1801/315/410 1800/316/410
f 1809/314/410 1800/316/410 1813/317/410
f 1813/317/394 1800/316/394 1807/318/394
f 1813/317/394 1807/318/394 1814/319/394
f 1814/319/411 1807/318/411 1804/281/411
f 1814/319/411 1804/281/411 1799/280/411
f 1815/384/426 1854/385/426 1857/386/426
f 1815/384/426 1857/386/426 1862/387/426
f 1816/388/427 1817/389/427 1824/390/427
f 1816/388/427 1824/390/427 1818/391/427
f 1819/392/374 1820/393/374 1832/394/374
f 1819/392/374 1832/394/374 1821/395/374
f 1822/396/375 1823/397/375 1824/398/375
f 1822/396/375 1824/398/375 1817/399/375
f 1825/400/375 1826/401/375 1834/402/375
f 1825/400/375 1834/402/375 1833/403/375
f 1826/401/375 1827/404/375 1828/405/375
f 1826/401/375 1828/405/375 1834/402/375
f 1827/404/375 1822/396/375 1817/399/375
f 1827/404/375 1817/399/375 1828/405/375
f 1829/406/374 1830/407/374 1816/408/374
f 1829/406/374 1816/408/374 1818/409/374
f 1830/407/374 1831/410/374 1835/411/374
f 1830/407/374 1835/411/374 1816/408/374
f 1831/410/374 1819/392/374 1821/395/374
f 1831/410/374 1821/395/374 1835/411/374
f 1832/412/428 1833/413/428 1834/414/428
f 1832/412/428 1834/414/428 1821/415/428
f 1821/415/429 1834/414/429 1828/416/429
f 1821/415/429 1828/416/429 1835/417/429
f 1835/417/430 1828/416/430 1817/389/430
f 1835/417/430 1817/389/430 1816/388/430
f 1847/418/431 1836/419/431 1837/420/431
f 1847/418/431 1837/420/431 1838/421/431
f 1838/421/432 1837/420/432 1839/422/432
f 1838/421/432 1839/422/432 1840/423/432
f 1840/423/433 1839/422/433 1854/385/433
f 1840/423/433 1854/385/433 1815/384/433
f 1840/424/374 1815/425/374 1841/426/374
f 1840/424/374 1841/426/374 1842/427/374
f 1842/427/374 1841/426/374 1843/428/374
f 1842/427/374 1843/428/374 1844/429/374
f 1844/429/374 1843/428/374 1819/392/374
f 1844/429/374 1819/392/374 1831/410/374
f 1838/430/374 1840/424/374 1842/427/374
f 1838/430/374 1842/427/374 1845/431/374
f 1845/431/374 1842/427/374 1844/429/374
f 1845/431/374 1844/429/374 1846/432/374
f 1846/432/374 1844/429/374 1831/410/374
f 1846/432/374 1831/410/374 1830/407/374
f 1847/433/374 1838/430/374 1845/431/374
f 1847/433/374 1845/431/374 1848/434/374
f 1848/434/374 1845/431/374 1846/432/374
f 1848/434/374 1846/432/374 1849/435/374
f 1849/435/374 1846/432/374 1830/407/374
f 1849/435/374 1830/407/374 1829/406/374
f 1839/436/375 1837/437/375 1850/438/375
f 1839/436/375 1850/438/375 1851/439/375
f 1851/439/375 1850/438/375 1852/440/375
f 1851/439/375 1852/440/375 1853/441/375
f 1853/441/375 1852/440/375 1822/396/375
f 1853/441/375 1822/396/375 1827/404/375
f 1854/442/375 1839/436/375 1851/439/375
f 1854/442/375 1851/439/375 1855/443/375
f 1855/443/375 1851/439/375 1853/441/375
f 1855/443/375 1853/441/375 1856/444/375
f 1856/444/375 1853/441/375 1827/404/375
f 1856/444/375 1827/404/375 1826/401/375
f 1857/445/375 1854/442/375 1855/443/375
f 1857/445/375 1855/443/375 1858/446/375
f 1858/446/375 1855/443/375 1856/444/375
f 1858/446/375 1856/444/375 1859/447/375
f 1859/447/375 1856/444/375 1826/401/375
f 1859/447/375 1826/401/375 1825/400/375
f 1837/437/375 1836/448/375 1860/449/375
f 1837/437/375 1860/449/375 1850/438/375
f 1850/438/375 1860/449/375 1861/450/375
f 1850/438/375 1861/450/375 1852/440/375
f 1852/440/375 1861/450/375 1823/397/375
f 1852/440/375 1823/397/375 1822/396/375
f 1815/425/374 1862/451/374 1863/452/374
f 1815/425/374 1863/452/374 1841/426/374
f 1841/426/374 1863/452/374 1864/453/374
f 1841/426/374 1864/453/374 1843/428/374
f 1843/428/374 1864/453/374 1820/393/374
f 1843/428/374 1820/393/374 1819/392/374
f 1865/314/399 1866/315/399 1870/282/399
f 1865/314/399 1870/282/399 1868/283/399
f 1869/308/398 1872/309/398 1871/286/398
f 1869/308/398 1871/286/398 1867/287/398
f 1865/340/374 1868/341/374 1869/342/374
f 1865/340/374 1869/342/374 1867/343/374
f 1870/344/375 1866/345/375 1871/346/375
f 1870/344/375 1871/346/375 1872/347/375
f 1874/348/401 1878/349/401 1877/350/401
f 1874/348/401 1877/350/401 1875/351/401
f 1876/352/400 1880/353/400 1879/354/400
f 1876/352/400 1879/354/400 1873/355/400
f 1874/356/374 1875/357/374 1876/358/374
f 1874/356/374 1876/358/374 1873/359/374
f 1877/360/375 1878/361/375 1879/362/375
f 1877/360/375 1879/362/375 1880/363/375
f 1881/348/401 1886/349/401 1882/350/401
f 1881/348/401 1882/350/401 1883/351/401
f 1884/352/400 1888/353/400 1887/354/400
f 1884/352/400 1887/354/400 1885/355/400
f 1881/356/374 1883/357/374 1884/358/374
f 1881/356/374 1884/358/374 1885/359/374
f 1882/360/375 1886/361/375 1887/362/375
f 1882/360/375 1887/362/375 1888/363/375
f 1891/314/399 1889/315/399 1894/282/399
f 1891/314/399 1894/282/399 1890/283/399
f 1892/308/398 1896/309/398 1895/286/398
f 1892/308/398 1895/286/398 1893/287/398
f 1891/340/374 1890/341/374 1892/342/374
f 1891/340/374 1892/342/374 1893/343/374
f 1894/344/375 1889/345/375 1895/346/375
f 1894/344/375 1895/346/375 1896/347/375
f 1897/384/434 1898/385/434 1899/386/434
f 1897/384/434 1899/386/434 1944/387/434
f 1900/388/435 1907/389/435 1906/390/435
f 1900/388/435 1906/390/435 1901/391/435
f 1902/392/374 1903/393/374 1916/394/374
f 1902/392/374 1916/394/374 1918/395/374
f 1904/396/375 1905/397/375 1906/398/375
f 1904/396/375 1906/398/375 1907/399/375
f 1908/400/375 1909/401/375 1917/402/375
f 1908/400/375 1917/402/375 1910/403/375
f 1909/401/375 1911/404/375 1919/405/375
f 1909/401/375 1919/405/375 1917/402/375
f 1911/404/375 1904/396/375 1907/399/375
f 1911/404/375 1907/399/375 1919/405/375
f 1912/406/374 1913/407/374 1900/408/374
f 1912/406/374 1900/408/374 1901/409/374
f 1913/407/374 1914/410/374 1915/411/374
f 1913/407/374 1915/411/374 1900/408/374
f 1914/410/374 1902/392/374 1918/395/374
f 1914/410/374 1918/395/374 1915/411/374
f 1916/412/436 1910/413/436 1917/414/436
f 1916/412/436 1917/414/436 1918/415/436
f 1918/415/437 1917/414/437 1919/416/437
f 1918/415/437 1919/416/437 1915/417/437
f 1915/417/438 1919/416/438 1907/389/438
f 1915/417/438 1907/389/438 1900/388/438
f 1920/418/439 1921/419/439 1933/420/439
f 1920/418/439 1933/420/439 1928/421/439
f 1928/421/440 1933/420/440 1922/422/440
f 1928/421/440 1922/422/440 1923/423/440
f 1923/423/441 1922/422/441 1898/385/441
f 1923/423/441 1898/385/441 1897/384/441
f 1923/424/374 1897/425/374 1924/426/374
f 1923/424/374 1924/426/374 1925/427/374
f 1925/427/374 1924/426/374 1926/428/374
f 1925/427/374 1926/428/374 1927/429/374
f 1927/429/374 1926/428/374 1902/392/374
f 1927/429/374 1902/392/374 1914/410/374
f 1928/430/374 1923/424/374 1925/427/374
f 1928/430/374 1925/427/374 1929/431/374
f 1929/431/374 1925/427/374 1927/429/374
f 1929/431/374 1927/429/374 1930/432/374
f 1930/432/374 1927/429/374 1914/410/374
f 1930/432/374 1914/410/374 1913/407/374
f 1920/433/374 1928/430/374 1929/431/374
f 1920/433/374 1929/431/374 1931/434/374
f 1931/434/374 1929/431/374 1930/432/374
f 1931/434/374 1930/432/374 1932/435/374
f 1932/435/374 1930/432/374 1913/407/374
f 1932/435/374 1913/407/374 1912/406/374
f 1922/436/375 1933/437/375 1934/438/375
f 1922/436/375 1934/438/375 1935/439/375
f 1935/439/375 1934/438/375 1936/440/375
f 1935/439/375 1936/440/375 1937/441/375
f 1937/441/375 1936/440/375 1904/396/375
f 1937/441/375 1904/396/375 1911/404/375
f 1898/442/375 1922/436/375 1935/439/375
f 1898/442/375 1935/439/375 1938/443/375
f 1938/443/375 1935/439/375 1937/441/375
f 1938/443/375 1937/441/375 1939/444/375
f 1939/444/375 1937/441/375 1911/404/375
f 1939/444/375 1911/404/375 1909/401/375
f 1899/445/375 1898/442/375 1938/443/375
f 1899/445/375 1938/443/375 1940/446/375
f 1940/446/375 1938/443/375 1939/444/375
f 1940/446/375 1939/444/375 1941/447/375
f 1941/447/375 1939/444/375 1909/401/375
f 1941/447/375 1909/401/375 1908/400/375
f 1933/437/375 1921/448/375 1942/449/375
f 1933/437/375 1942/449/375 1934/438/375
f 1934/438/375 1942/449/375 1943/450/375
f 1934/438/375 1943/450/375 1936/440/375
f 1936/440/375 1943/450/375 1905/397/375
f 1936/440/375 1905/397/375 1904/396/375
f 1897/425/374 1944/451/374 1945/452/374
f 1897/425/374 1945/452/374 1924/426/374
f 1924/426/374 1945/452/374 1946/453/374
f 1924/426/374 1946/453/374 1926/428/374
f 1926/428/374 1946/453/374 1903/393/374
f 1926/428/374 1903/393/374 1902/392/374
f 1949/280/392 1954/281/392 1953/282/392
f 1949/280/392 1953/282/392 1947/283/392
f 1959/284/408 1952/285/408 1951/286/408
f 1959/284/408 1951/286/408 1948/287/408
f 1949/288/374 1947/289/374 1962/290/374
f 1949/288/374 1962/290/374 1964/291/374
f 1950/330/375 1965/331/375 1951/332/375
f 1950/330/375 1951/332/375 1952/333/375
f 1953/334/375 1954/335/375 1955/336/375
f 1953/334/375 1955/336/375 1963/337/375
f 1954/335/375 1966/338/375 1956/339/375
f 1954/335/375 1956/339/375 1955/336/375
f 1966/338/375 1950/330/375 1952/333/375
f 1966/338/375 1952/333/375 1956/339/375
f 1957/302/374 1958/303/374 1959/304/374
f 1957/302/374 1959/304/374 1948/305/374
f 1958/303/374 1960/306/374 1961/307/374
f 1958/303/374 1961/307/374 1959/304/374
f 1960/306/374 1949/288/374 1964/291/374
f 1960/306/374 1964/291/374 1961/307/374
f 1962/308/390 1963/309/390 1955/310/390
f 1962/308/390 1955/310/390 1964/311/390
f 1964/311/409 1955/310/409 1956/312/409
f 1964/311/409 1956/312/409 1961/313/409
f 1961/313/396 1956/312/396 1952/285/396
f 1961/313/396 1952/285/396 1959/284/396
f 1957/314/410 1965/315/410 1950/316/410
f 1957/314/410 1950/316/410 1958/317/410
f 1958/317/394 1950/316/394 1966/318/394
f 1958/317/394 1966/318/394 1960/319/394
f 1960/319/411 1966/318/411 1954/281/411
f 1960/319/411 1954/281/411 1949/280/411
f 1967/280/420 1968/281/420 1975/282/420
f 1967/280/420 1975/282/420 1973/283/420
f 1969/284/421 1970/285/421 1971/286/421
f 1969/284/421 1971/286/421 1972/287/421
f 1967/288/374 1973/289/374 1974/290/374
f 1967/288/374 1974/290/374 1981/291/374
f 1984/292/375 1983/293/375 1971/294/375
f 1984/292/375 1971/294/375 1970/295/375
f 1975/296/375 1968/297/375 1976/298/375
f 1975/296/375 1976/298/375 1980/299/375
f 1968/297/375 1977/300/375 1982/301/375
f 1968/297/375 1982/301/375 1976/298/375
f 1977/300/375 1984/292/375 1970/295/375
f 1977/300/375 1970/295/375 1982/301/375
f 1978/302/374 1985/303/374 1969/304/374
f 1978/302/374 1969/304/374 1972/305/374
f 1985/303/374 1986/306/374 1979/307/374
f 1985/303/374 1979/307/374 1969/304/374
f 1986/306/374 1967/288/374 1981/291/374
f 1986/306/374 1981/291/374 1979/307/374
f 1974/308/422 1980/309/422 1976/310/422
f 1974/308/422 1976/310/422 1981/311/422
f 1981/311/423 1976/310/423 1982/312/423
f 1981/311/423 1982/312/423 1979/313/423
f 1979/313/380 1982/312/380 1970/285/380
f 1979/313/380 1970/285/380 1969/284/380
f 1978/314/424 1983/315/424 1984/316/424
f 1978/314/424 1984/316/424 1985/317/424
f 1985/317/378 1984/316/378 1977/318/378
f 1985/317/378 1977/318/378 1986/319/378
f 1986/319/425 1977/318/425 1968/281/425
f 1986/319/425 1968/281/425 1967/280/425
f 1987/280/412 1994/281/412 1988/282/412
f 1987/280/412 1988/282/412 1990/283/412
f 1998/284/413 1993/285/413 1992/286/413
f 1998/284/413 1992/286/413 1989/287/413
f 1987/288/374 1990/289/374 1991/290/374
f 1987/288/374 1991/290/374 2001/291/374
f 2006/320/375 2005/321/375 1992/322/375
f 2006/320/375 1992/322/375 1993/323/375
f 1988/324/375 1994/325/375 1995/326/375
f 1988/324/375 1995/326/375 2000/327/375
f 1994/325/375 1996/328/375 2002/329/375
f 1994/325/375 2002/329/375 1995/326/375
f 1996/328/375 2006/320/375 1993/323/375
f 1996/328/375 1993/323/375 2002/329/375
f 2004/302/374 1997/303/374 1998/304/374
f 2004/302/374 1998/304/374 1989/305/374
f 1997/303/374 1999/306/374 2003/307/374
f 1997/303/374 2003/307/374 1998/304/374
f 1999/306/374 1987/288/374 2001/291/374
f 1999/306/374 2001/291/374 2003/307/374
f 1991/308/414 2000/309/414 1995/310/414
f 1991/308/414 1995/310/414 2001/311/414
f 2001/311/415 1995/310/415 2002/312/415
f 2001/311/415 2002/312/415 2003/313/415
f 2003/313/416 2002/312/416 1993/285/416
f 2003/313/416 1993/285/416 1998/284/416
f 2004/314/417 2005/315/417 2006/316/417
f 2004/314/417 2006/316/417 1997/317/417
f 1997/317/418 2006/316/418 1996/318/418
f 1997/317/418 1996/318/418 1999/319/418
f 1999/319/419 1996/318/419 1994/281/419
f 1999/319/419 1994/281/419 1987/280/419
f 2007/364/403 2013/365/403 2012/366/403
f 2007/364/403 2012/366/403 2008/367/403
f 2010/368/402 2009/369/402 2014/370/402
f 2010/368/402 2014/370/402 2011/371/402
f 2007/372/374 2008/373/374 2010/374/374
f 2007/372/374 2010/374/374 2011/375/374
f 2012/360/375 2013/361/375 2014/362/375
f 2012/360/375 2014/362/375 2009/363/375
f 2017/364/405 2021/365/405 2020/366/405
f 2017/364/405 2020/366/405 2015/367/405
f 2018/368/404 2016/369/404 2022/370/404
f 2018/368/404 2022/370/404 2019/371/404
f 2017/376/375 2015/377/375 2018/378/375
f 2017/376/375 2018/378/375 2019/379/375
f 2020/360/374 2021/361/374 2022/362/374
f 2020/360/374 2022/362/374 2016/363/374
f 2023/348/407 2024/349/407 2025/350/407
f 2023/348/407 2025/350/407 2028/351/407
f 2029/352/406 2026/353/406 2027/354/406
f 2029/352/406 2027/354/406 2030/355/406
f 2023/380/374 2028/381/374 2029/382/374
f 2023/380/374 2029/382/374 2030/383/374
f 2025/360/375 2024/361/375 2027/362/375
f 2025/360/375 2027/362/375 2026/363/375
f 2034/348/407 2037/349/407 2031/350/407
f 2034/348/407 2031/350/407 2035/351/407
f 2032/352/406 2033/353/406 2038/354/406
f 2032/352/406 2038/354/406 2036/355/406
f 2034/380/374 2035/381/374 2032/382/374
f 2034/380/374 2032/382/374 2036/383/374
f 2031/360/375 2037/361/375 2038/362/375
f 2031/360/375 2038/362/375 2033/363/375
f 2042/364/405 2045/365/405 2039/366/405
f 2042/364/405 2039/366/405 2043/367/405
f 2044/368/404 2046/369/404 2040/370/404
f 2044/368/404 2040/370/404 2041/371/404
f 2042/376/375 2043/377/375 2044/378/375
f 2042/376/375 2044/378/375 2041/379/375
f 2039/360/374 2045/361/374 2040/362/374
f 2039/360/374 2040/362/374 2046/363/374
f 2051/364/403 2047/365/403 2054/366/403
f 2051/364/403 2054/366/403 2052/367/403
f 2053/368/402 2048/369/402 2049/370/402
f 2053/368/402 2049/370/402 2050/371/402
f 2051/372/374 2052/373/374 2053/374/374
f 2051/372/374 2053/374/374 2050/375/374
f 2054/360/375 2047/361/375 2049/362/375
f 2054/360/375 2049/362/375 2048/363/375
f 2055/280/392 2065/281/392 2064/282/392
f 2055/280/392 2064/282/392 2056/283/392
f 2057/284/408 2063/285/408 2062/286/408
f 2057/284/408 2062/286/408 2058/287/408
f 2055/288/374 2056/289/374 2059/290/374
f 2055/288/374 2059/290/374 2070/291/374
f 2060/330/375 2061/331/375 2062/332/375
f 2060/330/375 2062/332/375 2063/333/375
f 2064/334/375 2065/335/375 2066/336/375
f 2064/334/375 2066/336/375 2067/337/375
f 2065/335/375 2073/338/375 2068/339/375
f 2065/335/375 2068/339/375 2066/336/375
f 2073/338/375 2060/330/375 2063/333/375
f 2073/338/375 2063/333/375 2068/339/375
f 2069/302/374 2072/303/374 2057/304/374
f 2069/302/374 2057/304/374 2058/305/374
f 2072/303/374 2074/306/374 2071/307/374
f 2072/303/374 2071/307/374 2057/304/374
f 2074/306/374 2055/288/374 2070/291/374
f 2074/306/374 2070/291/374 2071/307/374
f 2059/308/390 2067/309/390 2066/310/390
f 2059/308/390 2066/310/390 2070/311/390
f 2070/311/409 2066/310/409 2068/312/409
f 2070/311/409 2068/312/409 2071/313/409
f 2071/313/396 2068/312/396 2063/285/396
f 2071/313/396 2063/285/396 2057/284/396
f 2069/314/410 2061/315/410 2060/316/410
f 2069/314/410 2060/316/410 2072/317/410
f 2072/317/394 2060/316/394 2073/318/394
f 2072/317/394 2073/318/394 2074/319/394
f 2074/319/411 2073/318/411 2065/281/411
f 2074/319/411 2065/281/411 2055/280/411
f 2080/314/399 2075/315/399 2082/282/399
f 2080/314/399 2082/282/399 2076/283/399
f 2081/308/398 2077/309/398 2078/286/398
f 2081/308/398 2078/286/398 2079/287/398
f 2080/340/374 2076/341/374 2081/342/374
f 2080/340/374 2081/342/374 2079/343/374
f 2082/344/375 2075/345/375 2078/346/375
f 2082/344/375 2078/346/375 2077/347/375
f 2083/348/401 2084/349/401 2089/350/401
f 2083/348/401 2089/350/401 2085/351/401
f 2087/352/400 2086/353/400 2090/354/400
f 2087/352/400 2090/354/400 2088/355/400
f 2083/356/374 2085/357/374 2087/358/374
f 2083/356/374 2087/358/374 2088/359/374
f 2089/360/375 2084/361/375 2090/362/375
f 2089/360/375 2090/362/375 2086/363/375
f 2091/348/401 2092/349/401 2096/350/401
f 2091/348/401 2096/350/401 2093/351/401
f 2094/352/400 2098/353/400 2097/354/400
f 2094/352/400 2097/354/400 2095/355/400
f 2091/356/374 2093/357/374 2094/358/374
f 2091/356/374 2094/358/374 2095/359/374
f 2096/360/375 2092/361/375 2097/362/375
f 2096/360/375 2097/362/375 2098/363/375
f 2103/314/399 2106/315/399 2099/282/399
f 2103/314/399 2099/282/399 2104/283/399
f 2105/308/398 2100/309/398 2101/286/398
f 2105/308/398 2101/286/398 2102/287/398
f 2103/340/374 2104/341/374 2105/342/374
f 2103/340/374 2105/342/374 2102/343/374
f 2099/344/375 2106/345/375 2101/346/375
f 2099/344/375 2101/346/375 2100/347/375
f 2109/280/392 2107/281/392 2113/282/392
f 2109/280/392 2113/282/392 2108/283/392
f 2118/284/408 2112/285/408 2111/286/408
f 2118/284/408 2111/286/408 2119/287/408
f 2109/288/374 2108/289/374 2120/290/374
f 2109/288/374 2120/290/374 2122/291/374
f 2110/330/375 2124/331/375 2111/332/375
f 2110/330/375 2111/332/375 2112/333/375
f 2113/334/375 2107/335/375 2121/336/375
f 2113/334/375 2121/336/375 2114/337/375
f 2107/335/375 2125/338/375 2115/339/375
f 2107/335/375 2115/339/375 2121/336/375
f 2125/338/375 2110/330/375 2112/333/375
f 2125/338/375 2112/333/375 2115/339/375
f 2116/302/374 2117/303/374 2118/304/374
f 2116/302/374 2118/304/374 2119/305/374
f 2117/303/374 2126/306/374 2123/307/374
f 2117/303/374 2123/307/374 2118/304/374
f 2126/306/374 2109/288/374 2122/291/374
f 2126/306/374 2122/291/374 2123/307/374
f 2120/308/390 2114/309/390 2121/310/390
f 2120/308/390 2121/310/390 2122/311/390
f 2122/311/409 2121/310/409 2115/312/409
f 2122/311/409 2115/312/409 2123/313/409
f 2123/313/396 2115/312/396 2112/285/396
f 2123/313/396 2112/285/396 2118/284/396
f 2116/314/410 2124/315/410 2110/316/410
f 2116/314/410 2110/316/410 2117/317/410
f 2117/317/394 2110/316/394 2125/318/394
f 2117/317/394 2125/318/394 2126/319/394
f 2126/319/411 2125/318/411 2107/281/411
f 2126/319/411 2107/281/411 2109/280/411
f 2130/364/403 2133/365/403 2132/366/403
f 2130/364/403 2132/366/403 2127/367/403
f 2128/368/402 2129/369/402 2134/370/402
f 2128/368/402 2134/370/402 2131/371/402
f 2130/372/374 2127/373/374 2128/374/374
f 2130/372/374 2128/374/374 2131/375/374
f 2132/360/375 2133/361/375 2134/362/375
f 2132/360/375 2134/362/375 2129/363/375
f 2135/364/405 2140/365/405 2136/366/405
f 2135/364/405 2136/366/405 2137/367/405
f 2138/368/404 2142/369/404 2141/370/404
f 2138/368/404 2141/370/404 2139/371/404
f 2135/376/375 2137/377/375 2138/378/375
f 2135/376/375 2138/378/375 2139/379/375
f 2136/360/374 2140/361/374 2141/362/374
f 2136/360/374 2141/362/374 2142/363/374
f 2143/348/407 2148/349/407 2144/350/407
f 2143/348/407 2144/350/407 2145/351/407
f 2146/352/406 2150/353/406 2149/354/406
f 2146/352/406 2149/354/406 2147/355/406
f 2143/380/374 2145/381/374 2146/382/374
f 2143/380/374 2146/382/374 2147/383/374
f 2144/360/375 2148/361/375 2149/362/375
f 2144/360/375 2149/362/375 2150/363/375
f 2155/348/407 2151/349/407 2152/350/407
f 2155/348/407 2152/350/407 2156/351/407
f 2153/352/406 2154/353/406 2158/354/406
f 2153/352/406 2158/354/406 2157/355/406
f 2155/380/374 2156/381/374 2153/382/374
f 2155/380/374 2153/382/374 2157/383/374
f 2152/360/375 2151/361/375 2158/362/375
f 2152/360/375 2158/362/375 2154/363/375
f 2163/364/405 2159/365/405 2164/366/405
f 2163/364/405 2164/366/405 2160/367/405
f 2161/368/404 2166/369/404 2165/370/404
f 2161/368/404 2165/370/404 2162/371/404
f 2163/376/375 2160/377/375 2161/378/375
f 2163/376/375 2161/378/375 2162/379/375
f 2164/360/374 2159/361/374 2165/362/374
f 2164/360/374 2165/362/374 2166/363/374
f 2167/364/403 2174/365/403 2173/366/403
f 2167/364/403 2173/366/403 2168/367/403
f 2172/368/402 2169/369/402 2170/370/402
f 2172/368/402 2170/370/402 2171/371/402
f 2167/372/374 2168/373/374 2172/374/374
f 2167/372/374 2172/374/374 2171/375/374
f 2173/360/375 2174/361/375 2170/362/375
f 2173/360/375 2170/362/375 2169/363/375
f 2178/280/392 2175/281/392 2184/282/392
f 2178/280/392 2184/282/392 2179/283/392
f 2176/284/408 2183/285/408 2182/286/408
f 2176/284/408 2182/286/408 2177/287/408
f 2178/288/374 2179/289/374 2180/290/374
f 2178/288/374 2180/290/374 2190/291/374
f 2181/330/375 2192/331/375 2182/332/375
f 2181/330/375 2182/332/375 2183/333/375
f 2184/334/375 2175/335/375 2185/336/375
f 2184/334/375 2185/336/375 2186/337/375
f 2175/335/375 2194/338/375 2187/339/375
f 2175/335/375 2187/339/375 2185/336/375
f 2194/338/375 2181/330/375 2183/333/375
f 2194/338/375 2183/333/375 2187/339/375
f 2188/302/374 2193/303/374 2176/304/374
f 2188/302/374 2176/304/374 2177/305/374
f 2193/303/374 2189/306/374 2191/307/374
f 2193/303/374 2191/307/374 2176/304/374
f 2189/306/374 2178/288/374 2190/291/374
f 2189/306/374 2190/291/374 2191/307/374
f 2180/308/390 2186/309/390 2185/310/390
f 2180/308/390 2185/310/390 2190/311/390
f 2190/311/409 2185/310/409 2187/312/409
f 2190/311/409 2187/312/409 2191/313/409
f 2191/313/396 2187/312/396 2183/285/396
f 2191/313/396 2183/285/396 2176/284/396
f 2188/314/410 2192/315/410 2181/316/410
f 2188/314/410 2181/316/410 2193/317/410
f 2193/317/394 2181/316/394 2194/318/394
f 2193/317/394 2194/318/394 2189/319/394
f 2189/319/411 2194/318/411 2175/281/411
f 2189/319/411 2175/281/411 2178/280/411
f 2195/314/399 2201/315/399 2196/282/399
f 2195/314/399 2196/282/399 2199/283/399
f 2200/308/398 2202/309/398 2197/286/398
f 2200/308/398 2197/286/398 2198/287/398
f 2195/340/374 2199/341/374 2200/342/374
f 2195/340/374 2200/342/374 2198/343/374
f 2196/344/375 2201/345/375 2197/346/375
f 2196/344/375 2197/346/375 2202/347/375
f 2205/348/401 2210/349/401 2209/350/401
f 2205/348/401 2209/350/401 2206/351/401
f 2207/352/400 2203/353/400 2204/354/400
f 2207/352/400 2204/354/400 2208/355/400
f 2205/356/374 2206/357/374 2207/358/374
f 2205/356/374 2207/358/374 2208/359/374
f 2209/360/375 2210/361/375 2204/362/375
f 2209/360/375 2204/362/375 2203/363/375
f 2211/348/401 2216/349/401 2215/350/401
f 2211/348/401 2215/350/401 2212/351/401
f 2213/352/400 2218/353/400 2217/354/400
f 2213/352/400 2217/354/400 2214/355/400
f 2211/356/374 2212/357/374 2213/358/374
f 2211/356/374 2213/358/374 2214/359/374
f 2215/360/375 2216/361/375 2217/362/375
f 2215/360/375 2217/362/375 2218/363/375
f 2219/314/399 2220/315/399 2221/282/399
f 2219/314/399 2221/282/399 2222/283/399
f 2223/308/398 2224/309/398 2226/286/398
f 2223/308/398 2226/286/398 2225/287/398
f 2219/340/374 2222/341/374 2223/342/374
f 2219/340/374 2223/342/374 2225/343/374
f 2221/344/375 2220/345/375 2226/346/375
f 2221/344/375 2226/346/375 2224/347/375
f 2227/280/392 2234/281/392 2233/282/392
f 2227/280/392 2233/282/392 2229/283/392
f 2239/284/408 2228/285/408 2232/286/408
f 2239/284/408 2232/286/408 2240/287/408
f 2227/288/374 2229/289/374 2230/290/374
f 2227/288/374 2230/290/374 2243/291/374
f 2231/330/375 2245/331/375 2232/332/375
f 2231/330/375 2232/332/375 2228/333/375
f 2233/334/375 2234/335/375 2235/336/375
f 2233/334/375 2235/336/375 2242/337/375
f 2234/335/375 2236/338/375 2237/339/375
f 2234/335/375 2237/339/375 2235/336/375
f 2236/338/375 2231/330/375 2228/333/375
f 2236/338/375 2228/333/375 2237/339/375
f 2238/302/374 2246/303/374 2239/304/374
f 2238/302/374 2239/304/374 2240/305/374
f 2246/303/374 2241/306/374 2244/307/374
f 2246/303/374 2244/307/374 2239/304/374
f 2241/306/374 2227/288/374 2243/291/374
f 2241/306/374 2243/291/374 2244/307/374
f 2230/308/390 2242/309/390 2235/310/390
f 2230/308/390 2235/310/390 2243/311/390
f 2243/311/409 2235/310/409 2237/312/409
f 2243/311/409 2237/312/409 2244/313/409
f 2244/313/396 2237/312/396 2228/285/396
f 2244/313/396 2228/285/396 2239/284/396
f 2238/314/410 2245/315/410 2231/316/410
f 2238/314/410 2231/316/410 2246/317/410
f 2246/317/394 2231/316/394 2236/318/394
f 2246/317/394 2236/318/394 2241/319/394
f 2241/319/411 2236/318/411 2234/281/411
f 2241/319/411 2234/281/411 2227/280/411
f 2247/364/403 2254/365/403 2253/366/403
f 2247/364/403 2253/366/403 2251/367/403
f 2252/368/402 2248/369/402 2249/370/402
f 2252/368/402 2249/370/402 2250/371/402
f 2247/372/374 2251/373/374 2252/374/374
f 2247/372/374 2252/374/374 2250/375/374
f 2253/360/375 2254/361/375 2249/362/375
f 2253/360/375 2249/362/375 2248/363/375
f 2255/364/405 2260/365/405 2259/366/405
f 2255/364/405 2259/366/405 2258/367/405
f 2256/368/404 2262/369/404 2261/370/404
f 2256/368/404 2261/370/404 2257/371/404
f 2255/376/375 2258/377/375 2256/378/375
f 2255/376/375 2256/378/375 2257/379/375
f 2259/360/374 2260/361/374 2261/362/374
f 2259/360/374 2261/362/374 2262/363/374
f 2263/348/407 2270/349/407 2264/350/407
f 2263/348/407 2264/350/407 2268/351/407
f 2269/352/406 2265/353/406 2266/354/406
f 2269/352/406 2266/354/406 2267/355/406
f 2263/380/374 2268/381/374 2269/382/374
f 2263/380/374 2269/382/374 2267/383/374
f 2264/360/375 2270/361/375 2266/362/375
f 2264/360/375 2266/362/375 2265/363/375
f 2271/348/407 2272/349/407 2273/350/407
f 2271/348/407 2273/350/407 2278/351/407
f 2274/352/406 2275/353/406 2276/354/406
f 2274/352/406 2276/354/406 2277/355/406
f 2271/380/374 2278/381/374 2274/382/374
f 2271/380/374 2274/382/374 2277/383/374
f 2273/360/375 2272/361/375 2276/362/375
f 2273/360/375 2276/362/375 2275/363/375
f 2279/364/405 2286/365/405 2280/366/405
f 2279/364/405 2280/366/405 2284/367/405
f 2285/368/404 2281/369/404 2282/370/404
f 2285/368/404 2282/370/404 2283/371/404
f 2279/376/375 2284/377/375 2285/378/375
f 2279/376/375 2285/378/375 2283/379/375
f 2280/360/374 2286/361/374 2282/362/374
f 2280/360/374 2282/362/374 2281/363/374
f 2287/364/403 2293/365/403 2288/366/403
f 2287/364/403 2288/366/403 2291/367/403
f 2292/368/402 2289/369/402 2294/370/402
f 2292/368/402 2294/370/402 2290/371/402
f 2287/372/374 2291/373/374 2292/374/374
f 2287/372/374 2292/374/374 2290/375/374
f 2288/360/375 2293/361/375 2294/362/375
f 2288/360/375 2294/362/375 2289/363/375
f 2298/280/412 2295/281/412 2304/282/412
f 2298/280/412 2304/282/412 2296/283/412
f 2306/284/413 2303/285/413 2302/286/413
f 2306/284/413 2302/286/413 2297/287/413
f 2298/288/374 2296/289/374 2299/290/374
f 2298/288/374 2299/290/374 2300/291/374
f 2301/320/375 2311/321/375 2302/322/375
f 2301/320/375 2302/322/375 2303/323/375
f 2304/324/375 2295/325/375 2305/326/375
f 2304/324/375 2305/326/375 2307/327/375
f 2295/325/375 2313/328/375 2308/329/375
f 2295/325/375 2308/329/375 2305/326/375
f 2313/328/375 2301/320/375 2303/323/375
f 2313/328/375 2303/323/375 2308/329/375
f 2310/302/374 2312/303/374 2306/304/374
f 2310/302/374 2306/304/374 2297/305/374
f 2312/303/374 2314/306/374 2309/307/374
f 2312/303/374 2309/307/374 2306/304/374
f 2314/306/374 2298/288/374 2300/291/374
f 2314/306/374 2300/291/374 2309/307/374
f 2299/308/414 2307/309/414 2305/310/414
f 2299/308/414 2305/310/414 2300/311/414
f 2300/311/415 2305/310/415 2308/312/415
f 2300/311/415 2308/312/415 2309/313/415
f 2309/313/416 2308/312/416 2303/285/416
f 2309/313/416 2303/285/416 2306/284/416
f 2310/314/417 2311/315/417 2301/316/417
f 2310/314/417 2301/316/417 2312/317/417
f 2312/317/418 2301/316/418 2313/318/418
f 2312/317/418 2313/318/418 2314/319/418
f 2314/319/419 2313/318/419 2295/281/419
f 2314/319/419 2295/281/419 2298/280/419
f 2320/280/420 2315/281/420 2316/282/420
f 2320/280/420 2316/282/420 2317/283/420
f 2318/284/421 2323/285/421 2319/286/421
f 2318/284/421 2319/286/421 2327/287/421
f 2320/288/374 2317/289/374 2321/290/374
f 2320/288/374 2321/290/374 2330/291/374
f 2332/292/375 2322/293/375 2319/294/375
f 2332/292/375 2319/294/375 2323/295/375
f 2316/296/375 2315/297/375 2329/298/375
f 2316/296/375 2329/298/375 2324/299/375
f 2315/297/375 2333/300/375 2331/301/375
f 2315/297/375 2331/301/375 2329/298/375
f 2333/300/375 2332/292/375 2323/295/375
f 2333/300/375 2323/295/375 2331/301/375
f 2325/302/374 2326/303/374 2318/304/374
f 2325/302/374 2318/304/374 2327/305/374
f 2326/303/374 2334/306/374 2328/307/374
f 2326/303/374 2328/307/374 2318/304/374
f 2334/306/374 2320/288/374 2330/291/374
f 2334/306/374 2330/291/374 2328/307/374
f 2321/308/422 2324/309/422 2329/310/422
f 2321/308/422 2329/310/422 2330/311/422
f 2330/311/423 2329/310/423 2331/312/423
f 2330/311/423 2331/312/423 2328/313/423
f 2328/313/380 2331/312/380 2323/285/380
f 2328/313/380 2323/285/380 2318/284/380
f 2325/314/424 2322/315/424 2332/316/424
f 2325/314/424 2332/316/424 2326/317/424
f 2326/317/378 2332/316/378 2333/318/378
f 2326/317/378 2333/318/378 2334/319/378
f 2334/319/425 2333/318/425 2315/281/425
f 2334/319/425 2315/281/425 2320/280/425
f 2335/280/392 2343/281/392 2336/282/392
f 2335/280/392 2336/282/392 2338/283/392
f 2348/284/408 2337/285/408 2342/286/408
f 2348/284/408 2342/286/408 2349/287/408
f 2335/288/374 2338/289/374 2339/290/374
f 2335/288/374 2339/290/374 2352/291/374
f 2340/330/375 2341/331/375 2342/332/375
f 2340/330/375 2342/332/375 2337/333/375
f 2336/334/375 2343/335/375 2351/336/375
f 2336/334/375 2351/336/375 2344/337/375
f 2343/335/375 2345/338/375 2353/339/375
f 2343/335/375 2353/339/375 2351/336/375
f 2345/338/375 2340/330/375 2337/333/375
f 2345/338/375 2337/333/375 2353/339/375
f 2346/302/374 2347/303/374 2348/304/374
f 2346/302/374 2348/304/374 2349/305/374
f 2347/303/374 2354/306/374 2350/307/374
f 2347/303/374 2350/307/374 2348/304/374
f 2354/306/374 2335/288/374 2352/291/374
f 2354/306/374 2352/291/374 2350/307/374
f 2339/308/390 2344/309/390 2351/310/390
f 2339/308/390 2351/310/390 2352/311/390
f 2352/311/409 2351/310/409 2353/312/409
f 2352/311/409 2353/312/409 2350/313/409
f 2350/313/396 2353/312/396 2337/285/396
f 2350/313/396 2337/285/396 2348/284/396
f 2346/314/410 2341/315/410 2340/316/410
f 2346/314/410 2340/316/410 2347/317/410
f 2347/317/394 2340/316/394 2345/318/394
f 2347/317/394 2345/318/394 2354/319/394
f 2354/319/411 2345/318/411 2343/281/411
f 2354/319/411 2343/281/411 2335/280/411
f 2378/384/434 2394/385/434 2355/386/434
f 2378/384/434 2355/386/434 2402/387/434
f 2356/388/442 2363/389/442 2357/390/442
f 2356/388/435 2357/390/435 2371/391/435
f 2358/392/374 2359/393/374 2373/394/374
f 2358/392/374 2373/394/374 2360/395/374
f 2361/396/375 2362/397/375 2357/398/375
f 2361/396/375 2357/398/375 2363/399/375
f 2364/400/375 2365/401/375 2366/402/375
f 2364/400/375 2366/402/375 2367/403/375
f 2365/401/375 2368/404/375 2374/405/375
f 2365/401/375 2374/405/375 2366/402/375
f 2368/404/375 2361/396/375 2363/399/375
f 2368/404/375 2363/399/375 2374/405/375
f 2369/406/374 2370/407/374 2356/408/374
f 2369/406/374 2356/408/374 2371/409/374
f 2370/407/374 2372/410/374 2375/411/374
f 2370/407/374 2375/411/374 2356/408/374
f 2372/410/374 2358/392/374 2360/395/374
f 2372/410/374 2360/395/374 2375/411/374
f 2373/412/436 2367/413/436 2366/414/436
f 2373/412/436 2366/414/436 2360/415/436
f 2360/415/437 2366/414/437 2374/416/437
f 2360/415/437 2374/416/437 2375/417/437
f 2375/417/438 2374/416/438 2363/389/438
f 2375/417/438 2363/389/438 2356/388/438
f 2376/418/439 2399/419/439 2389/420/439
f 2376/418/439 2389/420/439 2383/421/439
f 2383/421/440 2389/420/440 2388/422/440
f 2383/421/440 2388/422/440 2377/423/440
f 2377/423/441 2388/422/441 2394/385/441
f 2377/423/441 2394/385/441 2378/384/441
f 2377/424/374 2378/425/374 2379/426/374
f 2377/424/374 2379/426/374 2380/427/374
f 2380/427/374 2379/426/374 2381/428/374
f 2380/427/374 2381/428/374 2382/429/374
f 2382/429/374 2381/428/374 2358/392/374
f 2382/429/374 2358/392/374 2372/410/374
f 2383/430/374 2377/424/374 2380/427/374
f 2383/430/374 2380/427/374 2384/431/374
f 2384/431/374 2380/427/374 2382/429/374
f 2384/431/374 2382/429/374 2385/432/374
f 2385/432/374 2382/429/374 2372/410/374
f 2385/432/374 2372/410/374 2370/407/374
f 2376/433/374 2383/430/374 2384/431/374
f 2376/433/374 2384/431/374 2386/434/374
f 2386/434/374 2384/431/374 2385/432/374
f 2386/434/374 2385/432/374 2387/435/374
f 2387/435/374 2385/432/374 2370/407/374
f 2387/435/374 2370/407/374 2369/406/374
f 2388/436/375 2389/437/375 2390/438/375
f 2388/436/375 2390/438/375 2391/439/375
f 2391/439/375 2390/438/375 2392/440/375
f 2391/439/375 2392/440/375 2393/441/375
f 2393/441/375 2392/440/375 2361/396/375
f 2393/441/375 2361/396/375 2368/404/375
f 2394/442/375 2388/436/375 2391/439/375
f 2394/442/375 2391/439/375 2395/443/375
f 2395/443/375 2391/439/375 2393/441/375
f 2395/443/375 2393/441/375 2396/444/375
f 2396/444/375 2393/441/375 2368/404/375
f 2396/444/375 2368/404/375 2365/401/375
f 2355/445/375 2394/442/375 2395/443/375
f 2355/445/375 2395/443/375 2397/446/375
f 2397/446/375 2395/443/375 2396/444/375
f 2397/446/375 2396/444/375 2398/447/375
f 2398/447/375 2396/444/375 2365/401/375
f 2398/447/375 2365/401/375 2364/400/375
f 2389/437/375 2399/448/375 2400/449/375
f 2389/437/375 2400/449/375 2390/438/375
f 2390/438/375 2400/449/375 2401/450/375
f 2390/438/375 2401/450/375 2392/440/375
f 2392/440/375 2401/450/375 2362/397/375
f 2392/440/375 2362/397/375 2361/396/375
f 2378/425/374 2402/451/374 2403/452/374
f 2378/425/374 2403/452/374 2379/426/374
f 2379/426/374 2403/452/374 2404/453/374
f 2379/426/374 2404/453/374 2381/428/374
f 2381/428/374 2404/453/374 2359/393/374
f 2381/428/374 2359/393/374 2358/392/374
f 2408/314/399 2410/315/399 2405/282/399
f 2408/314/399 2405/282/399 2406/283/399
f 2407/308/398 2412/309/398 2411/286/398
f 2407/308/398 2411/286/398 2409/287/398
f 2408/340/374 2406/341/374 2407/342/374
f 2408/340/374 2407/342/374 2409/343/374
f 2405/344/375 2410/345/375 2411/346/375
f 2405/344/375 2411/346/375 2412/347/375
f 2415/348/401 2419/349/401 2413/350/401
f 2415/348/401 2413/350/401 2416/351/401
f 2417/352/400 2420/353/400 2414/354/400
f 2417/352/400 2414/354/400 2418/355/400
f 2415/356/374 2416/357/374 2417/358/374
f 2415/356/374 2417/358/374 2418/359/374
f 2413/360/375 2419/361/375 2414/362/375
f 2413/360/375 2414/362/375 2420/363/375
f 2444/127/443 2424/128/443 2437/154/443
f 2444/127/444 2437/154/444 2431/155/444
f 2421/131/445 2440/132/445 2422/158/445
f 2421/131/446 2422/158/446 2428/159/446
f 2423/135/447 2426/160/447 2434/161/447
f 2423/135/448 2434/161/448 2427/138/448
f 2438/139/449 2425/163/449 2422/158/449
f 2438/139/449 2422/158/449 2440/132/449
f 2424/141/450 2443/165/450 2425/163/450
f 2424/141/450 2425/163/450 2438/139/450
f 2430/143/451 2432/166/451 2426/160/451
f 2430/143/452 2426/160/452 2423/135/452
f 2427/138/453 2421/131/453 2428/159/453
f 2427/138/454 2428/159/454 2429/168/454
f 2430/143/455 2444/127/455 2431/155/455
f 2430/143/456 2431/155/456 2432/166/456
f 2435/216/457 2433/213/457 2444/127/457
f 2435/216/458 2444/127/458 2430/143/458
f 2434/161/459 2441/171/459 2421/131/459
f 2434/161/460 2421/131/460 2427/138/460
f 2435/216/461 2430/143/461 2423/135/461
f 2435/216/461 2423/135/461 2436/215/461
f 2437/173/462 2424/141/462 2438/139/462
f 2437/173/463 2438/139/463 2439/174/463
f 2439/174/464 2438/139/464 2440/132/464
f 2439/174/465 2440/132/465 2442/175/465
f 2436/215/466 2423/135/466 2427/138/466
f 2436/215/466 2427/138/466 2429/168/466
f 2441/171/467 2442/175/467 2440/132/467
f 2441/171/468 2440/132/468 2421/131/468
f 2433/213/469 2443/214/469 2424/128/469
f 2433/213/470 2424/128/470 2444/127/470
f 2445/454/471 2495/455/471 2446/154/471
f 2445/454/471 2446/154/471 2447/155/471
f 2458/131/472 2463/132/472 2448/158/472
f 2458/131/472 2448/158/472 2449/159/472
f 2450/456/473 2451/160/473 2452/161/473
f 2450/456/473 2452/161/473 2505/457/473
f 2462/139/449 2454/163/449 2448/158/449
f 2462/139/449 2448/158/449 2463/132/449
f 2466/141/450 2453/165/450 2454/163/450
f 2466/141/450 2454/163/450 2462/139/450
f 2503/458/474 2457/166/474 2451/160/474
f 2503/458/474 2451/160/474 2450/456/474
f 2455/138/475 2458/131/475 2449/159/475
f 2455/138/475 2449/159/475 2456/168/475
f 2503/458/476 2445/454/476 2447/155/476
f 2503/458/476 2447/155/476 2457/166/476
f 2459/216/477 2465/213/477 2472/127/477
f 2459/216/477 2472/127/477 2470/143/477
f 2471/459/478 2468/460/478 2458/131/478
f 2471/459/478 2458/131/478 2455/138/478
f 2459/216/479 2470/143/479 2464/135/479
f 2459/216/479 2464/135/479 2460/215/479
f 2484/461/480 2466/141/480 2462/139/480
f 2484/461/480 2462/139/480 2461/462/480
f 2461/462/481 2462/139/481 2463/132/481
f 2461/462/482 2463/132/482 2467/463/482
f 2460/215/466 2464/135/466 2455/138/466
f 2460/215/466 2455/138/466 2456/168/466
f 2468/460/483 2467/463/483 2463/132/483
f 2468/460/483 2463/132/483 2458/131/483
f 2465/213/484 2453/214/484 2466/128/484
f 2465/213/484 2466/128/484 2472/127/484
f 2474/464/483 2479/465/483 2467/463/483
f 2474/464/483 2467/463/483 2468/460/483
f 2477/466/482 2461/462/482 2467/463/482
f 2477/466/482 2467/463/482 2479/465/482
f 2485/467/480 2484/461/480 2461/462/480
f 2485/467/480 2461/462/480 2477/466/480
f 2475/468/478 2474/464/478 2468/460/478
f 2475/468/478 2468/460/478 2471/459/478
f 2470/143/476 2472/127/476 2469/469/476
f 2470/143/476 2469/469/476 2481/470/476
f 2470/143/474 2481/470/474 2483/471/474
f 2470/143/474 2483/471/474 2464/135/474
f 2464/135/473 2483/471/473 2471/459/473
f 2464/135/473 2471/459/473 2455/138/473
f 2472/127/471 2466/128/471 2484/472/471
f 2472/127/471 2484/472/471 2469/469/471
f 2473/473/478 2498/474/478 2474/464/478
f 2473/473/478 2474/464/478 2475/468/478
f 2476/475/480 2485/467/480 2477/466/480
f 2476/475/480 2477/466/480 2478/476/480
f 2478/476/482 2477/466/482 2479/465/482
f 2478/476/482 2479/465/482 2493/477/482
f 2498/474/483 2493/477/483 2479/465/483
f 2498/474/483 2479/465/483 2474/464/483
f 2481/470/476 2469/469/476 2486/478/476
f 2481/470/476 2486/478/476 2480/479/476
f 2481/470/474 2480/479/474 2482/480/474
f 2481/470/474 2482/480/474 2483/471/474
f 2483/471/473 2482/480/473 2475/468/473
f 2483/471/473 2475/468/473 2471/459/473
f 2469/469/471 2484/472/471 2485/481/471
f 2469/469/471 2485/481/471 2486/478/471
f 2487/171/483 2488/175/483 2490/482/483
f 2487/171/483 2490/482/483 2489/483/483
f 2489/483/483 2490/482/483 2491/484/483
f 2489/483/483 2491/484/483 2492/485/483
f 2492/485/483 2491/484/483 2493/477/483
f 2492/485/483 2493/477/483 2498/474/483
f 2496/174/482 2494/486/482 2490/482/482
f 2496/174/482 2490/482/482 2488/175/482
f 2494/486/482 2497/487/482 2491/484/482
f 2494/486/482 2491/484/482 2490/482/482
f 2497/487/482 2478/476/482 2493/477/482
f 2497/487/482 2493/477/482 2491/484/482
f 2446/173/480 2495/488/480 2494/486/480
f 2446/173/480 2494/486/480 2496/174/480
f 2495/488/480 2507/489/480 2497/487/480
f 2495/488/480 2497/487/480 2494/486/480
f 2507/489/480 2476/475/480 2478/476/480
f 2507/489/480 2478/476/480 2497/487/480
f 2452/161/478 2487/171/478 2489/483/478
f 2452/161/478 2489/483/478 2505/457/478
f 2505/457/478 2489/483/478 2492/485/478
f 2505/457/478 2492/485/478 2506/490/478
f 2506/490/478 2492/485/478 2498/474/478
f 2506/490/478 2498/474/478 2473/473/478
f 2480/479/476 2486/478/476 2499/491/476
f 2480/479/476 2499/491/476 2500/492/476
f 2500/492/476 2499/491/476 2508/493/476
f 2500/492/476 2508/493/476 2502/494/476
f 2502/494/476 2508/493/476 2445/454/476
f 2502/494/476 2445/454/476 2503/458/476
f 2480/479/474 2500/492/474 2501/495/474
f 2480/479/474 2501/495/474 2482/480/474
f 2500/492/474 2502/494/474 2504/496/474
f 2500/492/474 2504/496/474 2501/495/474
f 2502/494/474 2503/458/474 2450/456/474
f 2502/494/474 2450/456/474 2504/496/474
f 2482/480/473 2501/495/473 2473/473/473
f 2482/480/473 2473/473/473 2475/468/473
f 2501/495/473 2504/496/473 2506/490/473
f 2501/495/473 2506/490/473 2473/473/473
f 2504/496/473 2450/456/473 2505/457/473
f 2504/496/473 2505/457/473 2506/490/473
f 2486/478/471 2485/481/471 2476/497/471
f 2486/478/471 2476/497/471 2499/491/471
f 2499/491/471 2476/497/471 2507/498/471
f 2499/491/471 2507/498/471 2508/493/471
f 2508/493/471 2507/498/471 2495/455/471
f 2508/493/471 2495/455/471 2445/454/471
f 2561/454/485 2572/455/485 2509/154/485
f 2561/454/485 2509/154/485 2510/155/485
f 2519/131/486 2511/132/486 2512/158/486
f 2519/131/487 2512/158/487 2520/159/487
f 2518/456/488 2513/160/488 2514/161/488
f 2518/456/488 2514/161/488 2555/457/488
f 2524/139/489 2515/163/489 2512/158/489
f 2524/139/489 2512/158/489 2511/132/489
f 2528/141/490 2527/165/490 2515/163/490
f 2528/141/490 2515/163/490 2524/139/490
f 2516/458/491 2517/166/491 2513/160/491
f 2516/458/491 2513/160/491 2518/456/491
f 2537/138/492 2519/131/492 2520/159/492
f 2537/138/492 2520/159/492 2521/168/492
f 2516/458/493 2561/454/493 2510/155/493
f 2516/458/494 2510/155/494 2517/166/494
f 2523/216/495 2526/213/495 2522/127/495
f 2523/216/495 2522/127/495 2534/143/495
f 2533/459/496 2532/460/496 2519/131/496
f 2533/459/496 2519/131/496 2537/138/496
f 2523/216/497 2534/143/497 2536/135/497
f 2523/216/498 2536/135/498 2525/215/498
f 2545/461/499 2528/141/499 2524/139/499
f 2545/461/499 2524/139/499 2531/462/499
f 2531/462/500 2524/139/500 2511/132/500
f 2531/462/500 2511/132/500 2530/463/500
f 2525/215/501 2536/135/501 2537/138/501
f 2525/215/501 2537/138/501 2521/168/501
f 2532/460/502 2530/463/502 2511/132/502
f 2532/460/502 2511/132/502 2519/131/502
f 2526/213/503 2527/214/503 2528/128/503
f 2526/213/503 2528/128/503 2522/127/503
f 2541/464/502 2540/465/502 2530/463/502
f 2541/464/502 2530/463/502 2532/460/502
f 2529/466/500 2531/462/500 2530/463/500
f 2529/466/500 2530/463/500 2540/465/500
f 2568/467/499 2545/461/499 2531/462/499
f 2568/467/499 2531/462/499 2529/466/499
f 2566/468/496 2541/464/496 2532/460/496
f 2566/468/496 2532/460/496 2533/459/496
f 2534/143/493 2522/127/493 2538/469/493
f 2534/143/493 2538/469/493 2535/470/493
f 2534/143/491 2535/470/491 2544/471/491
f 2534/143/491 2544/471/491 2536/135/491
f 2536/135/488 2544/471/488 2533/459/488
f 2536/135/488 2533/459/488 2537/138/488
f 2522/127/485 2528/128/485 2545/472/485
f 2522/127/485 2545/472/485 2538/469/485
f 2565/473/496 2558/474/496 2541/464/496
f 2565/473/496 2541/464/496 2566/468/496
f 2569/475/499 2568/467/499 2529/466/499
f 2569/475/499 2529/466/499 2539/476/499
f 2539/476/500 2529/466/500 2540/465/500
f 2539/476/504 2540/465/504 2551/477/504
f 2558/474/502 2551/477/502 2540/465/502
f 2558/474/502 2540/465/502 2541/464/502
f 2535/470/494 2538/469/494 2567/478/494
f 2535/470/493 2567/478/493 2542/479/493
f 2535/470/491 2542/479/491 2543/480/491
f 2535/470/491 2543/480/491 2544/471/491
f 2544/471/488 2543/480/488 2566/468/488
f 2544/471/488 2566/468/488 2533/459/488
f 2538/469/485 2545/472/485 2568/481/485
f 2538/469/485 2568/481/485 2567/478/485
f 2554/171/502 2550/175/502 2546/482/502
f 2554/171/502 2546/482/502 2556/483/502
f 2556/483/502 2546/482/502 2547/484/502
f 2556/483/502 2547/484/502 2548/485/502
f 2548/485/502 2547/484/502 2551/477/502
f 2548/485/502 2551/477/502 2558/474/502
f 2549/174/500 2552/486/500 2546/482/500
f 2549/174/500 2546/482/500 2550/175/500
f 2552/486/500 2553/487/500 2547/484/500
f 2552/486/504 2547/484/504 2546/482/504
f 2553/487/500 2539/476/500 2551/477/500
f 2553/487/500 2551/477/500 2547/484/500
f 2509/173/499 2572/488/499 2552/486/499
f 2509/173/499 2552/486/499 2549/174/499
f 2572/488/499 2571/489/499 2553/487/499
f 2572/488/499 2553/487/499 2552/486/499
f 2571/489/499 2569/475/499 2539/476/499
f 2571/489/505 2539/476/505 2553/487/505
f 2514/161/496 2554/171/496 2556/483/496
f 2514/161/496 2556/483/496 2555/457/496
f 2555/457/496 2556/483/496 2548/485/496
f 2555/457/496 2548/485/496 2557/490/496
f 2557/490/496 2548/485/496 2558/474/496
f 2557/490/496 2558/474/496 2565/473/496
f 2542/479/493 2567/478/493 2570/491/493
f 2542/479/493 2570/491/493 2559/492/493
f 2559/492/493 2570/491/493 2560/493/493
f 2559/492/493 2560/493/493 2562/494/493
f 2562/494/493 2560/493/493 2561/454/493
f 2562/494/493 2561/454/493 2516/458/493
f 2542/479/491 2559/492/491 2564/495/491
f 2542/479/491 2564/495/491 2543/480/491
f 2559/492/491 2562/494/491 2563/496/491
f 2559/492/506 2563/496/506 2564/495/506
f 2562/494/491 2516/458/491 2518/456/491
f 2562/494/506 2518/456/506 2563/496/506
f 2543/480/488 2564/495/488 2565/473/488
f 2543/480/488 2565/473/488 2566/468/488
f 2564/495/488 2563/496/488 2557/490/488
f 2564/495/488 2557/490/488 2565/473/488
f 2563/496/488 2518/456/488 2555/457/488
f 2563/496/488 2555/457/488 2557/490/488
f 2567/478/485 2568/481/485 2569/497/485
f 2567/478/485 2569/497/485 2570/491/485
f 2570/491/485 2569/497/485 2571/498/485
f 2570/491/485 2571/498/485 2560/493/485
f 2560/493/485 2571/498/485 2572/455/485
f 2560/493/485 2572/455/485 2561/454/485
f 2573/127/485 2589/128/485 2588/154/485
f 2573/127/485 2588/154/485 2583/155/485
f 2574/131/487 2594/132/487 2576/158/487
f 2574/131/486 2576/158/486 2581/159/486
f 2575/135/488 2579/160/488 2585/161/488
f 2575/135/488 2585/161/488 2580/138/488
f 2590/139/489 2577/163/489 2576/158/489
f 2590/139/489 2576/158/489 2594/132/489
f 2589/141/490 2596/165/490 2577/163/490
f 2589/141/490 2577/163/490 2590/139/490
f 2578/143/491 2584/166/491 2579/160/491
f 2578/143/491 2579/160/491 2575/135/491
f 2580/138/492 2574/131/492 2581/159/492
f 2580/138/492 2581/159/492 2582/168/492
f 2578/143/493 2573/127/493 2583/155/493
f 2578/143/493 2583/155/493 2584/166/493
f 2586/216/495 2595/213/495 2573/127/495
f 2586/216/495 2573/127/495 2578/143/495
f 2585/161/496 2592/171/496 2574/131/496
f 2585/161/496 2574/131/496 2580/138/496
f 2586/216/497 2578/143/497 2575/135/497
f 2586/216/497 2575/135/497 2587/215/497
f 2588/173/499 2589/141/499 2590/139/499
f 2588/173/499 2590/139/499 2591/174/499
f 2591/174/500 2590/139/500 2594/132/500
f 2591/174/500 2594/132/500 2593/175/500
f 2587/215/501 2575/135/501 2580/138/501
f 2587/215/501 2580/138/501 2582/168/501
f 2592/171/502 2593/175/502 2594/132/502
f 2592/171/502 2594/132/502 2574/131/502
f 2595/213/503 2596/214/503 2589/128/503
f 2595/213/503 2589/128/503 2573/127/503
f 2597/217/507 2598/218/507 2617/219/507
f 2597/217/508 2617/219/508 2599/220/508
f 2600/221/509 2601/222/509 2602/223/509
f 2600/221/510 2602/223/510 2603/224/510
f 2604/225/511 2605/226/511 2606/227/511
f 2604/225/512 2606/227/512 2607/228/512
f 2608/229/513 2609/230/513 2602/223/513
f 2608/229/514 2602/223/514 2601/222/514
f 2598/231/515 2620/232/515 2609/230/515
f 2598/231/516 2609/230/516 2608/229/516
f 2610/233/517 2611/234/517 2605/226/517
f 2610/233/518 2605/226/518 2604/225/518
f 2607/228/519 2600/221/519 2603/224/519
f 2607/228/520 2603/224/520 2612/235/520
f 2610/233/521 2597/217/521 2599/220/521
f 2610/233/522 2599/220/522 2611/234/522
f 2613/236/523 2614/237/523 2597/217/523
f 2613/236/524 2597/217/524 2610/233/524
f 2606/227/525 2615/238/525 2600/221/525
f 2606/227/526 2600/221/526 2607/228/526
f 2613/236/527 2610/233/527 2604/225/527
f 2613/236/528 2604/225/528 2616/239/528
f 2617/240/529 2598/231/529 2608/229/529
f 2617/240/530 2608/229/530 2618/241/530
f 2618/241/531 2608/229/531 2601/222/531
f 2618/241/532 2601/222/532 2619/242/532
f 2616/239/533 2604/225/533 2607/228/533
f 2616/239/534 2607/228/534 2612/235/534
f 2615/238/535 2619/242/535 2601/222/535
f 2615/238/536 2601/222/536 2600/221/536
f 2614/237/537 2620/243/537 2598/218/537
f 2614/237/538 2598/218/538 2597/217/538
f 2621/217/539 2634/218/539 2622/219/539
f 2621/217/540 2622/219/540 2623/220/540
f 2624/221/541 2625/222/541 2626/223/541
f 2624/221/542 2626/223/542 2627/224/542
f 2628/225/543 2629/226/543 2630/227/543
f 2628/225/544 2630/227/544 2631/228/544
f 2632/229/545 2633/230/545 2626/223/545
f 2632/229/546 2626/223/546 2625/222/546
f 2634/231/547 2644/232/547 2633/230/547
f 2634/231/548 2633/230/548 2632/229/548
f 2635/233/549 2636/234/549 2629/226/549
f 2635/233/550 2629/226/550 2628/225/550
f 2631/228/551 2624/221/551 2627/224/551
f 2631/228/552 2627/224/552 2637/235/552
f 2635/233/553 2621/217/553 2623/220/553
f 2635/233/554 2623/220/554 2636/234/554
f 2638/236/555 2639/237/555 2621/217/555
f 2638/236/556 2621/217/556 2635/233/556
f 2630/227/557 2640/238/557 2624/221/557
f 2630/227/558 2624/221/558 2631/228/558
f 2638/236/559 2635/233/559 2628/225/559
f 2638/236/560 2628/225/560 2641/239/560
f 2622/240/561 2634/231/561 2632/229/561
f 2622/240/562 2632/229/562 2642/241/562
f 2642/241/563 2632/229/563 2625/222/563
f 2642/241/564 2625/222/564 2643/242/564
f 2641/239/565 2628/225/565 2631/228/565
f 2641/239/566 2631/228/566 2637/235/566
f 2640/238/567 2643/242/567 2625/222/567
f 2640/238/568 2625/222/568 2624/221/568
f 2639/237/569 2644/243/569 2634/218/569
f 2639/237/570 2634/218/570 2621/217/570
f 2645/127/571 2651/128/571 2646/154/571
f 2645/127/571 2646/154/571 2656/155/571
f 2659/131/572 2667/132/572 2647/158/572
f 2659/131/572 2647/158/572 2648/159/572
f 2661/135/573 2649/160/573 2650/161/573
f 2661/135/573 2650/161/573 2665/138/573
f 2654/139/574 2653/163/574 2647/158/574
f 2654/139/574 2647/158/574 2667/132/574
f 2651/141/575 2652/165/575 2653/163/575
f 2651/141/575 2653/163/575 2654/139/575
f 2658/143/576 2657/166/576 2649/160/576
f 2658/143/576 2649/160/576 2661/135/576
f 2665/138/577 2659/131/577 2648/159/577
f 2665/138/577 2648/159/577 2655/168/577
f 2658/143/578 2645/127/578 2656/155/578
f 2658/143/578 2656/155/578 2657/166/578
f 2660/216/579 2668/213/579 2645/127/579
f 2660/216/579 2645/127/579 2658/143/579
f 2650/161/580 2666/171/580 2659/131/580
f 2650/161/580 2659/131/580 2665/138/580
f 2660/216/581 2658/143/581 2661/135/581
f 2660/216/581 2661/135/581 2664/215/581
f 2646/173/582 2651/141/582 2654/139/582
f 2646/173/582 2654/139/582 2662/174/582
f 2662/174/583 2654/139/583 2667/132/583
f 2662/174/583 2667/132/583 2663/175/583
f 2664/215/584 2661/135/584 2665/138/584
f 2664/215/584 2665/138/584 2655/168/584
f 2666/171/585 2663/175/585 2667/132/585
f 2666/171/585 2667/132/585 2659/131/585
f 2668/213/586 2652/214/586 2651/128/586
f 2668/213/586 2651/128/586 2645/127/586
f 2669/127/571 2692/128/571 2670/154/571
f 2669/127/571 2670/154/571 2671/155/571
f 2684/131/572 2672/132/572 2676/158/572
f 2684/131/572 2676/158/572 2679/159/572
f 2685/135/573 2673/160/573 2674/161/573
f 2685/135/573 2674/161/573 2689/138/573
f 2686/139/574 2675/163/574 2676/158/574
f 2686/139/574 2676/158/574 2672/132/574
f 2692/141/575 2677/165/575 2675/163/575
f 2692/141/575 2675/163/575 2686/139/575
f 2681/143/576 2678/166/576 2673/160/576
f 2681/143/576 2673/160/576 2685/135/576
f 2689/138/577 2684/131/577 2679/159/577
f 2689/138/577 2679/159/577 2680/168/577
f 2681/143/578 2669/127/578 2671/155/578
f 2681/143/578 2671/155/578 2678/166/578
f 2682/216/579 2683/213/579 2669/127/579
f 2682/216/579 2669/127/579 2681/143/579
f 2674/161/580 2690/171/580 2684/131/580
f 2674/161/580 2684/131/580 2689/138/580
f 2682/216/581 2681/143/581 2685/135/581
f 2682/216/581 2685/135/581 2688/215/581
f 2670/173/582 2692/141/582 2686/139/582
f 2670/173/582 2686/139/582 2687/174/582
f 2687/174/583 2686/139/583 2672/132/583
f 2687/174/583 2672/132/583 2691/175/583
f 2688/215/584 2685/135/584 2689/138/584
f 2688/215/584 2689/138/584 2680/168/584
f 2690/171/585 2691/175/585 2672/132/585
f 2690/171/585 2672/132/585 2684/131/585
f 2683/213/586 2677/214/586 2692/128/586
f 2683/213/586 2692/128/586 2669/127/586
f 2693/127/571 2699/128/571 2711/154/571
f 2693/127/571 2711/154/571 2706/155/571
f 2709/131/572 2698/132/572 2697/158/572
f 2709/131/572 2697/158/572 2704/159/572
f 2694/135/573 2702/160/573 2708/161/573
f 2694/135/573 2708/161/573 2703/138/573
f 2695/139/574 2696/163/574 2697/158/574
f 2695/139/574 2697/158/574 2698/132/574
f 2699/141/575 2700/165/575 2696/163/575
f 2699/141/575 2696/163/575 2695/139/575
f 2707/143/576 2701/166/576 2702/160/576
f 2707/143/576 2702/160/576 2694/135/576
f 2703/138/577 2709/131/577 2704/159/577
f 2703/138/577 2704/159/577 2705/168/577
f 2707/143/578 2693/127/578 2706/155/578
f 2707/143/578 2706/155/578 2701/166/578
f 2710/216/579 2716/213/579 2693/127/579
f 2710/216/579 2693/127/579 2707/143/579
f 2708/161/580 2714/171/580 2709/131/580
f 2708/161/580 2709/131/580 2703/138/580
f 2710/216/581 2707/143/581 2694/135/581
f 2710/216/581 2694/135/581 2713/215/581
f 2711/173/582 2699/141/582 2695/139/582
f 2711/173/582 2695/139/582 2712/174/582
f 2712/174/583 2695/139/583 2698/132/583
f 2712/174/587 2698/132/587 2715/175/587
f 2713/215/584 2694/135/584 2703/138/584
f 2713/215/584 2703/138/584 2705/168/584
f 2714/171/585 2715/175/585 2698/132/585
f 2714/171/585 2698/132/585 2709/131/585
f 2716/213/586 2700/214/586 2699/128/586
f 2716/213/586 2699/128/586 2693/127/586
f 2717/127/571 2718/128/571 2719/154/571
f 2717/127/571 2719/154/571 2720/155/571
f 2731/131/572 2722/132/572 2721/158/572
f 2731/131/572 2721/158/572 2727/159/572
f 2736/135/573 2726/160/573 2730/161/573
f 2736/135/573 2730/161/573 2737/138/573
f 2724/139/574 2723/163/574 2721/158/574
f 2724/139/588 2721/158/588 2722/132/588
f 2718/141/575 2740/165/575 2723/163/575
f 2718/141/575 2723/163/575 2724/139/575
f 2733/143/576 2725/166/576 2726/160/576
f 2733/143/576 2726/160/576 2736/135/576
f 2737/138/577 2731/131/577 2727/159/577
f 2737/138/577 2727/159/577 2728/168/577
f 2733/143/578 2717/127/578 2720/155/578
f 2733/143/578 2720/155/578 2725/166/578
f 2732/216/579 2729/213/579 2717/127/579
f 2732/216/579 2717/127/579 2733/143/579
f 2730/161/580 2738/171/580 2731/131/580
f 2730/161/580 2731/131/580 2737/138/580
f 2732/216/589 2733/143/589 2736/135/589
f 2732/216/581 2736/135/581 2735/215/581
f 2719/173/582 2718/141/582 2724/139/582
f 2719/173/582 2724/139/582 2734/174/582
f 2734/174/583 2724/139/583 2722/132/583
f 2734/174/587 2722/132/587 2739/175/587
f 2735/215/584 2736/135/584 2737/138/584
f 2735/215/584 2737/138/584 2728/168/584
f 2738/171/585 2739/175/585 2722/132/585
f 2738/171/585 2722/132/585 2731/131/585
f 2729/213/586 2740/214/586 2718/128/586
f 2729/213/586 2718/128/586 2717/127/586
f 2764/127/571 2763/128/571 2754/154/571
f 2764/127/571 2754/154/571 2741/155/571
f 2748/131/572 2744/132/572 2743/158/572
f 2748/131/572 2743/158/572 2749/159/572
f 2747/135/573 2746/160/573 2752/161/573
f 2747/135/573 2752/161/573 2758/138/573
f 2756/139/574 2742/163/574 2743/158/574
f 2756/139/574 2743/158/574 2744/132/574
f 2763/141/575 2745/165/575 2742/163/575
f 2763/141/575 2742/163/575 2756/139/575
f 2753/143/576 2750/166/576 2746/160/576
f 2753/143/576 2746/160/576 2747/135/576
f 2758/138/577 2748/131/577 2749/159/577
f 2758/138/577 2749/159/577 2759/168/577
f 2753/143/578 2764/127/578 2741/155/578
f 2753/143/578 2741/155/578 2750/166/578
f 2751/216/579 2762/213/579 2764/127/579
f 2751/216/579 2764/127/579 2753/143/579
f 2752/161/580 2760/171/580 2748/131/580
f 2752/161/580 2748/131/580 2758/138/580
f 2751/216/581 2753/143/581 2747/135/581
f 2751/216/581 2747/135/581 2757/215/581
f 2754/173/582 2763/141/582 2756/139/582
f 2754/173/582 2756/139/582 2755/174/582
f 2755/174/583 2756/139/583 2744/132/583
f 2755/174/583 2744/132/583 2761/175/583
f 2757/215/584 2747/135/584 2758/138/584
f 2757/215/584 2758/138/584 2759/168/584
f 2760/171/585 2761/175/585 2744/132/585
f 2760/171/585 2744/132/585 2748/131/585
f 2762/213/586 2745/214/586 2763/128/586
f 2762/213/586 2763/128/586 2764/127/586
f 2777/127/571 2784/128/571 2783/154/571
f 2777/127/571 2783/154/571 2765/155/571
f 2766/131/572 2767/132/572 2769/158/572
f 2766/131/572 2769/158/572 2768/159/572
f 2781/135/573 2773/160/573 2779/161/573
f 2781/135/573 2779/161/573 2774/138/573
f 2771/139/574 2770/163/574 2769/158/574
f 2771/139/574 2769/158/574 2767/132/574
f 2784/141/575 2788/165/575 2770/163/575
f 2784/141/575 2770/163/575 2771/139/575
f 2776/143/576 2772/166/576 2773/160/576
f 2776/143/576 2773/160/576 2781/135/576
f 2774/138/577 2766/131/577 2768/159/577
f 2774/138/577 2768/159/577 2775/168/577
f 2776/143/578 2777/127/578 2765/155/578
f 2776/143/578 2765/155/578 2772/166/578
f 2780/216/579 2778/213/579 2777/127/579
f 2780/216/579 2777/127/579 2776/143/579
f 2779/161/580 2786/171/580 2766/131/580
f 2779/161/580 2766/131/580 2774/138/580
f 2780/216/581 2776/143/581 2781/135/581
f 2780/216/581 2781/135/581 2782/215/581
f 2783/173/582 2784/141/582 2771/139/582
f 2783/173/582 2771/139/582 2785/174/582
f 2785/174/583 2771/139/583 2767/132/583
f 2785/174/583 2767/132/583 2787/175/583
f 2782/215/584 2781/135/584 2774/138/584
f 2782/215/584 2774/138/584 2775/168/584
f 2786/171/585 2787/175/585 2767/132/585
f 2786/171/585 2767/132/585 2766/131/585
f 2778/213/586 2788/214/586 2784/128/586
f 2778/213/586 2784/128/586 2777/127/586
f 2789/127/571 2812/128/571 2790/154/571
f 2789/127/571 2790/154/571 2802/155/571
f 2798/131/572 2793/132/572 2791/158/572
f 2798/131/572 2791/158/572 2799/159/572
f 2797/135/573 2796/160/573 2792/161/573
f 2797/135/573 2792/161/573 2807/138/573
f 2795/139/574 2794/163/574 2791/158/574
f 2795/139/588 2791/158/588 2793/132/588
f 2812/141/575 2811/165/575 2794/163/575
f 2812/141/575 2794/163/575 2795/139/575
f 2801/143/576 2803/166/576 2796/160/576
f 2801/143/576 2796/160/576 2797/135/576
f 2807/138/577 2798/131/577 2799/159/577
f 2807/138/577 2799/159/577 2800/168/577
f 2801/143/578 2789/127/578 2802/155/578
f 2801/143/578 2802/155/578 2803/166/578
f 2804/216/579 2805/213/579 2789/127/579
f 2804/216/579 2789/127/579 2801/143/579
f 2792/161/580 2806/171/580 2798/131/580
f 2792/161/580 2798/131/580 2807/138/580
f 2804/216/581 2801/143/581 2797/135/581
f 2804/216/589 2797/135/589 2809/215/589
f 2790/173/582 2812/141/582 2795/139/582
f 2790/173/582 2795/139/582 2808/174/582
f 2808/174/583 2795/139/583 2793/132/583
f 2808/174/583 2793/132/583 2810/175/583
f 2809/215/584 2797/135/584 2807/138/584
f 2809/215/584 2807/138/584 2800/168/584
f 2806/171/585 2810/175/585 2793/132/585
f 2806/171/585 2793/132/585 2798/131/585
f 2805/213/586 2811/214/586 2812/128/586
f 2805/213/586 2812/128/586 2789/127/586
f 2836/127/571 2828/128/571 2827/154/571
f 2836/127/571 2827/154/571 2821/155/571
f 2813/131/572 2831/132/572 2817/158/572
f 2813/131/572 2817/158/572 2814/159/572
f 2826/135/573 2815/160/573 2823/161/573
f 2826/135/573 2823/161/573 2824/138/573
f 2830/139/574 2816/163/574 2817/158/574
f 2830/139/588 2817/158/588 2831/132/588
f 2828/141/575 2835/165/575 2816/163/575
f 2828/141/575 2816/163/575 2830/139/575
f 2820/143/576 2818/166/576 2815/160/576
f 2820/143/576 2815/160/576 2826/135/576
f 2824/138/577 2813/131/577 2814/159/577
f 2824/138/577 2814/159/577 2819/168/577
f 2820/143/578 2836/127/578 2821/155/578
f 2820/143/578 2821/155/578 2818/166/578
f 2825/216/579 2822/213/579 2836/127/579
f 2825/216/579 2836/127/579 2820/143/579
f 2823/161/580 2833/171/580 2813/131/580
f 2823/161/580 2813/131/580 2824/138/580
f 2825/216/581 2820/143/581 2826/135/581
f 2825/216/589 2826/135/589 2832/215/589
f 2827/173/582 2828/141/582 2830/139/582
f 2827/173/582 2830/139/582 2829/174/582
f 2829/174/583 2830/139/583 2831/132/583
f 2829/174/583 2831/132/583 2834/175/583
f 2832/215/584 2826/135/584 2824/138/584
f 2832/215/584 2824/138/584 2819/168/584
f 2833/171/585 2834/175/585 2831/132/585
f 2833/171/585 2831/132/585 2813/131/585
f 2822/213/586 2835/214/586 2828/128/586
f 2822/213/586 2828/128/586 2836/127/586
f 2848/127/571 2860/128/571 2853/154/571
f 2848/127/571 2853/154/571 2846/155/571
f 2857/131/572 2837/132/572 2840/158/572
f 2857/131/572 2840/158/572 2838/159/572
f 2851/135/573 2843/160/573 2850/161/573
f 2851/135/573 2850/161/573 2844/138/573
f 2839/139/574 2841/163/574 2840/158/574
f 2839/139/574 2840/158/574 2837/132/574
f 2860/141/575 2859/165/575 2841/163/575
f 2860/141/575 2841/163/575 2839/139/575
f 2849/143/590 2842/166/590 2843/160/590
f 2849/143/576 2843/160/576 2851/135/576
f 2844/138/577 2857/131/577 2838/159/577
f 2844/138/577 2838/159/577 2845/168/577
f 2849/143/578 2848/127/578 2846/155/578
f 2849/143/578 2846/155/578 2842/166/578
f 2847/216/579 2858/213/579 2848/127/579
f 2847/216/579 2848/127/579 2849/143/579
f 2850/161/580 2856/171/580 2857/131/580
f 2850/161/580 2857/131/580 2844/138/580
f 2847/216/581 2849/143/581 2851/135/581
f 2847/216/589 2851/135/589 2852/215/589
f 2853/173/582 2860/141/582 2839/139/582
f 2853/173/582 2839/139/582 2854/174/582
f 2854/174/583 2839/139/583 2837/132/583
f 2854/174/587 2837/132/587 2855/175/587
f 2852/215/584 2851/135/584 2844/138/584
f 2852/215/584 2844/138/584 2845/168/584
f 2856/171/585 2855/175/585 2837/132/585
f 2856/171/585 2837/132/585 2857/131/585
f 2858/213/586 2859/214/586 2860/128/586
f 2858/213/586 2860/128/586 2848/127/586
f 2861/127/571 2862/128/571 2876/154/571
f 2861/127/571 2876/154/571 2870/155/571
f 2874/131/572 2879/132/572 2863/158/572
f 2874/131/572 2863/158/572 2868/159/572
f 2881/135/573 2864/160/573 2865/161/573
f 2881/135/573 2865/161/573 2867/138/573
f 2877/139/574 2866/163/574 2863/158/574
f 2877/139/588 2863/158/588 2879/132/588
f 2862/141/575 2884/165/575 2866/163/575
f 2862/141/575 2866/163/575 2877/139/575
f 2872/143/576 2871/166/576 2864/160/576
f 2872/143/576 2864/160/576 2881/135/576
f 2867/138/577 2874/131/577 2868/159/577
f 2867/138/577 2868/159/577 2869/168/577
f 2872/143/578 2861/127/578 2870/155/578
f 2872/143/578 2870/155/578 2871/166/578
f 2875/216/579 2883/213/579 2861/127/579
f 2875/216/579 2861/127/579 2872/143/579
f 2865/161/580 2873/171/580 2874/131/580
f 2865/161/580 2874/131/580 2867/138/580
f 2875/216/581 2872/143/581 2881/135/581
f 2875/216/581 2881/135/581 2880/215/581
f 2876/173/582 2862/141/582 2877/139/582
f 2876/173/582 2877/139/582 2878/174/582
f 2878/174/583 2877/139/583 2879/132/583
f 2878/174/587 2879/132/587 2882/175/587
f 2880/215/584 2881/135/584 2867/138/584
f 2880/215/584 2867/138/584 2869/168/584
f 2873/171/585 2882/175/585 2879/132/585
f 2873/171/585 2879/132/585 2874/131/585
f 2883/213/586 2884/214/586 2862/128/586
f 2883/213/586 2862/128/586 2861/127/586
f 2885/127/571 2908/128/571 2886/154/571
f 2885/127/571 2886/154/571 2895/155/571
f 2887/131/572 2899/132/572 2889/158/572
f 2887/131/572 2889/158/572 2893/159/572
f 2901/135/573 2892/160/573 2896/161/573
f 2901/135/573 2896/161/573 2902/138/573
f 2888/139/574 2890/163/574 2889/158/574
f 2888/139/574 2889/158/574 2899/132/574
f 2908/141/575 2907/165/575 2890/163/575
f 2908/141/575 2890/163/575 2888/139/575
f 2894/143/590 2891/166/590 2892/160/590
f 2894/143/576 2892/160/576 2901/135/576
f 2902/138/577 2887/131/577 2893/159/577
f 2902/138/577 2893/159/577 2903/168/577
f 2894/143/578 2885/127/578 2895/155/578
f 2894/143/578 2895/155/578 2891/166/578
f 2897/216/579 2906/213/579 2885/127/579
f 2897/216/579 2885/127/579 2894/143/579
f 2896/161/580 2904/171/580 2887/131/580
f 2896/161/580 2887/131/580 2902/138/580
f 2897/216/581 2894/143/581 2901/135/581
f 2897/216/581 2901/135/581 2900/215/581
f 2886/173/582 2908/141/582 2888/139/582
f 2886/173/582 2888/139/582 2898/174/582
f 2898/174/583 2888/139/583 2899/132/583
f 2898/174/587 2899/132/587 2905/175/587
f 2900/215/584 2901/135/584 2902/138/584
f 2900/215/584 2902/138/584 2903/168/584
f 2904/171/585 2905/175/585 2899/132/585
f 2904/171/585 2899/132/585 2887/131/585
f 2906/213/586 2907/214/586 2908/128/586
f 2906/213/586 2908/128/586 2885/127/586
f 2909/127/571 2928/128/571 2927/154/571
f 2909/127/571 2927/154/571 2920/155/571
f 2923/131/572 2914/132/572 2910/158/572
f 2923/131/572 2910/158/572 2911/159/572
f 2912/135/573 2917/160/573 2922/161/573
f 2912/135/573 2922/161/573 2924/138/573
f 2913/139/574 2916/163/574 2910/158/574
f 2913/139/574 2910/158/574 2914/132/574
f 2928/141/575 2915/165/575 2916/163/575
f 2928/141/575 2916/163/575 2913/139/575
f 2919/143/576 2921/166/576 2917/160/576
f 2919/143/590 2917/160/590 2912/135/590
f 2924/138/577 2923/131/577 2911/159/577
f 2924/138/577 2911/159/577 2918/168/577
f 2919/143/578 2909/127/578 2920/155/578
f 2919/143/578 2920/155/578 2921/166/578
f 2925/216/579 2932/213/579 2909/127/579
f 2925/216/579 2909/127/579 2919/143/579
f 2922/161/580 2931/171/580 2923/131/580
f 2922/161/580 2923/131/580 2924/138/580
f 2925/216/581 2919/143/581 2912/135/581
f 2925/216/589 2912/135/589 2926/215/589
f 2927/173/582 2928/141/582 2913/139/582
f 2927/173/582 2913/139/582 2929/174/582
f 2929/174/583 2913/139/583 2914/132/583
f 2929/174/587 2914/132/587 2930/175/587
f 2926/215/584 2912/135/584 2924/138/584
f 2926/215/584 2924/138/584 2918/168/584
f 2931/171/585 2930/175/585 2914/132/585
f 2931/171/585 2914/132/585 2923/131/585
f 2932/213/586 2915/214/586 2928/128/586
f 2932/213/586 2928/128/586 2909/127/586
f 2933/127/571 2951/128/571 2950/154/571
f 2933/127/571 2950/154/571 2934/155/571
f 2944/131/572 2939/132/572 2938/158/572
f 2944/131/572 2938/158/572 2935/159/572
f 2936/135/573 2943/160/573 2937/161/573
f 2936/135/573 2937/161/573 2947/138/573
f 2952/139/574 2941/163/574 2938/158/574
f 2952/139/574 2938/158/574 2939/132/574
f 2951/141/575 2940/165/575 2941/163/575
f 2951/141/575 2941/163/575 2952/139/575
f 2942/143/576 2945/166/576 2943/160/576
f 2942/143/576 2943/160/576 2936/135/576
f 2947/138/577 2944/131/577 2935/159/577
f 2947/138/577 2935/159/577 2954/168/577
f 2942/143/578 2933/127/578 2934/155/578
f 2942/143/578 2934/155/578 2945/166/578
f 2948/216/579 2956/213/579 2933/127/579
f 2948/216/579 2933/127/579 2942/143/579
f 2937/161/580 2946/171/580 2944/131/580
f 2937/161/580 2944/131/580 2947/138/580
f 2948/216/581 2942/143/581 2936/135/581
f 2948/216/581 2936/135/581 2949/215/581
f 2950/173/582 2951/141/582 2952/139/582
f 2950/173/582 2952/139/582 2953/174/582
f 2953/174/583 2952/139/583 2939/132/583
f 2953/174/587 2939/132/587 2955/175/587
f 2949/215/584 2936/135/584 2947/138/584
f 2949/215/584 2947/138/584 2954/168/584
f 2946/171/585 2955/175/585 2939/132/585
f 2946/171/585 2939/132/585 2944/131/585
f 2956/213/586 2940/214/586 2951/128/586
f 2956/213/586 2951/128/586 2933/127/586
f 2968/454/571 3020/455/571 3003/154/571
f 2968/454/571 3003/154/571 2969/155/571
f 2979/131/572 2962/132/572 2957/158/572
f 2979/131/572 2957/158/572 2958/159/572
f 2959/456/573 2964/160/573 2960/161/573
f 2959/456/573 2960/161/573 3005/457/573
f 2976/139/574 2961/163/574 2957/158/574
f 2976/139/588 2957/158/588 2962/132/588
f 2981/141/575 2980/165/575 2961/163/575
f 2981/141/575 2961/163/575 2976/139/575
f 2967/458/576 2963/166/576 2964/160/576
f 2967/458/576 2964/160/576 2959/456/576
f 2965/138/577 2979/131/577 2958/159/577
f 2965/138/577 2958/159/577 2966/168/577
f 2967/458/578 2968/454/578 2969/155/578
f 2967/458/578 2969/155/578 2963/166/578
f 2973/216/579 2970/213/579 2984/127/579
f 2973/216/579 2984/127/579 2983/143/579
f 2971/459/580 2972/460/580 2979/131/580
f 2971/459/580 2979/131/580 2965/138/580
f 2973/216/589 2983/143/589 2978/135/589
f 2973/216/581 2978/135/581 2974/215/581
f 2993/461/582 2981/141/582 2976/139/582
f 2993/461/582 2976/139/582 2975/462/582
f 2975/462/583 2976/139/583 2962/132/583
f 2975/462/583 2962/132/583 2977/463/583
f 2974/215/584 2978/135/584 2965/138/584
f 2974/215/584 2965/138/584 2966/168/584
f 2972/460/585 2977/463/585 2962/132/585
f 2972/460/585 2962/132/585 2979/131/585
f 2970/213/586 2980/214/586 2981/128/586
f 2970/213/586 2981/128/586 2984/127/586
f 2985/464/585 2988/465/585 2977/463/585
f 2985/464/585 2977/463/585 2972/460/585
f 2982/466/583 2975/462/583 2977/463/583
f 2982/466/583 2977/463/583 2988/465/583
f 2994/467/582 2993/461/582 2975/462/582
f 2994/467/582 2975/462/582 2982/466/582
f 2991/468/580 2985/464/580 2972/460/580
f 2991/468/580 2972/460/580 2971/459/580
f 2983/143/578 2984/127/578 2992/469/578
f 2983/143/578 2992/469/578 2989/470/578
f 2983/143/576 2989/470/576 2990/471/576
f 2983/143/576 2990/471/576 2978/135/576
f 2978/135/573 2990/471/573 2971/459/573
f 2978/135/573 2971/459/573 2965/138/573
f 2984/127/571 2981/128/571 2993/472/571
f 2984/127/571 2993/472/571 2992/469/571
f 3015/473/580 3007/474/580 2985/464/580
f 3015/473/580 2985/464/580 2991/468/580
f 3019/475/582 2994/467/582 2982/466/582
f 3019/475/582 2982/466/582 2986/476/582
f 2986/476/583 2982/466/583 2988/465/583
f 2986/476/583 2988/465/583 2987/477/583
f 3007/474/585 2987/477/585 2988/465/585
f 3007/474/585 2988/465/585 2985/464/585
f 2989/470/578 2992/469/578 3009/478/578
f 2989/470/578 3009/478/578 3008/479/578
f 2989/470/576 3008/479/576 3014/480/576
f 2989/470/576 3014/480/576 2990/471/576
f 2990/471/573 3014/480/573 2991/468/573
f 2990/471/573 2991/468/573 2971/459/573
f 2992/469/571 2993/472/571 2994/481/571
f 2992/469/571 2994/481/571 3009/478/571
f 2995/171/585 2999/175/585 2997/482/585
f 2995/171/585 2997/482/585 2996/483/585
f 2996/483/585 2997/482/585 3001/484/585
f 2996/483/585 3001/484/585 3006/485/585
f 3006/485/585 3001/484/585 2987/477/585
f 3006/485/585 2987/477/585 3007/474/585
f 2998/174/583 3000/486/583 2997/482/583
f 2998/174/587 2997/482/587 2999/175/587
f 3000/486/591 3002/487/591 3001/484/591
f 3000/486/583 3001/484/583 2997/482/583
f 3002/487/583 2986/476/583 2987/477/583
f 3002/487/591 2987/477/591 3001/484/591
f 3003/173/582 3020/488/582 3000/486/582
f 3003/173/582 3000/486/582 2998/174/582
f 3020/488/582 3004/489/582 3002/487/582
f 3020/488/582 3002/487/582 3000/486/582
f 3004/489/582 3019/475/582 2986/476/582
f 3004/489/582 2986/476/582 3002/487/582
f 2960/161/580 2995/171/580 2996/483/580
f 2960/161/580 2996/483/580 3005/457/580
f 3005/457/580 2996/483/580 3006/485/580
f 3005/457/580 3006/485/580 3016/490/580
f 3016/490/580 3006/485/580 3007/474/580
f 3016/490/580 3007/474/580 3015/473/580
f 3008/479/578 3009/478/578 3018/491/578
f 3008/479/578 3018/491/578 3011/492/578
f 3011/492/578 3018/491/578 3010/493/578
f 3011/492/578 3010/493/578 3013/494/578
f 3013/494/578 3010/493/578 2968/454/578
f 3013/494/578 2968/454/578 2967/458/578
f 3008/479/576 3011/492/576 3012/495/576
f 3008/479/576 3012/495/576 3014/480/576
f 3011/492/576 3013/494/576 3017/496/576
f 3011/492/576 3017/496/576 3012/495/576
f 3013/494/576 2967/458/576 2959/456/576
f 3013/494/576 2959/456/576 3017/496/576
f 3014/480/573 3012/495/573 3015/473/573
f 3014/480/573 3015/473/573 2991/468/573
f 3012/495/573 3017/496/573 3016/490/573
f 3012/495/573 3016/490/573 3015/473/573
f 3017/496/573 2959/456/573 3005/457/573
f 3017/496/573 3005/457/573 3016/490/573
f 3009/478/571 2994/481/571 3019/497/571
f 3009/478/571 3019/497/571 3018/491/571
f 3018/491/571 3019/497/571 3004/498/571
f 3018/491/571 3004/498/571 3010/493/571
f 3010/493/571 3004/498/571 3020/455/571
f 3010/493/571 3020/455/571 2968/454/571
f 3021/217/539 3033/218/539 3042/219/539
f 3021/217/540 3042/219/540 3022/220/540
f 3023/221/592 3024/222/592 3025/223/592
f 3023/221/542 3025/223/542 3026/224/542
f 3027/225/543 3028/226/543 3029/227/543
f 3027/225/544 3029/227/544 3030/228/544
f 3031/229/545 3032/230/545 3025/223/545
f 3031/229/546 3025/223/546 3024/222/546
f 3033/231/547 3034/232/547 3032/230/547
f 3033/231/548 3032/230/548 3031/229/548
f 3035/233/549 3036/234/549 3028/226/549
f 3035/233/550 3028/226/550 3027/225/550
f 3030/228/551 3023/221/551 3026/224/551
f 3030/228/552 3026/224/552 3037/235/552
f 3035/233/553 3021/217/553 3022/220/553
f 3035/233/554 3022/220/554 3036/234/554
f 3038/236/555 3039/237/555 3021/217/555
f 3038/236/556 3021/217/556 3035/233/556
f 3029/227/557 3040/238/557 3023/221/557
f 3029/227/558 3023/221/558 3030/228/558
f 3038/236/559 3035/233/559 3027/225/559
f 3038/236/560 3027/225/560 3041/239/560
f 3042/240/561 3033/231/561 3031/229/561
f 3042/240/562 3031/229/562 3043/241/562
f 3043/241/563 3031/229/563 3024/222/563
f 3043/241/564 3024/222/564 3044/242/564
f 3041/239/565 3027/225/565 3030/228/565
f 3041/239/566 3030/228/566 3037/235/566
f 3040/238/567 3044/242/567 3024/222/567
f 3040/238/593 3024/222/593 3023/221/593
f 3039/237/569 3034/243/569 3033/218/569
f 3039/237/594 3033/218/594 3021/217/594
f 3045/217/507 3057/218/507 3065/219/507
f 3045/217/508 3065/219/508 3046/220/508
f 3047/221/509 3048/222/509 3049/223/509
f 3047/221/510 3049/223/510 3050/224/510
f 3051/225/511 3052/226/511 3053/227/511
f 3051/225/512 3053/227/512 3054/228/512
f 3055/229/595 3056/230/595 3049/223/595
f 3055/229/514 3049/223/514 3048/222/514
f 3057/231/596 3068/232/596 3056/230/596
f 3057/231/516 3056/230/516 3055/229/516
f 3058/233/517 3059/234/517 3052/226/517
f 3058/233/518 3052/226/518 3051/225/518
f 3054/228/519 3047/221/519 3050/224/519
f 3054/228/520 3050/224/520 3060/235/520
f 3058/233/521 3045/217/521 3046/220/521
f 3058/233/522 3046/220/522 3059/234/522
f 3061/236/523 3062/237/523 3045/217/523
f 3061/236/524 3045/217/524 3058/233/524
f 3053/227/525 3063/238/525 3047/221/525
f 3053/227/526 3047/221/526 3054/228/526
f 3061/236/527 3058/233/527 3051/225/527
f 3061/236/528 3051/225/528 3064/239/528
f 3065/240/529 3057/231/529 3055/229/529
f 3065/240/530 3055/229/530 3066/241/530
f 3066/241/531 3055/229/531 3048/222/531
f 3066/241/532 3048/222/532 3067/242/532
f 3064/239/533 3051/225/533 3054/228/533
f 3064/239/534 3054/228/534 3060/235/534
f 3063/238/535 3067/242/535 3048/222/535
f 3063/238/536 3048/222/536 3047/221/536
f 3062/237/537 3068/243/537 3057/218/537
f 3062/237/538 3057/218/538 3045/217/538
o Object.3
v 10.129262 5.935788 2.062076
v 10.098106 6.045529 2.158050
v 10.066455 6.040873 2.062076
v 10.096350 6.159593 2.062076
v 10.201436 6.222401 2.062076
v 10.320156 6.192507 2.062076
v 10.301066 6.166834 2.158050
v 10.351312 6.082766 2.158050
v 10.382963 6.087421 2.062076
v 10.327396 5.987791 2.158050
v 10.353069 5.968701 2.062076
v 10.243328 5.937543 2.158050
v 10.247983 5.905893 2.062076
v 10.361259 6.147454 -2.014467
v 10.254829 6.188519 -2.110441
v 10.262360 6.219610 -2.014467
v 10.141403 6.200701 -2.014467
v 10.158064 6.173391 -2.110441
v 10.100337 6.094271 -2.110441
v 10.069246 6.101800 -2.014467
v 10.088156 5.980844 -2.014467
v 10.115466 5.997505 -2.110441
v 10.187057 5.908687 -2.014467
v 10.194587 5.939779 -2.110441
v 10.308013 5.927597 -2.014467
v 10.349077 6.034028 -2.110441
v 10.380170 6.026498 -2.014467
v -10.256023 6.026498 -2.049906
v -10.287117 6.034027 -2.145879
v -10.274936 6.147453 -2.049906
v -10.381366 6.188519 -2.145879
v -10.373836 6.219611 -2.049905
v -10.478132 6.173390 -2.145879
v -10.494791 6.200701 -2.049905
v -10.535857 6.094270 -2.145879
v -10.566949 6.101800 -2.049905
v -10.548039 5.980844 -2.049905
v -10.520729 5.997505 -2.145879
v -10.449139 5.908687 -2.049905
v -10.328182 5.927596 -2.049906
v -10.489549 5.924534 2.066702
v -10.473936 5.952457 2.162675
v -10.565408 6.020626 2.066702
v -10.523177 6.126598 2.162675
v -10.551100 6.142211 2.066702
v -10.446305 6.187285 2.162675
v -10.455009 6.218069 2.066702
v -10.349034 6.175839 2.162675
v -10.333422 6.203763 2.066702
v -10.257565 6.107672 2.066702
v -10.288348 6.098967 2.162675
v -10.271872 5.986085 2.066702
v -10.367962 5.910226 2.066701
v 10.148353 5.961460 2.158050
v 10.206091 6.190751 2.158050
v 10.122022 6.140503 2.158050
v 10.333948 6.130793 -2.110441
v 10.291350 5.954908 -2.110441
v -10.302245 6.130793 -2.145879
v -10.344843 5.954907 -2.145879
v -10.441608 5.939779 -2.145879
v -10.534624 6.029329 2.162675
v -10.376666 5.941010 2.162675
v -10.299793 6.001698 2.162675
vn -0.2334 -0.9268 0.2943
vn -0.8203 -0.4903 0.2943
vn -0.9268 0.2334 0.2943
vn -0.4903 0.8203 0.2943
vn -0.4903 0.8204 0.2943
vn 0.2334 0.9268 0.2943
vn 0.8204 0.4903 0.2943
vn 0.8203 0.4903 0.2943
vn 0.9268 -0.2334 0.2943
vn 0.4903 -0.8203 0.2943
vn 0.4903 -0.8204 0.2943
vn 0.9442 0.1476 -0.2943
vn 0.5633 0.7721 -0.2943
vn -0.1476 0.9442 -0.2943
vn -0.7721 0.5633 -0.2943
vn -0.9442 -0.1476 -0.2943
vn -0.5633 -0.7721 -0.2943
vn 0.1476 -0.9442 -0.2943
vn 0.7720 -0.5633 -0.2943
vn 0.7721 -0.5633 -0.2943
vn -0.7501 -0.5922 0.2943
vn -0.9492 0.1117 0.2943
vn -0.5922 0.7501 0.2943
vn 0.1117 0.9492 0.2943
vn 0.7501 0.5922 0.2943
vn 0.9492 -0.1117 0.2943
vn 0.5922 -0.7501 0.2943
vn -0.1117 -0.9492 0.2943
vn -0.0000 -0.0000 1.0000
vn -0.0000 -0.0000 -1.0000
vt 0.357153 0.665653
vt 0.355562 0.669310
vt 0.361235 0.676077
vt 0.365585 0.674165
vt 0.361829 0.684889
vt 0.365610 0.686039
vt 0.355751 0.690948
vt 0.357158 0.694551
vt 0.347016 0.690725
vt 0.345151 0.694557
vt 0.340816 0.684293
vt 0.336683 0.686076
vt 0.340834 0.675359
vt 0.336683 0.674103
vt 0.346982 0.669148
vt 0.345154 0.665628
s 0
usemtl visse
f 3081/499/597 3080/500/597 3122/501/597
f 3081/499/597 3122/501/597 3069/502/597
f 3069/502/598 3122/501/598 3070/503/598
f 3069/502/598 3070/503/598 3071/504/598
f 3071/504/599 3070/503/599 3124/505/599
f 3071/504/599 3124/505/599 3072/506/599
f 3072/506/600 3124/505/600 3123/507/600
f 3072/506/601 3123/507/601 3073/508/601
f 3073/508/602 3123/507/602 3075/509/602
f 3073/508/602 3075/509/602 3074/510/602
f 3074/510/603 3075/509/603 3076/511/603
f 3074/510/604 3076/511/604 3077/512/604
f 3077/512/605 3076/511/605 3078/513/605
f 3077/512/605 3078/513/605 3079/514/605
f 3079/514/606 3078/513/606 3080/500/606
f 3079/514/607 3080/500/607 3081/499/607
f 3095/499/608 3094/500/608 3125/501/608
f 3095/499/608 3125/501/608 3082/502/608
f 3082/502/609 3125/501/609 3083/503/609
f 3082/502/609 3083/503/609 3084/504/609
f 3084/504/610 3083/503/610 3086/505/610
f 3084/504/610 3086/505/610 3085/506/610
f 3085/506/611 3086/505/611 3087/507/611
f 3085/506/611 3087/507/611 3088/508/611
f 3088/508/612 3087/507/612 3090/509/612
f 3088/508/612 3090/509/612 3089/510/612
f 3089/510/613 3090/509/613 3092/511/613
f 3089/510/613 3092/511/613 3091/512/613
f 3091/512/614 3092/511/614 3126/513/614
f 3091/512/614 3126/513/614 3093/514/614
f 3093/514/615 3126/513/615 3094/500/615
f 3093/514/616 3094/500/616 3095/499/616
f 3096/499/608 3097/500/608 3127/501/608
f 3096/499/608 3127/501/608 3098/502/608
f 3098/502/609 3127/501/609 3099/503/609
f 3098/502/609 3099/503/609 3100/504/609
f 3100/504/610 3099/503/610 3101/505/610
f 3100/504/610 3101/505/610 3102/506/610
f 3102/506/611 3101/505/611 3103/507/611
f 3102/506/611 3103/507/611 3104/508/611
f 3104/508/612 3103/507/612 3106/509/612
f 3104/508/612 3106/509/612 3105/510/612
f 3105/510/613 3106/509/613 3129/511/613
f 3105/510/613 3129/511/613 3107/512/613
f 3107/512/614 3129/511/614 3128/513/614
f 3107/512/614 3128/513/614 3108/514/614
f 3108/514/616 3128/513/616 3097/500/616
f 3108/514/616 3097/500/616 3096/499/616
f 3109/499/617 3110/500/617 3130/501/617
f 3109/499/617 3130/501/617 3111/502/617
f 3111/502/618 3130/501/618 3112/503/618
f 3111/502/618 3112/503/618 3113/504/618
f 3113/504/619 3112/503/619 3114/505/619
f 3113/504/619 3114/505/619 3115/506/619
f 3115/506/620 3114/505/620 3116/507/620
f 3115/506/620 3116/507/620 3117/508/620
f 3117/508/621 3116/507/621 3119/509/621
f 3117/508/621 3119/509/621 3118/510/621
f 3118/510/622 3119/509/622 3132/511/622
f 3118/510/622 3132/511/622 3120/512/622
f 3120/512/623 3132/511/623 3131/513/623
f 3120/512/623 3131/513/623 3121/514/623
f 3121/514/624 3131/513/624 3110/500/624
f 3121/514/624 3110/500/624 3109/499/624
f 3122/501/625 3080/500/625 3078/513/625
f 3122/501/625 3078/513/625 3076/511/625
f 3122/501/625 3076/511/625 3075/509/625
f 3122/501/625 3075/509/625 3123/507/625
f 3122/501/625 3123/507/625 3124/505/625
f 3122/501/625 3124/505/625 3070/503/625
f 3125/501/626 3094/500/626 3126/513/626
f 3125/501/626 3126/513/626 3092/511/626
f 3125/501/626 3092/511/626 3090/509/626
f 3125/501/626 3090/509/626 3087/507/626
f 3125/501/626 3087/507/626 3086/505/626
f 3125/501/626 3086/505/626 3083/503/626
f 3127/501/626 3097/500/626 3128/513/626
f 3127/501/626 3128/513/626 3129/511/626
f 3127/501/626 3129/511/626 3106/509/626
f 3127/501/626 3106/509/626 3103/507/626
f 3127/501/626 3103/507/626 3101/505/626
f 3127/501/626 3101/505/626 3099/503/626
f 3130/501/625 3110/500/625 3131/513/625
f 3130/501/625 3131/513/625 3132/511/625
f 3130/501/625 3132/511/625 3119/509/625
f 3130/501/625 3119/509/625 3116/507/625
f 3130/501/625 3116/507/625 3114/505/625
f 3130/501/625 3114/505/625 3112/503/625
o Object.4
v 8.934228 8.113543 -1.044812
v 8.934227 7.881013 -1.046947
v 8.809193 7.881013 -1.087011
v 9.099900 8.113544 -1.212046
v 9.060555 8.113543 -1.338372
v 9.059264 7.881013 -1.337080
v 9.097724 7.881012 -1.212046
v 9.060555 8.113543 -1.085719
v 9.059264 7.881013 -1.087011
v 8.934228 8.113544 -1.379279
v 8.934228 7.881013 -1.377144
v 8.770734 7.881013 -1.212046
v 8.768555 8.113544 -1.212046
v 8.807900 8.113544 -1.085719
v 8.809194 7.881013 -1.337080
v 8.807900 8.113544 -1.338372
v 8.934228 7.997278 -1.014551
v 8.784852 7.997278 -1.062670
v 8.934228 7.893548 -1.031983
v 9.129842 7.997278 -1.212046
v 9.112542 7.893548 -1.212046
v 9.070596 7.893548 -1.348413
v 9.083604 7.997277 -1.361422
v 9.083604 7.997278 -1.062670
v 9.070597 7.893548 -1.075678
v 8.934228 7.997278 -1.409540
v 8.934227 8.101008 -1.394437
v 9.072005 8.101008 -1.349823
v 8.753539 8.101008 -1.212046
v 8.738615 7.997278 -1.212046
v 8.796451 8.101008 -1.349823
v 8.784852 7.997278 -1.361422
v 8.934228 8.101008 -1.029654
v 9.072005 8.101008 -1.074268
v 8.797861 7.893548 -1.348413
v 8.934227 7.893548 -1.392108
v 8.796452 8.101008 -1.074269
v 9.114917 8.101008 -1.212046
v 8.797861 7.893548 -1.075678
v 8.755914 7.893548 -1.212046
v 8.937774 8.113543 1.430123
v 8.937774 7.881012 1.427987
v 9.103446 8.113543 1.262889
v 9.064100 8.113543 1.136562
v 9.062807 7.881012 1.137854
v 9.101268 7.881012 1.262889
v 9.064100 8.113543 1.389216
v 9.062807 7.881012 1.387924
v 8.937774 8.113543 1.095655
v 8.937774 7.881012 1.097791
v 8.812739 7.881012 1.387924
v 8.774279 7.881012 1.262889
v 8.772100 8.113543 1.262889
v 8.811446 8.113543 1.389216
v 8.812739 7.881012 1.137854
v 8.811446 8.113543 1.136562
v 8.937774 7.997277 1.460383
v 8.788397 7.997277 1.412265
v 8.801406 7.893547 1.399257
v 8.937774 7.893547 1.442952
v 9.133387 7.997277 1.262889
v 9.116087 7.893547 1.262889
v 9.074141 7.893548 1.126521
v 9.087149 7.997277 1.113513
v 9.087149 7.997277 1.412265
v 9.074141 7.893547 1.399257
v 8.937774 7.997278 1.065395
v 8.937774 8.101007 1.080497
v 9.075550 8.101008 1.125112
v 8.757085 8.101007 1.262889
v 8.742160 7.997277 1.262889
v 8.799995 8.101008 1.125112
v 8.788398 7.997277 1.113513
v 8.937774 8.101007 1.445281
v 9.075550 8.101007 1.400666
v 8.801405 7.893548 1.126521
v 8.937774 7.893548 1.082826
v 8.799995 8.101007 1.400666
v 9.118463 8.101008 1.262889
v 8.759459 7.893547 1.262889
v 19.251587 8.113542 1.307909
v 19.251587 7.881012 1.305774
v 19.126553 7.881013 1.265710
v 19.417259 8.113543 1.140676
v 19.377914 8.113543 1.014349
v 19.376623 7.881011 1.015641
v 19.415081 7.881011 1.140675
v 19.377913 8.113544 1.267002
v 19.376621 7.881012 1.265710
v 19.251587 8.113543 0.973442
v 19.251587 7.881012 0.975577
v 19.088089 7.881013 1.140676
v 19.085915 8.113542 1.140676
v 19.125259 8.113543 1.267002
v 19.126554 7.881012 1.015641
v 19.125259 8.113543 1.014349
v 19.251587 7.997278 1.338170
v 19.115219 7.893547 1.277043
v 19.251587 7.893547 1.320738
v 19.447201 7.997277 1.140676
v 19.429903 7.893548 1.140676
v 19.387955 7.893548 1.004308
v 19.400965 7.997279 0.991300
v 19.400963 7.997277 1.290052
v 19.387955 7.893548 1.277043
v 19.251587 7.997277 0.943181
v 19.251589 8.101008 0.958284
v 19.389364 8.101007 1.002899
v 19.102211 7.997278 1.290052
v 19.070898 8.101008 1.140676
v 19.055973 7.997277 1.140675
v 19.113810 8.101007 1.002899
v 19.102211 7.997278 0.991300
v 19.251587 8.101008 1.323067
v 19.389366 8.101008 1.278453
v 19.115219 7.893547 1.004308
v 19.251587 7.893547 0.960613
v 19.113810 8.101007 1.278453
v 19.432274 8.101007 1.140676
v 19.073273 7.893547 1.140676
v 19.251589 8.113543 -0.995474
v 19.251589 7.881012 -0.997610
v 19.126554 7.881013 -1.037673
v 19.125259 8.113544 -1.036381
v 19.417261 8.113543 -1.162708
v 19.377914 8.113544 -1.289035
v 19.376625 7.881012 -1.287743
v 19.415083 7.881012 -1.162708
v 19.377916 8.113544 -1.036381
v 19.376623 7.881012 -1.037674
v 19.251589 8.113544 -1.329942
v 19.251589 7.881012 -1.327807
v 19.088091 7.881013 -1.162708
v 19.085917 8.113543 -1.162708
v 19.126554 7.881013 -1.287743
v 19.125259 8.113543 -1.289035
v 19.251589 7.997278 -0.965214
v 19.115221 7.893548 -1.026340
v 19.251589 7.893548 -0.982645
v 19.447205 7.997279 -1.162708
v 19.429903 7.893547 -1.162708
v 19.387955 7.893549 -1.299076
v 19.400965 7.997278 -1.312084
v 19.400965 7.997278 -1.013332
v 19.387955 7.893548 -1.026340
v 19.251589 7.997278 -1.360202
v 19.251589 8.101008 -1.345100
v 19.389366 8.101008 -1.300485
v 19.102211 7.997278 -1.013332
v 19.070898 8.101008 -1.162708
v 19.055975 7.997278 -1.162708
v 19.113811 8.101008 -1.300485
v 19.102215 7.997278 -1.312084
v 19.251589 8.101008 -0.980316
v 19.389366 8.101008 -1.024931
v 19.115219 7.893548 -1.299076
v 19.251589 7.893547 -1.342771
v 19.113811 8.101008 -1.024931
v 19.432276 8.101008 -1.162708
v 19.073277 7.893548 -1.162708
v -19.925034 8.113543 0.970899
v -19.925032 7.881011 0.973034
v -19.799997 7.881013 1.013098
v -19.798702 8.113543 1.011806
v -20.090704 8.113542 1.138133
v -20.051357 8.113544 1.264460
v -20.050066 7.881012 1.263168
v -20.088524 7.881013 1.138133
v -20.051357 8.113544 1.011806
v -20.050064 7.881011 1.013098
v -19.925032 8.113542 1.305367
v -19.925032 7.881010 1.303231
v -19.761538 7.881011 1.138133
v -19.759359 8.113543 1.138133
v -19.799997 7.881012 1.263168
v -19.798702 8.113544 1.264460
v -19.925032 7.997277 0.940639
v -19.775656 7.997277 0.988757
v -19.788662 7.893548 1.001765
v -19.925032 7.893547 0.958070
v -20.120646 7.997278 1.138133
v -20.103346 7.893545 1.138133
v -20.061398 7.893546 1.274501
v -20.074408 7.997277 1.287509
v -20.074409 7.997276 0.988757
v -20.061399 7.893548 1.001765
v -19.925032 7.997278 1.335627
v -19.925030 8.101008 1.320525
v -20.062807 8.101007 1.275910
v -19.787252 8.101007 1.000356
v -19.744343 8.101008 1.138133
v -19.729414 7.997277 1.138133
v -19.787256 8.101008 1.275910
v -19.775656 7.997277 1.287509
v -19.925032 8.101007 0.955741
v -20.062807 8.101008 1.000356
v -19.788664 7.893548 1.274501
v -19.925032 7.893547 1.318196
v -20.105719 8.101007 1.138133
v -19.746717 7.893547 1.138133
v -19.925034 8.113542 -1.332485
v -19.925032 7.881010 -1.330350
v -20.090704 8.113541 -1.165251
v -20.051357 8.113543 -1.038924
v -20.050068 7.881011 -1.040217
v -20.088526 7.881012 -1.165251
v -20.051357 8.113542 -1.291578
v -20.050064 7.881010 -1.290286
v -19.925032 8.113541 -0.998018
v -19.925032 7.881009 -1.000153
v -19.799997 7.881011 -1.290286
v -19.761538 7.881010 -1.165251
v -19.759361 8.113542 -1.165251
v -19.798702 8.113542 -1.291578
v -19.799999 7.881011 -1.040217
v -19.798702 8.113542 -1.038924
v -19.925032 7.997276 -1.362746
v -19.925032 7.893546 -1.345314
v -20.120646 7.997277 -1.165251
v -20.103346 7.893544 -1.165251
v -20.061398 7.893545 -1.028884
v -20.074408 7.997276 -1.015875
v -20.074409 7.997275 -1.314628
v -20.061399 7.893547 -1.301619
v -19.925032 7.997277 -0.967757
v -19.925032 8.101007 -0.982859
v -20.062809 8.101007 -1.027474
v -19.775656 7.997275 -1.314628
v -19.787256 8.101007 -1.303028
v -19.744343 8.101007 -1.165251
v -19.729416 7.997276 -1.165251
v -19.787256 8.101007 -1.027475
v -19.775656 7.997276 -1.015875
v -19.925034 8.101007 -1.347643
v -20.062809 8.101007 -1.303028
v -19.788662 7.893547 -1.028884
v -19.925032 7.893546 -0.985189
v -20.105721 8.101007 -1.165251
v -19.788662 7.893547 -1.301619
v -19.746717 7.893545 -1.165251
v -8.675199 8.113544 -1.378424
v -8.675200 7.881013 -1.376289
v -8.840872 8.113544 -1.211190
v -8.801526 8.113543 -1.084863
v -8.800233 7.881012 -1.086155
v -8.838695 7.881013 -1.211190
v -8.801526 8.113544 -1.337517
v -8.800234 7.881013 -1.336225
v -8.675199 8.113544 -1.043956
v -8.675199 7.881013 -1.046092
v -8.550164 7.881012 -1.336225
v -8.511704 7.881013 -1.211190
v -8.509526 8.113544 -1.211190
v -8.548870 8.113543 -1.337517
v -8.550164 7.881013 -1.086155
v -8.548871 8.113544 -1.084863
v -8.675200 7.997278 -1.408684
v -8.675199 7.893548 -1.391253
v -8.870812 7.997277 -1.211190
v -8.853513 7.893548 -1.211190
v -8.811566 7.893548 -1.074822
v -8.824574 7.997277 -1.061814
v -8.824575 7.997278 -1.360566
v -8.811567 7.893548 -1.347558
v -8.675199 7.997278 -1.013696
v -8.675199 8.101007 -1.028798
v -8.812977 8.101008 -1.073413
v -8.525824 7.997278 -1.360566
v -8.537422 8.101008 -1.348967
v -8.494510 8.101008 -1.211190
v -8.479586 7.997278 -1.211190
v -8.537421 8.101008 -1.073413
v -8.525823 7.997277 -1.061814
v -8.675199 8.101008 -1.393582
v -8.812977 8.101007 -1.348967
v -8.538832 7.893549 -1.074822
v -8.675200 7.893548 -1.031127
v -8.855888 8.101007 -1.211190
v -8.538832 7.893548 -1.347558
v -8.496885 7.893548 -1.211190
v -8.675198 8.113543 1.103600
v -8.675199 7.881012 1.105735
v -8.550163 7.881012 1.145799
v -8.548869 8.113544 1.144507
v -8.840870 8.113543 1.270834
v -8.801524 8.113543 1.397161
v -8.800232 7.881012 1.395868
v -8.838694 7.881012 1.270834
v -8.801524 8.113544 1.144507
v -8.800232 7.881013 1.145799
v -8.675198 8.113544 1.438067
v -8.675197 7.881013 1.435932
v -8.511703 7.881013 1.270833
v -8.509524 8.113543 1.270834
v -8.550163 7.881013 1.395869
v -8.548870 8.113543 1.397161
v -8.675198 7.997278 1.073339
v -8.538830 7.893548 1.134466
v -8.675197 7.893548 1.090771
v -8.870811 7.997278 1.270834
v -8.853512 7.893548 1.270834
v -8.811565 7.893548 1.407202
v -8.824574 7.997277 1.420210
v -8.824574 7.997278 1.121458
v -8.811565 7.893547 1.134466
v -8.675197 7.997278 1.468328
v -8.675198 8.101007 1.453226
v -8.812975 8.101008 1.408611
v -8.525822 7.997278 1.121458
v -8.537420 8.101008 1.133057
v -8.494508 8.101007 1.270834
v -8.479585 7.997278 1.270834
v -8.537419 8.101008 1.408611
v -8.525822 7.997277 1.420210
v -8.675198 8.101008 1.088442
v -8.812975 8.101007 1.133057
v -8.538830 7.893548 1.407202
v -8.675198 7.893548 1.450897
v -8.855886 8.101007 1.270834
v -8.496884 7.893548 1.270834
v 0.295968 5.740477 -1.715267
v 0.264298 5.565180 -1.715302
v 0.264344 5.564604 -1.612389
v 0.271058 5.916163 -1.612423
v 0.271093 5.916498 -1.560949
v 0.296007 5.740523 -1.612371
v 0.095929 5.931396 -1.611580
v -0.109168 5.746920 -1.712037
v 0.089551 5.556119 -1.611547
v 0.090123 5.556719 -1.713619
v -0.110567 5.746989 -1.610756
v -0.085578 5.571350 -1.610704
v -0.078864 5.922909 -1.610738
v 0.264367 5.564316 -1.560932
v 0.290105 5.538304 -1.698518
v 0.096547 5.968585 -1.614870
v 0.306386 5.950334 -1.615578
v 0.326541 5.739985 -1.698489
v 0.297803 5.941345 -1.698573
v 0.297923 5.942498 -1.574038
v 0.336280 5.739884 -1.615535
v -0.112888 5.958416 -1.614163
v -0.150874 5.747632 -1.614178
v 0.088906 5.518933 -1.614843
v 0.089716 5.528569 -1.697161
v -0.139571 5.747398 -1.695884
v -0.111060 5.546037 -1.695801
v -0.120934 5.537182 -1.614135
v 0.298341 5.529099 -1.615550
v 0.290184 5.537310 -1.574024
v 0.089265 5.555820 -1.560511
v 0.088728 5.527536 -1.573685
v -0.077696 5.922216 -1.712002
v -0.086175 5.571074 -1.560089
v -0.113116 5.545084 -1.573345
v 0.326609 5.740065 -1.574017
v -0.079449 5.923255 -1.560107
v 0.096079 5.960058 -1.573698
v -0.084387 5.571902 -1.711933
v 0.095654 5.931760 -1.560527
v 0.096479 5.930667 -1.713685
v -0.103362 5.949078 -1.695856
v 0.296027 5.740547 -1.560923
v 0.270988 5.915495 -1.715371
v 0.097027 5.958799 -1.697213
v -0.111266 5.747024 -1.560115
v -0.105378 5.950272 -1.573359
v -0.141985 5.747518 -1.573366
v 0.264298 5.565180 1.512430
v -0.078864 5.922909 1.616995
v 0.271059 5.916163 1.615310
v 0.270988 5.915495 1.512362
v 0.295969 5.740477 1.512466
v 0.271094 5.916498 1.666784
v 0.095655 5.931760 1.667205
v 0.095930 5.931396 1.616153
v -0.079448 5.923255 1.667626
v 0.296008 5.740523 1.615362
v 0.089552 5.556120 1.616186
v 0.264345 5.564604 1.615344
v -0.085578 5.571350 1.617029
v -0.110566 5.746989 1.616977
v -0.086174 5.571074 1.667643
v -0.103362 5.949078 1.531877
v 0.306386 5.950334 1.612154
v 0.336280 5.739884 1.612198
v 0.096547 5.968585 1.612863
v 0.096080 5.960058 1.654035
v -0.112888 5.958416 1.613569
v -0.105378 5.950272 1.654374
v 0.326610 5.740065 1.653716
v 0.290185 5.537310 1.653709
v -0.150873 5.747632 1.613555
v 0.290105 5.538304 1.529215
v 0.089716 5.528569 1.530572
v -0.120933 5.537181 1.613598
v -0.141985 5.747518 1.654367
v 0.298341 5.529099 1.612183
v 0.088906 5.518933 1.612890
v 0.297803 5.941345 1.529160
v 0.264368 5.564316 1.666801
v 0.088728 5.527536 1.654048
v -0.077696 5.922216 1.515731
v -0.139571 5.747398 1.531848
v 0.089266 5.555820 1.667222
v -0.113116 5.545085 1.654388
v 0.090124 5.556719 1.514113
v -0.109167 5.746921 1.515696
v -0.084387 5.571902 1.515799
v -0.111060 5.546038 1.531932
v 0.326541 5.739985 1.529244
v 0.297923 5.942499 1.653695
v 0.096479 5.930667 1.514048
v 0.296028 5.740547 1.666810
v 0.097028 5.958799 1.530520
v -0.111266 5.747025 1.667617
v 10.419653 7.745598 -1.250589
v 8.961471 8.047498 -1.250588
v 10.419653 7.732402 -1.256055
v 10.419653 7.726935 -1.269252
v 10.419653 7.732401 -1.282449
v 8.961472 8.047498 -1.287914
v 10.419653 7.745598 -1.287915
v 10.419654 7.758795 -1.282449
v 10.419653 7.764261 -1.269252
v 8.961471 8.060695 -1.256055
v 10.419653 7.758795 -1.256055
v 17.710558 7.758796 -1.256058
v 17.710556 7.745599 -1.250592
v 16.252377 7.577654 -1.256057
v 16.252378 7.564459 -1.250591
v 14.794195 7.497149 -1.256057
v 14.794195 7.483952 -1.250591
v 14.065104 7.477022 -1.256057
v 13.336016 7.497149 -1.256056
v 13.336015 7.483952 -1.250590
v 14.065104 7.463825 -1.250590
v 11.877833 7.577654 -1.256056
v 11.877832 7.564458 -1.250589
v 17.710556 7.764261 -1.269254
v 16.252378 7.583122 -1.269254
v 14.794195 7.502616 -1.269253
v 14.065106 7.482488 -1.269253
v 13.336016 7.502614 -1.269253
v 11.877833 7.583122 -1.269253
v 17.710558 7.758796 -1.282451
v 16.252377 7.577656 -1.282451
v 14.794195 7.497149 -1.282450
v 14.065106 7.477023 -1.282450
v 13.336015 7.497149 -1.282450
v 11.877833 7.577654 -1.282449
v 19.168737 8.047499 -1.287918
v 17.710558 7.745599 -1.287918
v 14.794195 7.483952 -1.287916
v 14.065106 7.463826 -1.287916
v 13.336015 7.483952 -1.287916
v 19.168739 8.034302 -1.282452
v 17.710556 7.732402 -1.282451
v 16.252378 7.551261 -1.282451
v 16.252377 7.564459 -1.287917
v 14.794195 7.470756 -1.282450
v 14.065105 7.450628 -1.282450
v 13.336016 7.470756 -1.282450
v 11.877834 7.551262 -1.282449
v 11.877833 7.564458 -1.287915
v 17.710558 7.726935 -1.269254
v 16.252378 7.545796 -1.269254
v 14.794195 7.465289 -1.269253
v 14.065104 7.445162 -1.269253
v 13.336014 7.465289 -1.269253
v 11.877832 7.545796 -1.269252
v 19.168739 8.034302 -1.256058
v 17.710558 7.732403 -1.256058
v 16.252378 7.551262 -1.256057
v 14.794195 7.470756 -1.256057
v 14.065104 7.450628 -1.256057
v 13.336016 7.470756 -1.256056
v 11.877832 7.551261 -1.256056
v 10.419653 7.745599 1.270879
v 8.961472 8.047498 1.270880
v 10.419654 7.732402 1.265413
v 10.419653 7.726935 1.252217
v 8.961472 8.034301 1.239021
v 10.419654 7.732401 1.239020
v 8.961472 8.047498 1.233554
v 10.419653 7.745598 1.233554
v 10.419654 7.758796 1.239020
v 8.961472 8.066161 1.252217
v 10.419653 7.764261 1.252217
v 8.961471 8.060695 1.265414
v 10.419654 7.758795 1.265413
v 17.710558 7.758797 1.265411
v 17.710558 7.745599 1.270877
v 16.252378 7.577656 1.265411
v 16.252378 7.564460 1.270877
v 14.794195 7.497149 1.265412
v 14.794196 7.483953 1.270878
v 14.065106 7.477022 1.265412
v 13.336016 7.497149 1.265412
v 13.336015 7.483952 1.270878
v 14.065105 7.463826 1.270878
v 11.877833 7.577656 1.265413
v 11.877833 7.564459 1.270879
v 19.168737 8.066161 1.252214
v 17.710558 7.764261 1.252214
v 16.252378 7.583122 1.252214
v 14.794196 7.502615 1.252215
v 14.065106 7.482489 1.252215
v 13.336016 7.502615 1.252216
v 11.877834 7.583122 1.252216
v 19.168739 8.060696 1.239017
v 17.710560 7.758797 1.239017
v 16.252378 7.577656 1.239018
v 14.794195 7.497149 1.239018
v 14.065104 7.477023 1.239019
v 13.336016 7.497149 1.239019
v 11.877833 7.577656 1.239019
v 16.252378 7.564460 1.233552
v 14.065104 7.463826 1.233552
v 11.877834 7.564458 1.233553
v 19.168739 8.034302 1.239017
v 17.710558 7.732403 1.239017
v 17.710558 7.745599 1.233551
v 16.252378 7.551261 1.239018
v 14.794195 7.470756 1.239018
v 14.794195 7.483952 1.233552
v 14.065105 7.450629 1.239019
v 13.336016 7.470756 1.239019
v 13.336016 7.483952 1.233552
v 11.877834 7.551262 1.239019
v 19.168739 8.028836 1.252214
v 17.710558 7.726935 1.252214
v 16.252378 7.545797 1.252215
v 14.794195 7.465289 1.252215
v 14.065106 7.445162 1.252215
v 13.336016 7.465289 1.252215
v 11.877833 7.545796 1.252216
v 19.168739 8.034302 1.265410
v 17.710558 7.732403 1.265411
v 16.252378 7.551263 1.265411
v 14.794197 7.470756 1.265412
v 14.065106 7.450629 1.265412
v 13.336015 7.470756 1.265412
v 11.877834 7.551261 1.265413
v 1.310530 6.017995 1.553945
v 0.046390 5.941520 1.596870
v 0.049263 5.928683 1.591303
v 1.313403 6.005158 1.548378
v 1.314223 5.999841 1.535147
v 0.048368 5.928683 1.564925
v 1.312508 6.005158 1.522000
v 1.309264 6.017996 1.516641
v 0.045123 5.941520 1.559566
v 0.042250 5.954357 1.565132
v 1.306390 6.030832 1.522208
v 0.041432 5.959674 1.578365
v 1.305572 6.036150 1.535440
v 1.307286 6.030832 1.548586
v 7.589813 7.563668 1.335260
v 7.593057 7.550830 1.340619
v 8.841927 8.039588 1.298213
v 6.334064 7.118673 1.377982
v 6.337116 7.105789 1.383342
v 5.074940 6.759590 1.420584
v 5.077990 6.746706 1.425943
v 4.466072 6.594028 1.441758
v 3.825006 6.432320 1.463249
v 3.827253 6.419272 1.468609
v 4.468318 6.580980 1.447118
v 2.547907 6.193832 1.505978
v 2.550153 6.180784 1.511337
v 8.836968 8.057742 1.279708
v 7.588099 7.568985 1.322114
v 6.332431 7.124015 1.364836
v 5.073306 6.764932 1.407438
v 4.464771 6.599462 1.428612
v 3.823705 6.437753 1.450103
v 2.546606 6.199265 1.492832
v 7.588917 7.563668 1.308882
v 6.333170 7.118687 1.351604
v 5.074044 6.759603 1.394206
v 4.465178 6.594097 1.415380
v 3.824113 6.432388 1.436871
v 2.547014 6.193901 1.479600
v 8.840661 8.039588 1.260909
v 6.335849 7.105808 1.346037
v 3.825990 6.419369 1.431304
v 2.548891 6.180881 1.474033
v 8.843904 8.026752 1.266268
v 7.595036 7.537994 1.308674
v 7.591790 7.550831 1.303315
v 6.338899 7.092924 1.351396
v 5.079774 6.733840 1.393998
v 5.076724 6.746725 1.388639
v 4.469302 6.568028 1.415172
v 3.828236 6.406321 1.436663
v 4.467054 6.581077 1.409813
v 2.551137 6.167833 1.479392
v 7.596749 7.532677 1.321820
v 6.340534 7.087582 1.364543
v 5.081409 6.728498 1.407144
v 4.470602 6.562595 1.428318
v 3.829537 6.400887 1.449810
v 2.552438 6.162399 1.492538
v 8.844800 8.026752 1.292647
v 7.595931 7.537994 1.335052
v 6.339796 7.092910 1.377775
v 5.080669 6.733827 1.420376
v 4.470195 6.567960 1.441551
v 3.829129 6.406251 1.463042
v 2.552030 6.167764 1.505770
v 1.310798 6.017994 -1.568501
v 0.047366 5.941519 -1.628758
v 1.314116 6.005158 -1.573815
v 1.316010 5.999841 -1.586936
v 0.051940 5.928682 -1.660436
v 1.315373 6.005158 -1.600178
v 1.312577 6.017995 -1.605784
v 1.309259 6.030832 -1.600470
v 1.307364 6.036149 -1.587349
v 1.308002 6.030832 -1.574107
v 7.587011 7.563667 -1.274639
v 7.589808 7.550830 -1.269033
v 8.837979 8.039588 -1.209504
v 6.331960 7.118672 -1.334414
v 6.334563 7.105789 -1.328824
v 5.073551 6.759589 -1.394585
v 5.076155 6.746705 -1.388995
v 4.464983 6.594028 -1.423109
v 3.824299 6.432320 -1.453942
v 3.826101 6.419271 -1.448418
v 4.466786 6.580979 -1.417585
v 2.547967 6.193832 -1.515451
v 2.549769 6.180783 -1.509927
v 7.586374 7.568985 -1.287881
v 6.331402 7.124015 -1.347650
v 5.072993 6.764932 -1.407820
v 4.464758 6.599461 -1.436317
v 3.824074 6.437753 -1.467151
v 2.547742 6.199265 -1.528659
v 7.588269 7.563667 -1.301003
v 6.333218 7.118686 -1.360778
v 5.074809 6.759603 -1.420948
v 4.466243 6.594097 -1.449472
v 3.825559 6.432389 -1.480306
v 2.549227 6.193901 -1.541815
v 7.591587 7.550830 -1.306317
v 6.336342 7.105808 -1.366108
v 4.468568 6.581076 -1.454868
v 3.827883 6.419368 -1.485701
v 7.594383 7.537993 -1.300711
v 6.338945 7.092923 -1.360518
v 5.080537 6.733839 -1.420688
v 5.077933 6.746724 -1.426278
v 4.470371 6.568028 -1.449343
v 3.829686 6.406320 -1.480176
v 2.553354 6.167832 -1.541685
v 2.551551 6.180881 -1.547210
v 7.595020 7.532676 -1.287469
v 6.339503 7.087581 -1.347282
v 5.081095 6.728497 -1.407452
v 4.470594 6.562594 -1.436135
v 3.829911 6.400887 -1.466968
v 2.553579 6.162398 -1.528477
v 8.841296 8.026751 -1.214818
v 7.593125 7.537994 -1.274348
v 6.337687 7.092910 -1.334154
v 5.079280 6.733826 -1.394325
v 4.469110 6.567960 -1.422980
v 3.828426 6.406250 -1.453813
v 2.552094 6.167764 -1.515322
v -1.128210 6.017995 1.555997
v 0.135223 5.941519 1.616254
v -1.131527 6.005158 1.561311
v -1.133422 5.999841 1.574432
v -1.132785 6.005158 1.587674
v 0.133445 5.941520 1.653538
v -1.129988 6.017995 1.593280
v -1.126671 6.030831 1.587966
v 0.138657 5.959673 1.635102
v -1.124776 6.036150 1.574845
v -1.125413 6.030832 1.561602
v -8.652594 8.052424 1.202608
v -7.404424 7.563668 1.262137
v -7.407220 7.550830 1.256532
v -6.149372 7.118672 1.321912
v -6.151976 7.105789 1.316322
v -4.890963 6.759589 1.382082
v -4.893566 6.746705 1.376492
v -4.282394 6.594028 1.410606
v -3.641711 6.432319 1.441439
v -3.643513 6.419271 1.435915
v -4.284198 6.580979 1.405081
v -2.365379 6.193832 1.502947
v -2.367181 6.180783 1.497423
v -8.651957 8.057743 1.215851
v -7.403786 7.568985 1.275380
v -6.148814 7.124015 1.335148
v -4.890405 6.764932 1.395317
v -4.282170 6.599461 1.423814
v -3.641487 6.437753 1.454647
v -2.365154 6.199265 1.516156
v -8.653852 8.052424 1.228972
v -7.405680 7.563668 1.288501
v -6.150629 7.118686 1.348275
v -4.892221 6.759603 1.408445
v -4.283655 6.594096 1.436969
v -3.642971 6.432389 1.467802
v -2.366639 6.193901 1.529311
v -8.657169 8.039589 1.234286
v -7.408998 7.550831 1.293815
v -6.153753 7.105808 1.353605
v -4.895345 6.746724 1.413775
v -4.285979 6.581076 1.442365
v -2.368963 6.180881 1.534706
v -7.411794 7.537994 1.288209
v -6.156356 7.092924 1.348015
v -4.897948 6.733839 1.408185
v -4.287782 6.568028 1.436840
v -3.647098 6.406320 1.467673
v -3.645295 6.419368 1.473198
v -2.370765 6.167832 1.529182
v -7.412432 7.532677 1.274967
v -6.156914 7.087582 1.334780
v -4.898507 6.728497 1.394949
v -4.288006 6.562594 1.423632
v -3.647323 6.400886 1.454465
v -2.370990 6.162399 1.515973
v -7.410536 7.537994 1.261846
v -6.155099 7.092910 1.321652
v -4.896692 6.733826 1.381822
v -4.286522 6.567958 1.410477
v -3.645837 6.406251 1.441310
v -2.369506 6.167764 1.502818
v -1.127942 6.017996 -1.566449
v 0.136198 5.941520 -1.609374
v -1.130815 6.005159 -1.560882
v 0.132507 5.923367 -1.590574
v -1.131634 5.999842 -1.547650
v -1.129919 6.005159 -1.534504
v 0.137465 5.941521 -1.572069
v -1.126675 6.017997 -1.529144
v 0.140338 5.954356 -1.577636
v -1.123802 6.030833 -1.534711
v 0.141157 5.959675 -1.590868
v -1.122984 6.036150 -1.547944
v 0.139443 5.954357 -1.604014
v -1.124698 6.030834 -1.561090
v -7.407225 7.563669 -1.347762
v -7.410470 7.550832 -1.353122
v -6.151477 7.118674 -1.390485
v -6.154526 7.105790 -1.395844
v -4.892351 6.759591 -1.433087
v -4.895401 6.746706 -1.438446
v -4.283483 6.594028 -1.454261
v -3.642417 6.432321 -1.475752
v -3.644665 6.419271 -1.481112
v -4.285729 6.580980 -1.459620
v -2.365319 6.193834 -1.518481
v -2.367565 6.180784 -1.523841
v -7.405509 7.568986 -1.334616
v -6.149841 7.124016 -1.377339
v -4.890716 6.764932 -1.419941
v -4.282182 6.599462 -1.441115
v -3.641116 6.437754 -1.462606
v -2.364018 6.199266 -1.505335
v -8.655198 8.052425 -1.278978
v -7.406329 7.563669 -1.321384
v -6.150581 7.118688 -1.364107
v -4.891455 6.759604 -1.406709
v -4.282589 6.594098 -1.427883
v -3.641524 6.432389 -1.449374
v -2.364425 6.193903 -1.492103
v -6.153260 7.105808 -1.358540
v -4.284467 6.581077 -1.422316
v -2.366301 6.180882 -1.486536
v -8.661317 8.026752 -1.278770
v -7.412446 7.537995 -1.321176
v -7.409202 7.550832 -1.315817
v -8.658072 8.039589 -1.273411
v -6.156311 7.092925 -1.363899
v -4.897186 6.733840 -1.406501
v -4.894135 6.746725 -1.401142
v -4.286713 6.568029 -1.427675
v -3.645648 6.406321 -1.449167
v -3.643402 6.419369 -1.443807
v -2.368549 6.167833 -1.491895
v -8.663031 8.021436 -1.291916
v -7.414162 7.532678 -1.334323
v -6.157945 7.087582 -1.377045
v -4.898820 6.728499 -1.419647
v -4.288014 6.562595 -1.440822
v -3.646948 6.400887 -1.462312
v -2.369849 6.162400 -1.505041
v -8.662212 8.026752 -1.305148
v -7.413342 7.537995 -1.347555
v -6.157207 7.092911 -1.390277
v -4.898080 6.733827 -1.432879
v -4.287606 6.567960 -1.454054
v -3.646541 6.406251 -1.475545
v -2.369441 6.167765 -1.518274
v -10.330811 7.745602 -1.283381
v -10.330812 7.732407 -1.277915
v -8.745453 8.028838 -1.264719
v -10.330812 7.726939 -1.264718
v -8.745453 8.034306 -1.251522
v -10.330812 7.732406 -1.251522
v -10.330812 7.745602 -1.246055
v -8.745452 8.060699 -1.251522
v -10.330812 7.758800 -1.251522
v -10.330811 7.764266 -1.264718
v -8.745452 8.060699 -1.277915
v -10.330812 7.758799 -1.277915
v -18.257612 7.758796 -1.277912
v -18.257612 7.745599 -1.283378
v -19.842972 8.047501 -1.283377
v -16.672253 7.577658 -1.277912
v -16.672253 7.564461 -1.283379
v -15.086892 7.497152 -1.277913
v -15.086892 7.483956 -1.283379
v -14.294210 7.477025 -1.277913
v -13.501531 7.497151 -1.277914
v -13.501532 7.483956 -1.283380
v -14.294212 7.463828 -1.283380
v -11.916172 7.577659 -1.277914
v -11.916172 7.564462 -1.283381
v -18.257612 7.764262 -1.264715
v -16.672253 7.583123 -1.264716
v -15.086892 7.502618 -1.264716
v -14.294211 7.482491 -1.264717
v -13.501532 7.502619 -1.264717
v -11.916172 7.583125 -1.264718
v -18.257612 7.758797 -1.251518
v -16.672253 7.577658 -1.251519
v -15.086892 7.497152 -1.251520
v -14.294211 7.477024 -1.251520
v -13.501530 7.497152 -1.251520
v -11.916171 7.577659 -1.251521
v -16.672253 7.564460 -1.246053
v -13.501530 7.483954 -1.246054
v -19.842974 8.034303 -1.251518
v -18.257616 7.732404 -1.251518
v -18.257614 7.745599 -1.246052
v -16.672253 7.551265 -1.251519
v -15.086892 7.470758 -1.251520
v -15.086892 7.483955 -1.246053
v -14.294211 7.450632 -1.251520
v -13.501532 7.470758 -1.251520
v -14.294211 7.463827 -1.246054
v -11.916172 7.551264 -1.251521
v -11.916170 7.564461 -1.246055
v -18.257614 7.726936 -1.264715
v -16.672253 7.545796 -1.264716
v -15.086892 7.465292 -1.264716
v -14.294210 7.445164 -1.264717
v -13.501532 7.465293 -1.264717
v -11.916172 7.545800 -1.264717
v -19.842974 8.034302 -1.277911
v -18.257616 7.732404 -1.277912
v -16.672255 7.551264 -1.277912
v -15.086892 7.470758 -1.277913
v -14.294211 7.450633 -1.277913
v -13.501532 7.470758 -1.277914
v -11.916172 7.551265 -1.277914
v -10.330811 7.745603 1.238087
v -8.745451 8.047503 1.238087
v -10.330811 7.732407 1.243554
v -8.745452 8.028839 1.256750
v -10.330812 7.726939 1.256750
v -10.330812 7.732407 1.269947
v -10.330812 7.745602 1.275413
v -8.745452 8.047503 1.275413
v -10.330811 7.758799 1.269947
v -8.745451 8.066165 1.256750
v -10.330811 7.764265 1.256751
v -8.745451 8.060699 1.243553
v -10.330811 7.758799 1.243554
v -19.842972 8.060697 1.243557
v -18.257612 7.758796 1.243556
v -18.257612 7.745599 1.238091
v -16.672251 7.577659 1.243556
v -16.672251 7.564461 1.238090
v -15.086892 7.497152 1.243556
v -15.086890 7.483956 1.238089
v -14.294210 7.477026 1.243555
v -13.501531 7.497151 1.243555
v -13.501532 7.483956 1.238089
v -14.294211 7.463830 1.238089
v -11.916171 7.577659 1.243554
v -11.916170 7.564463 1.238088
v -19.842972 8.066163 1.256754
v -18.257612 7.764263 1.256753
v -16.672253 7.583124 1.256753
v -15.086891 7.502619 1.256752
v -14.294210 7.482490 1.256752
v -13.501532 7.502620 1.256752
v -11.916171 7.583125 1.256751
v -18.257612 7.758797 1.269950
v -16.672251 7.577659 1.269950
v -15.086892 7.497152 1.269949
v -14.294210 7.477026 1.269948
v -13.501530 7.497152 1.269948
v -11.916170 7.577659 1.269948
v -16.672253 7.564461 1.275416
v -14.294210 7.463828 1.275415
v -13.501530 7.483955 1.275414
v -11.916170 7.564462 1.275414
v -19.842972 8.034303 1.269951
v -18.257614 7.732404 1.269950
v -18.257612 7.745599 1.275416
v -16.672253 7.551266 1.269950
v -15.086891 7.470758 1.269949
v -15.086892 7.483955 1.275415
v -14.294211 7.450632 1.269948
v -13.501532 7.470758 1.269948
v -11.916172 7.551265 1.269948
v -19.842972 8.028836 1.256754
v -18.257612 7.726935 1.256753
v -16.672253 7.545798 1.256753
v -15.086892 7.465292 1.256752
v -14.294210 7.445164 1.256752
v -13.501531 7.465294 1.256752
v -11.916171 7.545800 1.256751
v -18.257616 7.732404 1.243556
v -16.672253 7.551265 1.243556
v -15.086891 7.470758 1.243555
v -14.294210 7.450633 1.243555
v -13.501532 7.470758 1.243555
v -11.916172 7.551265 1.243554
v 13.277385 6.052048 0.871666
v 13.277376 5.932874 0.884475
v 13.276999 5.914111 1.008438
v 13.276622 5.922195 1.380800
v 13.276673 6.174758 1.385460
v 13.070856 6.174310 1.384378
v 13.277048 6.184746 1.013740
v 13.071230 6.184312 1.013176
v 13.277425 6.172208 0.887778
v 13.483246 6.172677 0.887826
v 13.070847 6.046865 1.391439
v 13.276663 6.046807 1.392489
v 13.482438 5.921633 1.381861
v 13.277391 6.185619 0.866221
v 13.088645 6.052331 0.850342
v 13.182321 6.200060 1.439648
v 13.276694 6.046565 1.419336
v 13.371037 6.195989 1.431012
v 13.465755 6.197717 1.006220
v 13.182693 6.209250 0.997311
v 13.371401 6.205305 1.000827
v 13.465401 6.046504 1.420483
v 13.483205 6.052011 0.871725
v 13.466065 6.052249 0.850472
v 13.071557 5.933417 0.884447
v 13.071566 6.052086 0.871606
v 13.482489 6.175208 1.386541
v 13.482866 6.185179 1.014304
v 13.465409 6.188154 1.414301
v 13.483194 5.932331 0.884503
v 13.482820 5.913582 1.008983
v 13.071607 6.171741 0.887730
v 13.087984 6.046627 1.418189
v 13.087993 6.187173 1.411939
v 13.071182 5.914638 1.007892
v 13.088637 5.920562 0.862371
v 13.070806 5.922758 1.379739
v 13.087948 5.909400 1.406785
v 13.482479 6.046751 1.393539
v 13.466057 5.919376 0.862433
v 13.088293 5.902188 0.999216
v 13.182272 5.895957 1.433978
v 13.088338 6.196770 1.004987
v 13.183066 6.198498 0.845065
v 13.088682 6.185107 0.866169
v 13.182311 6.046360 1.445084
v 13.277356 6.052290 0.850407
v 13.183027 6.052547 0.829536
v 13.276655 5.908785 1.407944
v 13.182647 5.889657 0.991050
v 13.277002 5.901612 0.999812
v 13.277346 5.919969 0.862402
v 13.183019 5.907624 0.840751
v 13.277046 6.197244 1.005603
v 13.371767 6.194270 0.852761
v 13.276702 6.187665 1.413120
v 13.371029 6.046384 1.436702
v 13.466104 6.186131 0.866274
v 13.371728 6.052421 0.837139
v 13.465364 5.908171 1.409104
v 13.370988 5.900082 1.425503
v 13.371356 5.893499 0.994718
v 13.465711 5.901035 1.000407
v 13.371718 5.911592 0.848608
v 13.483205 6.052012 -1.391221
v 13.277001 5.914112 -1.254509
v 13.277377 5.932875 -1.378472
v 13.071557 5.933418 -1.378500
v 13.276623 5.922196 -0.882147
v 13.277385 6.052050 -1.391281
v 13.277426 6.172210 -1.375169
v 13.276663 6.046809 -0.870457
v 13.070857 6.174312 -0.878568
v 13.277048 6.184747 -1.249207
v 13.276673 6.174760 -0.877487
v 13.482866 6.185180 -1.248643
v 13.071609 6.171741 -1.375217
v 13.371729 6.052422 -1.425808
v 13.183028 6.052549 -1.433411
v 13.088645 6.052333 -1.412605
v 13.371356 5.893500 -1.268229
v 13.277003 5.901613 -1.263135
v 13.277346 5.919971 -1.400545
v 13.182272 5.895958 -0.828968
v 13.088294 5.902190 -1.263731
v 13.371769 6.194272 -1.410186
v 13.182312 6.046361 -0.817863
v 13.277046 6.197245 -1.257343
v 13.371039 6.195990 -0.831935
v 13.465755 6.197719 -1.256727
v 13.371401 6.205307 -1.262120
v 13.483247 6.172678 -1.375120
v 13.482489 6.175209 -0.876406
v 13.483195 5.932332 -1.378444
v 13.482820 5.913584 -1.253964
v 13.071566 6.052087 -1.391340
v 13.088682 6.185108 -1.396778
v 13.088636 5.920564 -1.400576
v 13.466105 6.186132 -1.396673
v 13.070847 6.046866 -0.871507
v 13.087986 6.046629 -0.844758
v 13.482481 6.046753 -0.869407
v 13.465410 6.188156 -0.848646
v 13.071231 6.184314 -1.249771
v 13.070807 5.922760 -0.883208
v 13.071182 5.914639 -1.255054
v 13.482440 5.921634 -0.881086
v 13.465402 6.046505 -0.842464
v 13.087949 5.909401 -0.856161
v 13.088338 6.196772 -1.257959
v 13.087994 6.187174 -0.851008
v 13.182323 6.200061 -0.823299
v 13.182694 6.209251 -1.265636
v 13.183067 6.198499 -1.417882
v 13.182647 5.889659 -1.271897
v 13.183019 5.907627 -1.422196
v 13.277356 6.052291 -1.412540
v 13.276657 5.908787 -0.855002
v 13.370990 5.900084 -0.837443
v 13.371030 6.046385 -0.826245
v 13.277392 6.185620 -1.396726
v 13.276703 6.187665 -0.849827
v 13.276694 6.046567 -0.843611
v 13.466067 6.052250 -1.412475
v 13.465364 5.908172 -0.853843
v 13.465713 5.901036 -1.262540
v 13.466058 5.919376 -1.400514
v 13.371718 5.911594 -1.414339
v 7.718122 5.933419 -1.378499
v 7.923941 5.932876 -1.378471
v 7.717748 5.914640 -1.255053
v 8.129003 5.921634 -0.881084
v 7.923188 5.922197 -0.882145
v 7.923566 5.914113 -1.254508
v 7.923950 6.052050 -1.391280
v 7.923228 6.046810 -0.870456
v 7.717412 6.046866 -0.871506
v 7.923239 6.174761 -0.877486
v 7.717795 6.184314 -1.249770
v 7.923614 6.184748 -1.249206
v 7.923990 6.172210 -1.375167
v 7.717371 5.922760 -0.883207
v 8.129045 6.046753 -0.869406
v 7.923912 5.919971 -1.400543
v 7.829211 5.889659 -1.271896
v 8.017555 5.900084 -0.837442
v 7.923567 5.901614 -1.263134
v 7.828837 5.895959 -0.828967
v 7.734859 5.902190 -1.263729
v 7.923920 6.052292 -1.412538
v 7.735210 6.052333 -1.412603
v 7.828877 6.046362 -0.817862
v 8.111975 6.188157 -0.848645
v 7.923611 6.197245 -1.257342
v 7.923959 6.185620 -1.396724
v 8.017967 6.205307 -1.262119
v 8.112668 6.186131 -1.396672
v 7.923221 5.908787 -0.855001
v 8.129810 6.172679 -1.375119
v 7.718131 6.052088 -1.391339
v 8.112322 6.197719 -1.256726
v 7.718172 6.171741 -1.375215
v 7.717421 6.174312 -0.878567
v 7.734550 6.046629 -0.844756
v 7.734559 6.187175 -0.851007
v 7.735201 5.920564 -1.400574
v 8.129431 6.185180 -1.248642
v 8.129384 5.913585 -1.253962
v 8.112277 5.901037 -1.262538
v 8.129054 6.175209 -0.876405
v 8.111965 6.046506 -0.842463
v 8.129770 6.052012 -1.391220
v 8.129762 5.932332 -1.378442
v 8.112632 6.052250 -1.412473
v 7.734513 5.909402 -0.856160
v 7.735247 6.185109 -1.396777
v 7.828886 6.200061 -0.823298
v 7.829259 6.209252 -1.265635
v 7.734902 6.196772 -1.257958
v 7.829593 6.052550 -1.433410
v 7.829632 6.198500 -1.417881
v 7.829584 5.907627 -1.422194
v 7.923258 6.046567 -0.843610
v 8.018332 6.194272 -1.410185
v 7.923266 6.187666 -0.849826
v 8.017604 6.195991 -0.831933
v 8.017595 6.046386 -0.826244
v 8.018293 6.052423 -1.425806
v 8.111929 5.908172 -0.853841
v 8.017921 5.893500 -1.268227
v 8.112622 5.919377 -1.400512
v 8.018284 5.911594 -1.414338
v 8.129772 6.052012 0.871727
v 7.923952 6.052050 0.871667
v 8.129763 5.932333 0.884505
v 7.923943 5.932876 0.884476
v 7.923566 5.914113 1.008439
v 8.129812 6.172680 0.887828
v 7.718173 6.171742 0.887732
v 7.718132 6.052088 0.871608
v 7.923229 6.046810 1.392491
v 7.923615 6.184748 1.013741
v 7.923240 6.174761 1.385461
v 8.129056 6.175210 1.386542
v 7.717797 6.184314 1.013177
v 7.923992 6.172210 0.887780
v 7.717413 6.046866 1.391441
v 7.923189 5.922197 1.380802
v 8.018294 6.052423 0.837141
v 7.923922 6.052293 0.850408
v 8.017923 5.893501 0.994720
v 7.829213 5.889660 0.991051
v 7.735202 5.920565 0.862373
v 8.017557 5.900084 1.425505
v 7.923569 5.901614 0.999813
v 7.734514 5.909402 1.406786
v 7.829634 6.198500 0.845066
v 7.735249 6.185109 0.866170
v 7.923259 6.046567 1.419337
v 7.923268 6.187665 1.413121
v 8.017605 6.195991 1.431014
v 7.923612 6.197246 1.005605
v 7.829260 6.209252 0.997312
v 7.923960 6.185620 0.866223
v 8.112322 6.197720 1.006221
v 7.828878 6.046362 1.445085
v 7.923222 5.908788 1.407946
v 8.111930 5.908173 1.409105
v 8.112633 6.052251 0.850473
v 7.718123 5.933419 0.884448
v 8.111976 6.188157 1.414302
v 7.734903 6.196772 1.004989
v 7.735211 6.052333 0.850343
v 7.734551 6.046629 1.418191
v 7.734860 5.902191 0.999217
v 8.129433 6.185181 1.014305
v 8.129385 5.913585 1.008985
v 8.129004 5.921635 1.381863
v 8.129046 6.046753 1.393541
v 8.112624 5.919377 0.862435
v 7.717422 6.174312 1.384380
v 7.717372 5.922760 1.379740
v 7.717750 5.914640 1.007894
v 8.111966 6.046506 1.420484
v 7.828838 5.895960 1.433980
v 7.734560 6.187175 1.411940
v 7.828887 6.200061 1.439649
v 7.829585 5.907627 0.840753
v 7.923913 5.919971 0.862404
v 7.829595 6.052550 0.829537
v 8.018333 6.194273 0.852762
v 8.017968 6.205308 1.000828
v 8.017597 6.046386 1.436703
v 8.112670 6.186132 0.866275
v 8.112278 5.901038 1.000409
v 8.018285 5.911595 0.848609
v 2.534441 6.052050 0.871669
v 2.739874 5.913585 1.008986
v 2.534431 5.932875 0.884478
v 2.534056 5.914112 1.008440
v 2.328612 5.933419 0.884449
v 2.328238 5.914639 1.007895
v 2.740261 6.052012 0.871728
v 2.328662 6.171741 0.887733
v 2.533718 6.046810 1.392492
v 2.739544 6.175210 1.386544
v 2.533728 6.174761 1.385462
v 2.739922 6.185181 1.014307
v 2.328286 6.184314 1.013179
v 2.534104 6.184747 1.013742
v 2.534482 6.172210 0.887781
v 2.533678 5.922197 1.380803
v 2.739536 6.046752 1.393542
v 2.739495 5.921634 1.381864
v 2.628784 6.052423 0.837142
v 2.440073 5.907627 0.840754
v 2.534402 5.919971 0.862405
v 2.628046 5.900084 1.425506
v 2.628823 6.194272 0.852763
v 2.534411 6.052292 0.850410
v 2.345701 6.052333 0.850345
v 2.439377 6.200061 1.439651
v 2.722466 6.188156 1.414304
v 2.628094 6.195991 1.431015
v 2.722811 6.197719 1.006222
v 2.439749 6.209252 0.997314
v 2.440123 6.198500 0.845067
v 2.723159 6.186132 0.866277
v 2.533711 5.908787 1.407947
v 2.533749 6.046567 1.419339
v 2.722420 5.908172 1.409107
v 2.722456 6.046506 1.420486
v 2.723121 6.052250 0.850475
v 2.740251 5.932333 0.884506
v 2.723113 5.919377 0.862436
v 2.345393 6.196772 1.004990
v 2.328621 6.052088 0.871609
v 2.345737 6.185109 0.866172
v 2.345692 5.920564 0.862374
v 2.345349 5.902190 0.999219
v 2.740301 6.172679 0.887829
v 2.327902 6.046866 1.391442
v 2.327862 5.922760 1.379742
v 2.345003 5.909402 1.406788
v 2.345041 6.046629 1.418192
v 2.327911 6.174312 1.384381
v 2.439327 5.895959 1.433981
v 2.439367 6.046361 1.445086
v 2.345050 6.187175 1.411942
v 2.534448 6.185620 0.866224
v 2.440083 6.052550 0.829539
v 2.534059 5.901614 0.999815
v 2.439702 5.889659 0.991053
v 2.534102 6.197246 1.005606
v 2.628457 6.205307 1.000830
v 2.533757 6.187665 1.413122
v 2.628085 6.046385 1.436705
v 2.722768 5.901037 1.000410
v 2.628411 5.893500 0.994721
v 2.628774 5.911594 0.848611
v 2.534430 5.932875 -1.378469
v 2.534439 6.052050 -1.391278
v 2.328620 6.052087 -1.391338
v 2.534055 5.914112 -1.254506
v 2.328611 5.933419 -1.378498
v 2.533677 5.922196 -0.882144
v 2.328237 5.914639 -1.255052
v 2.534481 6.172210 -1.375166
v 2.739534 6.046752 -0.869405
v 2.533727 6.174760 -0.877484
v 2.328285 6.184314 -1.249768
v 2.534102 6.184747 -1.249205
v 2.740300 6.172678 -1.375118
v 2.327900 6.046866 -0.871505
v 2.533717 6.046809 -0.870455
v 2.440082 6.052549 -1.433408
v 2.345699 6.052332 -1.412602
v 2.439701 5.889659 -1.271895
v 2.628044 5.900084 -0.837441
v 2.345347 5.902190 -1.263728
v 2.628821 6.194272 -1.410184
v 2.345736 6.185108 -1.396776
v 2.533748 6.046567 -0.843608
v 2.533756 6.187665 -0.849824
v 2.722464 6.188156 -0.848644
v 2.439748 6.209251 -1.265633
v 2.534101 6.197245 -1.257341
v 2.534447 6.185620 -1.396723
v 2.440122 6.198499 -1.417879
v 2.722810 6.197719 -1.256724
v 2.439366 6.046361 -0.817860
v 2.628084 6.046385 -0.826242
v 2.722455 6.046505 -0.842462
v 2.345690 5.920564 -1.400573
v 2.739543 6.175209 -0.876404
v 2.740250 5.932332 -1.378441
v 2.328660 6.171741 -1.375214
v 2.327910 6.174311 -0.878566
v 2.739920 6.185180 -1.248640
v 2.739873 5.913584 -1.253961
v 2.722418 5.908172 -0.853840
v 2.740259 6.052011 -1.391219
v 2.723111 5.919377 -1.400511
v 2.327860 5.922760 -0.883205
v 2.345002 5.909401 -0.856159
v 2.739493 5.921634 -0.881083
v 2.439325 5.895958 -0.828966
v 2.345392 6.196772 -1.257957
v 2.345048 6.187174 -0.851006
v 2.439376 6.200061 -0.823296
v 2.345040 6.046629 -0.844755
v 2.533710 5.908787 -0.855000
v 2.534057 5.901613 -1.263133
v 2.440072 5.907626 -1.422193
v 2.534410 6.052292 -1.412537
v 2.534401 5.919970 -1.400542
v 2.628093 6.195990 -0.831932
v 2.628456 6.205307 -1.262118
v 2.723158 6.186131 -1.396670
v 2.628782 6.052422 -1.425805
v 2.722766 5.901037 -1.262537
v 2.628410 5.893500 -1.268226
v 2.723120 6.052250 -1.412472
v 2.628773 5.911594 -1.414336
v -2.819440 6.052051 -1.391277
v -3.025260 6.052088 -1.391337
v -2.613631 5.932333 -1.378440
v -2.819450 5.932877 -1.378468
v -2.819825 5.914113 -1.254505
v -3.025269 5.933419 -1.378496
v -3.025644 5.914640 -1.255050
v -2.613580 6.172679 -1.375116
v -2.820163 6.046810 -0.870454
v -2.820153 6.174762 -0.877483
v -2.614347 6.046754 -0.869403
v -3.025970 6.174313 -0.878564
v -3.025596 6.184314 -1.249767
v -2.819777 6.184748 -1.249203
v -2.819400 6.172211 -1.375164
v -2.820204 5.922197 -0.882143
v -2.725097 6.052423 -1.425804
v -2.725107 5.911594 -1.414335
v -2.725470 5.893502 -1.268224
v -2.914179 5.889659 -1.271893
v -2.820171 5.908787 -0.854998
v -2.914555 5.895959 -0.828964
v -3.008533 5.902191 -1.263727
v -2.725058 6.194272 -1.410182
v -2.914504 6.200061 -0.823295
v -2.820133 6.046568 -0.843607
v -2.631417 6.188157 -0.848642
v -2.819780 6.197247 -1.257339
v -2.725787 6.195991 -0.831931
v -2.631071 6.197720 -1.256723
v -2.819433 6.185620 -1.396721
v -2.725424 6.205307 -1.262116
v -2.914515 6.046362 -0.817859
v -2.725836 5.900084 -0.837440
v -2.631425 6.046507 -0.842460
v -2.613621 6.052012 -1.391217
v -3.008180 6.052334 -1.412601
v -3.008189 5.920564 -1.400571
v -2.614336 6.175210 -0.876402
v -2.630769 5.919377 -1.400510
v -3.025218 6.171742 -1.375213
v -3.008144 6.185109 -1.396774
v -2.613959 6.185181 -1.248639
v -2.614007 5.913586 -1.253960
v -2.614387 5.921634 -0.881082
v -3.025980 6.046866 -0.871503
v -3.008878 5.909401 -0.856158
v -3.026020 5.922760 -0.883204
v -3.008841 6.046630 -0.844754
v -3.008488 6.196772 -1.257956
v -3.008832 6.187176 -0.851004
v -2.914133 6.209252 -1.265632
v -2.913799 6.052549 -1.433407
v -2.913758 6.198499 -1.417878
v -2.819824 5.901614 -1.263131
v -2.913807 5.907628 -1.422192
v -2.819479 5.919971 -1.400541
v -2.819471 6.052293 -1.412536
v -2.820124 6.187665 -0.849823
v -2.725797 6.046385 -0.826241
v -2.630722 6.186132 -1.396669
v -2.631462 5.908173 -0.853839
v -2.631115 5.901038 -1.262536
v -2.630760 6.052250 -1.412471
v -2.819449 5.932877 0.884479
v -2.614006 5.913586 1.008987
v -2.819824 5.914113 1.008442
v -2.820202 5.922197 1.380804
v -3.025642 5.914641 1.007897
v -2.819438 6.052051 0.871670
v -2.613620 6.052013 0.871730
v -3.025258 6.052088 0.871610
v -2.820162 6.046810 1.392494
v -2.820152 6.174762 1.385464
v -3.025969 6.174313 1.384383
v -3.025595 6.184314 1.013180
v -2.819776 6.184748 1.013744
v -3.025217 6.171743 0.887734
v -2.819398 6.172211 0.887783
v -2.613579 6.172679 0.887831
v -2.613958 6.185181 1.014308
v -3.025978 6.046866 1.391444
v -3.026018 5.922760 1.379743
v -3.008187 5.920565 0.862376
v -2.725106 5.911594 0.848612
v -2.725834 5.900084 1.425507
v -3.008531 5.902191 0.999220
v -2.725056 6.194272 0.852765
v -2.819431 6.185621 0.866225
v -2.913798 6.052550 0.829540
v -3.008179 6.052334 0.850346
v -3.008142 6.185109 0.866173
v -2.820132 6.046568 1.419340
v -2.631423 6.046507 1.420487
v -2.819779 6.197247 1.005607
v -2.725786 6.195992 1.431016
v -2.631069 6.197720 1.006224
v -2.914553 5.895960 1.433982
v -2.820168 5.908789 1.407949
v -3.025268 5.933419 0.884451
v -2.614335 6.175211 1.386545
v -2.613629 5.932333 0.884507
v -2.631113 5.901039 1.000412
v -3.008487 6.196773 1.004991
v -3.008839 6.046630 1.418193
v -3.008830 6.187176 1.411943
v -2.630721 6.186132 0.866278
v -2.614386 5.921635 1.381865
v -2.631460 5.908173 1.409108
v -2.614345 6.046754 1.393543
v -2.631415 6.188157 1.414305
v -3.008876 5.909403 1.406789
v -2.914513 6.046362 1.445088
v -2.914132 6.209252 0.997315
v -2.913756 6.198501 0.845069
v -2.914503 6.200062 1.439652
v -2.914178 5.889660 0.991054
v -2.819822 5.901614 0.999816
v -2.913806 5.907628 0.840756
v -2.819469 6.052293 0.850411
v -2.819478 5.919971 0.862406
v -2.725795 6.046385 1.436706
v -2.725422 6.205307 1.000831
v -2.820122 6.187666 1.413124
v -2.725096 6.052423 0.837143
v -2.725469 5.893502 0.994722
v -2.630758 6.052250 0.850476
v -2.630767 5.919377 0.862437
v -8.429588 5.933419 0.884452
v -8.223767 5.932876 0.884480
v -8.224144 5.914113 1.008443
v -8.018705 5.921634 1.381866
v -8.224522 5.922197 1.380805
v -8.017899 6.172679 0.887831
v -8.223758 6.052050 0.871671
v -8.430288 6.174313 1.384384
v -8.224472 6.174761 1.385465
v -8.018277 6.185181 1.014309
v -8.223719 6.172211 0.887784
v -8.224094 6.184748 1.013745
v -8.224482 6.046809 1.392494
v -8.430338 5.922760 1.379744
v -8.129415 6.052423 0.837144
v -8.223789 6.052293 0.850412
v -8.318126 5.907628 0.840756
v -8.129789 5.893501 0.994723
v -8.318498 5.889659 0.991055
v -8.224142 5.901613 0.999817
v -8.318076 6.198500 0.845070
v -8.412498 6.052334 0.850347
v -8.224451 6.046568 1.419341
v -8.130106 6.195991 1.431017
v -8.130115 6.046385 1.436707
v -8.318823 6.200061 1.439653
v -8.035735 6.188157 1.414306
v -8.318451 6.209252 0.997316
v -8.223751 6.185621 0.866226
v -8.035389 6.197720 1.006225
v -8.035041 6.186132 0.866279
v -8.224487 5.908788 1.407950
v -8.035779 5.908173 1.409109
v -8.018655 6.175210 1.386546
v -8.429536 6.171742 0.887735
v -8.429579 6.052088 0.871611
v -8.412507 5.920564 0.862377
v -8.018327 5.913586 1.008988
v -8.430298 6.046866 1.391445
v -8.413196 5.909402 1.406790
v -8.018665 6.046753 1.393544
v -8.017941 6.052012 0.871731
v -8.017949 5.932332 0.884508
v -8.429914 6.184314 1.013180
v -8.413150 6.187176 1.411944
v -8.429962 5.914640 1.007898
v -8.412850 5.902190 0.999221
v -8.035743 6.046506 1.420488
v -8.413159 6.046629 1.418194
v -8.412807 6.196772 1.004992
v -8.412463 6.185109 0.866174
v -8.318832 6.046362 1.445089
v -8.318117 6.052549 0.829541
v -8.318873 5.895959 1.433983
v -8.223798 5.919971 0.862407
v -8.224098 6.197246 1.005608
v -8.129743 6.205307 1.000832
v -8.129375 6.194272 0.852766
v -8.224442 6.187665 1.413125
v -8.130154 5.900084 1.425508
v -8.035432 5.901038 1.000412
v -8.035078 6.052250 0.850477
v -8.035088 5.919376 0.862438
v -8.129425 5.911594 0.848613
v -8.429588 5.933419 -1.378495
v -8.224144 5.914113 -1.254504
v -8.223768 5.932877 -1.378466
v -8.429962 5.914641 -1.255049
v -8.430339 5.922760 -0.883203
v -8.223759 6.052051 -1.391276
v -8.429537 6.171743 -1.375211
v -8.224482 6.046810 -0.870452
v -8.430299 6.046866 -0.871502
v -8.224472 6.174762 -0.877482
v -8.018655 6.175210 -0.876401
v -8.223719 6.172211 -1.375163
v -8.224094 6.184749 -1.249202
v -8.017899 6.172679 -1.375115
v -8.224523 5.922197 -0.882141
v -8.318118 6.052550 -1.433406
v -8.223799 5.919971 -1.400539
v -8.318499 5.889660 -1.271892
v -8.129376 6.194273 -1.410181
v -8.224442 6.187666 -0.849822
v -8.318823 6.200061 -0.823294
v -8.130106 6.195992 -0.831929
v -8.035735 6.188157 -0.848641
v -8.318451 6.209252 -1.265631
v -8.223752 6.185621 -1.396720
v -8.129743 6.205307 -1.262115
v -8.318832 6.046362 -0.817858
v -8.224489 5.908787 -0.854997
v -8.017941 6.052013 -1.391216
v -8.412507 5.920565 -1.400570
v -8.035089 5.919378 -1.400508
v -8.429579 6.052088 -1.391335
v -8.412463 6.185109 -1.396773
v -8.412498 6.052335 -1.412600
v -8.430289 6.174313 -0.878563
v -8.413160 6.046630 -0.844752
v -8.018277 6.185181 -1.248637
v -8.035390 6.197720 -1.256722
v -8.018327 5.913586 -1.253958
v -8.035779 5.908173 -0.853837
v -8.017949 5.932333 -1.378438
v -8.429914 6.184314 -1.249766
v -8.413150 6.187176 -0.851002
v -8.412850 5.902191 -1.263725
v -8.413197 5.909402 -0.856156
v -8.018706 5.921635 -0.881080
v -8.018665 6.046754 -0.869402
v -8.035744 6.046507 -0.842459
v -8.318873 5.895960 -0.828963
v -8.412808 6.196772 -1.257954
v -8.223789 6.052293 -1.412534
v -8.318077 6.198500 -1.417877
v -8.224142 5.901614 -1.263130
v -8.318127 5.907628 -1.422190
v -8.130154 5.900084 -0.837438
v -8.130116 6.046386 -0.826240
v -8.224098 6.197247 -1.257338
v -8.224451 6.046569 -0.843606
v -8.035041 6.186132 -1.396668
v -8.035078 6.052250 -1.412469
v -8.129416 6.052424 -1.425802
v -8.035433 5.901038 -1.262534
v -8.129789 5.893502 -1.268223
v -8.129426 5.911594 -1.414334
v -13.455493 6.052011 -1.391215
v -13.661321 5.932876 -1.378465
v -13.456259 5.921634 -0.881079
v -13.455879 5.913585 -1.253957
v -13.661696 5.914112 -1.254502
v -13.455453 6.172678 -1.375114
v -13.661311 6.052050 -1.391274
v -13.661271 6.172210 -1.375162
v -13.867851 6.046865 -0.871501
v -13.662025 6.174760 -0.877480
v -13.456218 6.046753 -0.869401
v -13.662034 6.046808 -0.870451
v -13.456208 6.175210 -0.876399
v -13.867468 6.184313 -1.249765
v -13.661649 6.184747 -1.249200
v -13.662075 5.922196 -0.882140
v -13.661343 6.052291 -1.412533
v -13.661352 5.919970 -1.400538
v -13.566979 5.911593 -1.414332
v -13.756050 5.889658 -1.271891
v -13.662042 5.908787 -0.854996
v -13.567342 5.893500 -1.268222
v -13.756427 5.895958 -0.828962
v -13.850404 5.902190 -1.263724
v -13.661305 6.185619 -1.396719
v -13.850051 6.052333 -1.412598
v -13.756376 6.200061 -0.823293
v -13.756386 6.046361 -0.817856
v -13.662004 6.046567 -0.843604
v -13.567668 6.046384 -0.826239
v -13.567659 6.195991 -0.831928
v -13.472942 6.197719 -1.256721
v -13.661651 6.197246 -1.257337
v -13.567296 6.205306 -1.262114
v -13.473333 5.908172 -0.853836
v -13.472594 6.186131 -1.396666
v -13.867142 5.933418 -1.378494
v -13.455502 5.932332 -1.378437
v -13.472986 5.901036 -1.262533
v -13.867090 6.171741 -1.375210
v -13.850016 6.185108 -1.396771
v -13.867132 6.052087 -1.391334
v -13.867842 6.174312 -0.878562
v -13.867516 5.914639 -1.255048
v -13.850060 5.920564 -1.400569
v -13.455831 6.185179 -1.248636
v -13.473288 6.188156 -0.848640
v -13.472641 5.919376 -1.400507
v -13.867891 5.922759 -0.883202
v -13.850750 5.909400 -0.856155
v -13.473296 6.046505 -0.842457
v -13.850359 6.196772 -1.257953
v -13.755630 6.198499 -1.417876
v -13.850703 6.187175 -0.851001
v -13.756004 6.209251 -1.265630
v -13.850713 6.046629 -0.844751
v -13.755670 6.052549 -1.433404
v -13.661695 5.901613 -1.263129
v -13.755678 5.907626 -1.422189
v -13.567708 5.900083 -0.837437
v -13.661995 6.187665 -0.849820
v -13.472631 6.052249 -1.412468
v -13.566968 6.052423 -1.425801
v -13.566930 6.194271 -1.410180
v -13.661311 6.052050 0.871672
v -13.867142 5.933418 0.884453
v -13.455879 5.913585 1.008989
v -13.661321 5.932876 0.884481
v -13.661697 5.914112 1.008444
v -13.867516 5.914640 1.007899
v -13.456259 5.921634 1.381868
v -13.867891 5.922759 1.379745
v -13.455494 6.052012 0.871732
v -13.867091 6.171741 0.887736
v -13.867132 6.052087 0.871612
v -13.867842 6.174312 1.384385
v -13.456208 6.175210 1.386547
v -13.456218 6.046753 1.393546
v -13.661649 6.184747 1.013746
v -13.662025 6.174761 1.385466
v -13.455831 6.185180 1.014310
v -13.661272 6.172211 0.887785
v -13.455453 6.172678 0.887833
v -13.662034 6.046809 1.392496
v -13.662076 5.922196 1.380806
v -13.566970 6.052423 0.837145
v -13.566979 5.911594 0.848614
v -13.755678 5.907627 0.840758
v -13.756428 5.895958 1.433985
v -13.850405 5.902190 0.999222
v -13.756051 5.889659 0.991056
v -13.661343 6.052292 0.850413
v -13.755630 6.198500 0.845071
v -13.850052 6.052334 0.850348
v -13.756376 6.200061 1.439654
v -13.662004 6.046567 1.419342
v -13.473296 6.046506 1.420489
v -13.756005 6.209252 0.997317
v -13.661304 6.185620 0.866228
v -13.567296 6.205307 1.000833
v -13.472594 6.186132 0.866280
v -13.662041 5.908788 1.407951
v -13.472943 6.197719 1.006226
v -13.455503 5.932332 0.884510
v -13.850060 5.920564 0.862378
v -13.867851 6.046865 1.391446
v -13.850749 5.909401 1.406791
v -13.850713 6.046629 1.418195
v -13.473289 6.188157 1.414307
v -13.867468 6.184314 1.013182
v -13.850703 6.187175 1.411945
v -13.850359 6.196772 1.004993
v -13.850016 6.185108 0.866175
v -13.756386 6.046361 1.445090
v -13.755671 6.052549 0.829542
v -13.661695 5.901613 0.999818
v -13.661352 5.919971 0.862408
v -13.567708 5.900083 1.425510
v -13.661653 6.197246 1.005610
v -13.661995 6.187665 1.413126
v -13.567669 6.046384 1.436708
v -13.567659 6.195991 1.431018
v -13.566930 6.194271 0.852767
v -13.473333 5.908172 1.409110
v -13.472986 5.901037 1.000414
v -13.567342 5.893501 0.994724
v -13.472631 6.052249 0.850478
v -13.472641 5.919376 0.862439
v 8.961471 8.034301 -1.256055
v 8.961472 8.066160 -1.269251
v 8.961471 8.060694 -1.282448
v 8.961471 8.034301 -1.282448
v 8.961471 8.028835 -1.269251
v 19.168739 8.047500 -1.250592
v 19.168737 8.028835 -1.269255
v 19.168737 8.060696 -1.282452
v 19.168739 8.066161 -1.269255
v 19.168737 8.060696 -1.256058
v 8.961471 8.034301 1.265414
v 8.961472 8.060695 1.239020
v 8.961472 8.028834 1.252217
v 19.168739 8.047500 1.270877
v 19.168739 8.047499 1.233551
v 19.168737 8.060696 1.265410
v 0.043145 5.954357 1.591511
v 0.050082 5.923366 1.578071
v 8.845620 8.021434 1.279414
v 8.837788 8.052425 1.266476
v 8.838683 8.052425 1.292854
v 0.050682 5.928682 -1.634072
v 0.044569 5.954356 -1.634364
v 0.043931 5.959673 -1.647606
v 0.045826 5.954357 -1.660727
v 0.049143 5.941519 -1.666042
v 0.052577 5.923365 -1.647194
v 8.843191 8.021433 -1.227939
v 8.842553 8.026752 -1.241182
v 8.839757 8.039587 -1.246788
v 8.836439 8.052424 -1.241473
v 8.834544 8.057742 -1.228352
v 8.835182 8.052425 -1.215110
v 0.131906 5.928682 1.621568
v 0.138019 5.954356 1.621860
v 0.136762 5.954355 1.648223
v 0.130648 5.928682 1.647931
v 0.130011 5.923365 1.634690
v -8.655391 8.039588 1.197002
v -8.658709 8.026752 1.202317
v -8.660603 8.021435 1.215438
v -8.659966 8.026752 1.228680
v 0.133326 5.928683 -1.603806
v 0.134221 5.928683 -1.577428
v -8.659339 8.039589 -1.310715
v -8.654380 8.057744 -1.292210
v -8.656096 8.052426 -1.305356
v -8.745453 8.034307 -1.277915
v -8.745452 8.047503 -1.283382
v -8.745451 8.066165 -1.264719
v -8.745453 8.047503 -1.246056
v -19.842974 8.028837 -1.264714
v -19.842976 8.047500 -1.246052
v -19.842976 8.060696 -1.251518
v -19.842972 8.066163 -1.264714
v -19.842974 8.060697 -1.277911
v -8.745452 8.034307 1.243553
v -8.745452 8.060699 1.269947
v -8.745452 8.034307 1.269947
v -19.842972 8.047500 1.238091
v -19.842974 8.034302 1.243557
v -19.842974 8.047500 1.275417
v -19.842976 8.060696 1.269951
vn 0.3051 0.0087 -0.9523
vn 0.3081 0.0070 -0.9513
vn -0.9547 0.0070 0.2974
vn -0.9558 0.0089 0.2940
vn -0.9547 0.0089 -0.2974
vn -0.9558 0.0069 -0.2940
vn -0.3051 0.0070 -0.9523
vn -0.3081 0.0087 -0.9513
vn -0.3081 0.0070 0.9513
vn -0.3051 0.0087 0.9523
vn 0.9558 0.0090 -0.2940
vn 0.9547 0.0070 -0.2973
vn 0.9558 0.0069 0.2940
vn 0.9547 0.0089 0.2974
vn 0.3081 0.0087 0.9513
vn 0.3051 0.0070 0.9523
vn -0.3029 -0.1559 0.9402
vn -0.3013 -0.1580 0.9403
vn 0.9439 -0.1574 -0.2903
vn 0.9437 -0.1550 -0.2921
vn 0.9443 -0.1548 0.2904
vn 0.9434 -0.1573 0.2920
vn 0.3028 -0.1579 0.9399
vn 0.3014 -0.1558 0.9407
vn 0.3037 0.1373 -0.9428
vn 0.3051 0.1394 -0.9421
vn -0.9455 0.1387 0.2945
vn -0.9464 0.1362 0.2929
vn -0.9459 0.1361 -0.2946
vn -0.9461 0.1385 -0.2928
vn -0.3036 0.1393 -0.9425
vn -0.3052 0.1372 -0.9424
vn 0.6334 -0.7489 0.1949
vn 0.6335 -0.7488 0.1948
vn -0.6285 0.7528 -0.1957
vn 0.2021 0.7547 0.6241
vn 0.2021 0.7548 0.6241
vn -0.2015 -0.7509 -0.6290
vn -0.2015 -0.7509 -0.6289
vn 0.2015 -0.7509 0.6290
vn -0.2021 0.7547 0.6241
vn -0.2021 0.7547 -0.6241
vn 0.2015 -0.7509 -0.6290
vn -0.2015 -0.7509 0.6290
vn 0.2021 0.7548 -0.6241
vn 0.2021 0.7547 -0.6241
vn 0.6284 0.7528 -0.1957
vn 0.6284 0.7529 -0.1957
vn -0.6335 -0.7488 0.1948
vn -0.6334 -0.7489 0.1948
vn 0.6335 -0.7488 -0.1949
vn -0.6285 0.7528 0.1957
vn 0.6284 0.7529 0.1957
vn 0.6284 0.7528 0.1957
vn -0.6334 -0.7489 -0.1948
vn -0.6335 -0.7488 -0.1949
vn -0.3014 -0.1558 -0.9407
vn -0.3028 -0.1579 -0.9399
vn -0.9434 -0.1573 -0.2920
vn -0.9443 -0.1548 -0.2905
vn -0.9437 -0.1550 0.2921
vn -0.9439 -0.1574 0.2903
vn 0.3013 -0.1580 -0.9403
vn 0.3029 -0.1559 -0.9402
vn 0.3052 0.1372 0.9424
vn 0.3036 0.1393 0.9425
vn 0.9461 0.1385 0.2929
vn 0.9459 0.1361 0.2946
vn 0.9464 0.1362 -0.2929
vn 0.9455 0.1387 -0.2945
vn -0.3051 0.1395 0.9421
vn -0.3037 0.1373 0.9428
vn -0.9547 0.0070 0.2973
vn -0.9558 0.0090 0.2940
vn 0.9547 0.0070 -0.2974
vn 0.9547 0.0089 0.2973
vn 0.9443 -0.1548 0.2905
vn 0.6334 -0.7489 0.1948
vn -0.6284 0.7528 -0.1957
vn -0.2016 -0.7509 -0.6290
vn 0.2015 -0.7509 0.6289
vn 0.2016 -0.7509 0.6290
vn -0.2021 0.7548 -0.6241
vn 0.2016 -0.7508 -0.6290
vn 0.6334 -0.7489 -0.1948
vn 0.6335 -0.7488 -0.1948
vn -0.6284 0.7528 0.1957
vn 0.6285 0.7528 0.1957
vn -0.6334 -0.7489 -0.1949
vn -0.9443 -0.1548 -0.2904
vn 0.9461 0.1385 0.2928
vn 0.9558 0.0089 -0.2940
vn 0.9558 0.0070 0.2940
vn 0.9439 -0.1574 -0.2904
vn 0.3051 0.1395 -0.9421
vn -0.9464 0.1362 0.2930
vn -0.6284 0.7529 -0.1957
vn -0.2021 0.7547 0.6242
vn -0.2021 0.7548 0.6241
vn -0.2021 0.7547 -0.6242
vn -0.2015 -0.7508 0.6290
vn -0.2015 -0.7509 0.6289
vn 0.2021 0.7547 -0.6242
vn 0.6285 0.7528 -0.1957
vn -0.6335 -0.7488 0.1949
vn 0.6334 -0.7489 -0.1949
vn -0.6333 -0.7489 -0.1948
vn 0.3036 0.1393 0.9426
vn 0.9456 0.1387 -0.2944
vn -0.9547 0.0069 0.2974
vn -0.9547 0.0089 -0.2973
vn 0.3080 0.0087 0.9513
vn 0.9443 -0.1549 0.2905
vn 0.9434 -0.1574 0.2920
vn -0.9461 0.1385 -0.2929
vn 0.6335 -0.7488 0.1949
vn -0.6283 0.7529 -0.1957
vn -0.2015 -0.7508 -0.6290
vn 0.2015 -0.7508 0.6290
vn 0.2016 -0.7509 -0.6290
vn -0.6334 -0.7489 0.1949
vn -0.6336 -0.7487 0.1948
vn 0.6336 -0.7487 -0.1949
vn -0.6283 0.7529 0.1957
vn -0.3014 -0.1557 -0.9407
vn -0.9434 -0.1574 -0.2920
vn 0.9547 0.0090 0.2974
vn -0.9558 0.0070 -0.2940
vn -0.9439 -0.1574 0.2904
vn -0.9437 -0.1550 0.2922
vn -0.9443 -0.1549 -0.2905
vn 0.9455 0.1386 -0.2945
vn 0.9464 0.1362 -0.2930
vn -0.6333 -0.7490 -0.1948
vn -0.6334 -0.7488 -0.1949
vn 0.6285 0.7527 0.1958
vn 0.2016 -0.7508 0.6290
vn -0.2016 -0.7508 -0.6290
vn 0.2021 0.7547 0.6242
vn -0.2016 -0.7508 0.6290
vn 0.2015 -0.7509 -0.6289
vn -0.6285 0.7528 0.1958
vn -0.6335 -0.7489 0.1948
vn -0.6333 -0.7490 0.1948
vn 0.9439 -0.1575 -0.2903
vn -0.3036 0.1394 -0.9425
vn -0.9461 0.1386 -0.2928
vn 0.9547 0.0069 -0.2973
vn -0.3080 0.0087 -0.9513
vn 0.2015 -0.7508 -0.6290
vn -0.6284 0.7529 0.1957
vn 0.6285 0.7527 -0.1958
vn -0.3036 0.1393 -0.9426
vn -0.3051 0.1394 0.9421
vn -0.6335 -0.7488 -0.1948
vn -0.6335 -0.7489 -0.1948
vn -0.9455 0.1386 0.2945
vn 0.6335 -0.7489 0.1948
vn -0.9841 0.1778 0.0003
vn -0.9842 0.1771 0.0014
vn 0.0485 -0.9988 0.0074
vn -0.0866 -0.9962 0.0066
vn -0.0866 -0.9962 0.0065
vn -0.9900 -0.1413 0.0016
vn -0.9901 -0.1406 0.0004
vn -0.9901 -0.1406 0.0016
vn -0.9901 -0.1403 0.0004
vn -0.0867 -0.9962 0.0067
vn -0.9842 0.1771 0.0003
vn -0.9842 0.1768 0.0014
vn 0.9841 -0.1773 0.0126
vn 0.9842 -0.1767 0.0137
vn -0.0485 0.9988 0.0056
vn 0.0867 0.9962 0.0065
vn 0.0867 0.9962 0.0063
vn 0.9899 0.1408 0.0136
vn 0.9900 0.1402 0.0124
vn 0.9840 -0.1777 0.0126
vn 0.9841 -0.1773 0.0137
vn 0.0866 0.9962 0.0063
vn 0.9899 0.1412 0.0136
vn 0.9900 0.1408 0.0124
vn 0.9775 -0.1759 -0.1165
vn 0.9775 -0.1766 -0.1150
vn -0.0489 0.9918 -0.1182
vn -0.0486 0.9917 -0.1190
vn 0.0852 0.9896 -0.1160
vn 0.0857 0.9894 -0.1171
vn 0.9835 0.1397 -0.1153
vn 0.9832 0.1403 -0.1169
vn 0.9649 0.1368 0.2242
vn 0.9652 0.1372 0.2225
vn 0.0855 0.9757 0.2015
vn 0.0852 0.9755 0.2030
vn -0.0468 0.9782 0.2021
vn -0.0472 0.9779 0.2039
vn 0.9596 -0.1724 0.2226
vn 0.9591 -0.1726 0.2242
vn -0.9752 0.1751 -0.1354
vn -0.9753 0.1758 -0.1338
vn 0.0478 -0.9922 -0.1148
vn 0.0474 -0.9922 -0.1157
vn -0.0864 -0.9894 -0.1167
vn -0.0869 -0.9892 -0.1178
vn -0.9812 -0.1390 -0.1337
vn -0.9809 -0.1396 -0.1353
vn -0.9622 0.1734 0.2100
vn -0.9618 0.1736 0.2117
vn 0.0478 -0.9781 0.2028
vn 0.0481 -0.9777 0.2046
vn -0.0845 -0.9754 0.2035
vn -0.0841 -0.9751 0.2050
vn -0.9675 -0.1376 0.2121
vn -0.9678 -0.1380 0.2104
vn 0.4816 0.0682 -0.8737
vn 0.4808 0.0683 -0.8742
vn 0.0227 -0.4225 0.9061
vn 0.0219 -0.4191 0.9077
vn -0.4665 0.0839 -0.8805
vn -0.4663 0.0838 -0.8807
vn -0.0348 -0.4252 0.9044
vn -0.0351 -0.4214 0.9062
vn 0.0169 -0.5179 -0.8553
vn 0.0187 -0.5048 -0.8630
vn -0.3962 -0.0564 0.9164
vn -0.3964 -0.0564 0.9163
vn 0.3916 -0.0704 0.9174
vn 0.3917 -0.0704 0.9174
vn -0.0521 -0.5035 -0.8624
vn -0.0487 -0.4920 -0.8693
vn -0.0183 0.4221 0.9063
vn -0.0191 0.4254 0.9048
vn -0.4681 -0.0668 -0.8811
vn -0.4690 -0.0668 -0.8807
vn 0.4782 -0.0862 -0.8740
vn 0.4785 -0.0863 -0.8739
vn 0.0385 0.4174 0.9079
vn 0.0382 0.4212 0.9062
vn -0.0323 0.4921 -0.8700
vn -0.0304 0.5055 -0.8623
vn 0.3937 0.0559 0.9175
vn 0.3935 0.0559 0.9176
vn 0.0355 0.5044 -0.8627
vn 0.0390 0.5157 -0.8559
vn -0.3942 0.0711 0.9163
vn -0.3941 0.0711 0.9163
vn -0.9901 -0.1403 0.0005
vn -0.0484 0.9988 0.0056
vn 0.0855 0.9758 0.2015
vn 0.9591 -0.1727 0.2242
vn -0.0841 -0.9751 0.2051
vn 0.0187 -0.5049 -0.8630
vn -0.0487 -0.4920 -0.8692
vn -0.0183 0.4221 0.9064
vn -0.4682 -0.0668 -0.8811
vn -0.4689 -0.0668 -0.8807
vn 0.0385 0.4173 0.9079
vn -0.0790 -0.3815 0.9210
vn -0.1879 -0.9075 0.3758
vn -0.1879 -0.9074 0.3759
vn -0.1879 -0.9074 -0.3758
vn -0.0790 -0.3815 -0.9210
vn 0.0790 0.3815 -0.9210
vn 0.1879 0.9074 -0.3759
vn 0.1879 0.9074 0.3759
vn 0.0790 0.3815 0.9210
vn -0.0790 0.3815 0.9210
vn -0.0475 0.3823 0.9228
vn -0.0475 0.3822 0.9228
vn -0.0211 0.3826 0.9237
vn 0.0106 0.3826 0.9238
vn 0.0106 0.3827 0.9238
vn 0.0211 0.3826 0.9237
vn 0.0475 0.3823 0.9228
vn -0.1879 0.9074 0.3758
vn -0.1140 0.9178 0.3802
vn -0.1140 0.9179 0.3802
vn -0.0509 0.9227 0.3822
vn -0.0509 0.9227 0.3823
vn 0.0255 0.9236 0.3825
vn 0.0255 0.9236 0.3826
vn 0.0509 0.9226 0.3823
vn 0.0509 0.9227 0.3821
vn 0.1140 0.9179 0.3802
vn 0.1140 0.9178 0.3803
vn -0.1879 0.9075 -0.3758
vn -0.1879 0.9074 -0.3758
vn -0.1140 0.9179 -0.3802
vn -0.1140 0.9179 -0.3801
vn -0.0509 0.9227 -0.3823
vn -0.0509 0.9227 -0.3822
vn 0.0255 0.9236 -0.3825
vn 0.0509 0.9226 -0.3823
vn 0.0509 0.9227 -0.3821
vn 0.1140 0.9179 -0.3802
vn 0.1140 0.9178 -0.3803
vn -0.0790 0.3815 -0.9210
vn -0.0475 0.3822 -0.9228
vn -0.0475 0.3823 -0.9228
vn -0.0211 0.3826 -0.9237
vn 0.0106 0.3827 -0.9238
vn 0.0106 0.3826 -0.9238
vn 0.0211 0.3826 -0.9237
vn 0.0475 0.3823 -0.9228
vn 0.0790 -0.3815 -0.9210
vn 0.0475 -0.3822 -0.9228
vn 0.0475 -0.3823 -0.9228
vn 0.0211 -0.3826 -0.9237
vn -0.0106 -0.3827 -0.9238
vn -0.0106 -0.3826 -0.9238
vn -0.0211 -0.3826 -0.9237
vn -0.0475 -0.3822 -0.9229
vn -0.0475 -0.3823 -0.9228
vn 0.1879 -0.9074 -0.3759
vn 0.1140 -0.9179 -0.3801
vn 0.1140 -0.9178 -0.3802
vn 0.0509 -0.9227 -0.3822
vn 0.0509 -0.9227 -0.3821
vn -0.0255 -0.9236 -0.3826
vn -0.0255 -0.9236 -0.3825
vn -0.0509 -0.9227 -0.3822
vn -0.1140 -0.9179 -0.3802
vn 0.1879 -0.9074 0.3759
vn 0.1140 -0.9179 0.3802
vn 0.1140 -0.9178 0.3803
vn 0.0509 -0.9227 0.3822
vn -0.0255 -0.9236 0.3826
vn -0.0255 -0.9236 0.3825
vn -0.0509 -0.9227 0.3821
vn -0.0509 -0.9227 0.3822
vn -0.1140 -0.9179 0.3802
vn -0.1140 -0.9179 0.3801
vn 0.0790 -0.3815 0.9210
vn 0.0475 -0.3822 0.9228
vn 0.0475 -0.3823 0.9228
vn 0.0211 -0.3826 0.9237
vn -0.0106 -0.3827 0.9238
vn -0.0211 -0.3826 0.9237
vn -0.0475 -0.3822 0.9228
vn -0.0475 -0.3823 0.9228
vn 0.0106 -0.3826 0.9238
vn 0.0106 -0.3827 0.9238
vn 0.0255 -0.9236 0.3825
vn 0.0255 -0.9236 0.3826
vn 0.0255 -0.9236 -0.3825
vn 0.0255 -0.9236 -0.3826
vn 0.0106 -0.3826 -0.9238
vn 0.0106 -0.3827 -0.9238
vn -0.0106 0.3826 -0.9238
vn -0.0106 0.3827 -0.9238
vn -0.0255 0.9236 -0.3825
vn -0.0255 0.9236 -0.3826
vn -0.0255 0.9236 0.3826
vn -0.0106 0.3827 0.9238
vn -0.0106 0.3826 0.9238
vn -0.0790 -0.3814 0.9210
vn -0.1879 -0.9074 -0.3759
vn 0.1879 0.9075 -0.3758
vn 0.1879 0.9074 0.3758
vn -0.0790 0.3814 0.9210
vn 0.0475 0.3822 0.9228
vn -0.1879 0.9075 0.3758
vn -0.1140 0.9179 0.3801
vn 0.0509 0.9227 0.3822
vn 0.0255 0.9236 -0.3826
vn 0.0509 0.9227 -0.3822
vn 0.1140 0.9179 -0.3801
vn -0.0475 0.3822 -0.9229
vn 0.0475 0.3822 -0.9228
vn 0.0475 -0.3822 -0.9229
vn 0.0211 -0.3825 -0.9237
vn -0.0475 -0.3822 -0.9228
vn 0.1879 -0.9074 -0.3758
vn 0.1140 -0.9178 -0.3803
vn -0.1140 -0.9179 -0.3801
vn -0.1140 -0.9178 -0.3802
vn 0.1879 -0.9074 0.3758
vn -0.1140 -0.9178 0.3802
vn -0.0106 -0.3826 0.9238
vn -0.0255 0.9236 0.3825
vn 0.0547 -0.3870 0.9205
vn 0.0547 -0.3869 0.9205
vn 0.0687 -0.9242 0.3756
vn 0.0687 -0.9242 0.3757
vn 0.0430 -0.9242 -0.3794
vn -0.0079 -0.3869 -0.9221
vn -0.0547 0.3869 -0.9205
vn -0.0547 0.3870 -0.9205
vn -0.0687 0.9242 -0.3756
vn -0.0430 0.9242 0.3794
vn 0.0079 0.3869 0.9221
vn 0.0079 0.3870 0.9221
vn -0.1092 0.3593 0.9268
vn -0.0970 0.3626 0.9269
vn -0.0969 0.3625 0.9269
vn -0.0736 0.3681 0.9269
vn -0.0623 0.3700 0.9269
vn -0.0623 0.3700 0.9270
vn -0.0388 0.3739 0.9266
vn -0.0183 0.3812 0.9243
vn -0.0177 0.3773 0.9259
vn -0.3239 0.8616 0.3907
vn -0.3239 0.8616 0.3908
vn -0.2956 0.8716 0.3910
vn -0.2956 0.8716 0.3911
vn -0.2402 0.8885 0.3909
vn -0.2128 0.8954 0.3911
vn -0.1564 0.9072 0.3905
vn -0.1564 0.9073 0.3904
vn -0.1073 0.9167 0.3848
vn -0.1069 0.9151 0.3888
vn -0.3497 0.8616 -0.3679
vn -0.3497 0.8616 -0.3678
vn -0.3216 0.8720 -0.3691
vn -0.3214 0.8716 -0.3702
vn -0.2661 0.8889 -0.3728
vn -0.2388 0.8973 -0.3712
vn -0.2388 0.8973 -0.3711
vn -0.1823 0.9092 -0.3742
vn -0.1334 0.9167 -0.3766
vn -0.1334 0.9170 -0.3759
vn -0.1718 0.3593 -0.9173
vn -0.1600 0.3634 -0.9178
vn -0.1597 0.3625 -0.9182
vn -0.1363 0.3690 -0.9194
vn -0.1253 0.3747 -0.9186
vn -0.1015 0.3787 -0.9199
vn -0.0817 0.3811 -0.9209
vn -0.0818 0.3818 -0.9206
vn 0.1092 -0.3593 -0.9268
vn 0.0969 -0.3626 -0.9269
vn 0.0969 -0.3625 -0.9269
vn 0.0736 -0.3681 -0.9269
vn 0.0623 -0.3700 -0.9269
vn 0.0622 -0.3700 -0.9270
vn 0.0388 -0.3739 -0.9267
vn 0.0183 -0.3813 -0.9243
vn 0.0177 -0.3773 -0.9259
vn 0.3239 -0.8616 -0.3907
vn 0.3239 -0.8616 -0.3908
vn 0.2955 -0.8717 -0.3910
vn 0.2955 -0.8716 -0.3911
vn 0.2402 -0.8885 -0.3910
vn 0.2402 -0.8885 -0.3909
vn 0.2128 -0.8954 -0.3911
vn 0.2128 -0.8954 -0.3912
vn 0.1564 -0.9072 -0.3905
vn 0.1564 -0.9073 -0.3904
vn 0.1071 -0.9168 -0.3848
vn 0.1068 -0.9151 -0.3888
vn 0.3497 -0.8616 0.3678
vn 0.3497 -0.8616 0.3680
vn 0.3215 -0.8720 0.3691
vn 0.3214 -0.8716 0.3701
vn 0.2661 -0.8889 0.3729
vn 0.2661 -0.8889 0.3728
vn 0.2388 -0.8973 0.3712
vn 0.1823 -0.9092 0.3743
vn 0.1823 -0.9092 0.3742
vn 0.1333 -0.9167 0.3766
vn 0.1333 -0.9170 0.3759
vn 0.1718 -0.3593 0.9173
vn 0.1600 -0.3634 0.9178
vn 0.1597 -0.3625 0.9182
vn 0.1363 -0.3690 0.9194
vn 0.1253 -0.3747 0.9186
vn 0.1015 -0.3787 0.9199
vn 0.0817 -0.3811 0.9209
vn 0.0818 -0.3818 0.9206
vn 0.1334 -0.3733 0.9181
vn 0.1324 -0.3699 0.9196
vn 0.2555 -0.8932 0.3700
vn 0.2552 -0.8919 0.3735
vn 0.2286 -0.8915 -0.3911
vn 0.2286 -0.8916 -0.3908
vn 0.0681 -0.3690 -0.9269
vn 0.0682 -0.3694 -0.9268
vn -0.1333 0.3733 -0.9181
vn -0.1325 0.3699 -0.9196
vn -0.2556 0.8932 -0.3700
vn -0.2555 0.8918 -0.3734
vn -0.2288 0.8915 0.3911
vn -0.2289 0.8916 0.3908
vn -0.0681 0.3690 0.9269
vn -0.0682 0.3693 0.9268
vn -0.0205 -0.3869 0.9219
vn -0.0205 -0.3870 0.9219
vn 0.0378 -0.9242 0.3800
vn 0.0738 -0.9242 -0.3746
vn 0.0738 -0.9242 -0.3747
vn 0.0673 -0.3869 -0.9197
vn 0.0673 -0.3870 -0.9196
vn 0.0205 0.3869 -0.9219
vn 0.0205 0.3870 -0.9219
vn -0.0378 0.9242 -0.3800
vn -0.0738 0.9242 0.3747
vn -0.0673 0.3869 0.9197
vn -0.0673 0.3869 0.9196
vn -0.1843 0.3593 0.9148
vn -0.1722 0.3626 0.9159
vn -0.1722 0.3625 0.9159
vn -0.1489 0.3681 0.9178
vn -0.1376 0.3700 0.9188
vn -0.1142 0.3739 0.9204
vn -0.0936 0.3813 0.9197
vn -0.0931 0.3772 0.9214
vn -0.3547 0.8616 0.3631
vn -0.3265 0.8716 0.3656
vn -0.3265 0.8716 0.3657
vn -0.2712 0.8885 0.3701
vn -0.2439 0.8954 0.3725
vn -0.1877 0.9073 0.3764
vn -0.1383 0.9167 0.3748
vn -0.1382 0.9151 0.3788
vn -0.3185 0.8616 -0.3952
vn -0.2904 0.8720 -0.3941
vn -0.2902 0.8716 -0.3951
vn -0.2348 0.8889 -0.3933
vn -0.2077 0.8973 -0.3894
vn -0.2078 0.8973 -0.3894
vn -0.1512 0.9093 -0.3878
vn -0.1512 0.9092 -0.3878
vn -0.1023 0.9167 -0.3862
vn -0.1024 0.9170 -0.3855
vn -0.0964 0.3593 -0.9282
vn -0.0847 0.3634 -0.9278
vn -0.0843 0.3625 -0.9282
vn -0.0610 0.3690 -0.9274
vn -0.0500 0.3747 -0.9258
vn -0.0262 0.3787 -0.9251
vn -0.0262 0.3787 -0.9252
vn -0.0064 0.3811 -0.9245
vn -0.0065 0.3818 -0.9242
vn 0.1843 -0.3593 -0.9148
vn 0.1844 -0.3594 -0.9148
vn 0.1722 -0.3626 -0.9159
vn 0.1721 -0.3625 -0.9160
vn 0.1489 -0.3681 -0.9178
vn 0.1376 -0.3700 -0.9188
vn 0.1142 -0.3739 -0.9204
vn 0.0935 -0.3813 -0.9197
vn 0.0932 -0.3773 -0.9214
vn 0.3547 -0.8616 -0.3630
vn 0.3547 -0.8616 -0.3632
vn 0.3264 -0.8717 -0.3656
vn 0.3264 -0.8716 -0.3657
vn 0.2712 -0.8885 -0.3701
vn 0.2439 -0.8954 -0.3725
vn 0.1877 -0.9072 -0.3764
vn 0.1877 -0.9073 -0.3764
vn 0.1381 -0.9168 -0.3748
vn 0.1381 -0.9151 -0.3788
vn 0.3185 -0.8616 0.3952
vn 0.2904 -0.8720 0.3941
vn 0.2902 -0.8716 0.3951
vn 0.2348 -0.8889 0.3933
vn 0.2078 -0.8973 0.3894
vn 0.2077 -0.8973 0.3894
vn 0.1512 -0.9092 0.3879
vn 0.1512 -0.9092 0.3878
vn 0.1022 -0.9167 0.3862
vn 0.1022 -0.9170 0.3856
vn 0.0964 -0.3593 0.9282
vn 0.0847 -0.3634 0.9278
vn 0.0843 -0.3625 0.9282
vn 0.0610 -0.3690 0.9274
vn 0.0500 -0.3747 0.9258
vn 0.0262 -0.3787 0.9251
vn 0.0064 -0.3811 0.9245
vn 0.0065 -0.3819 0.9242
vn 0.0581 -0.3733 0.9259
vn 0.0570 -0.3700 0.9273
vn 0.2245 -0.8932 0.3896
vn 0.2239 -0.8919 0.3930
vn 0.2597 -0.8915 -0.3711
vn 0.2597 -0.8916 -0.3708
vn 0.1434 -0.3690 -0.9183
vn 0.1435 -0.3693 -0.9181
vn -0.0580 0.3733 -0.9259
vn -0.0571 0.3699 -0.9273
vn -0.2247 0.8932 -0.3896
vn -0.2242 0.8918 -0.3930
vn -0.2599 0.8915 0.3711
vn -0.2599 0.8916 0.3708
vn -0.1434 0.3690 0.9183
vn -0.1435 0.3693 0.9181
vn 0.0205 -0.3869 -0.9219
vn 0.0206 -0.3869 -0.9219
vn -0.0378 -0.9242 -0.3800
vn -0.0738 -0.9242 0.3747
vn -0.0738 -0.9242 0.3746
vn -0.0673 -0.3870 0.9196
vn -0.0205 0.3870 0.9219
vn 0.0378 0.9242 0.3800
vn 0.0378 0.9242 0.3801
vn 0.0738 0.9242 -0.3747
vn 0.0673 0.3869 -0.9197
vn 0.0673 0.3869 -0.9196
vn 0.1843 0.3593 -0.9148
vn 0.1844 0.3594 -0.9148
vn 0.1722 0.3626 -0.9159
vn 0.1721 0.3625 -0.9160
vn 0.1489 0.3681 -0.9178
vn 0.1376 0.3700 -0.9188
vn 0.1142 0.3739 -0.9204
vn 0.0936 0.3812 -0.9197
vn 0.0931 0.3772 -0.9214
vn 0.3547 0.8616 -0.3631
vn 0.3265 0.8716 -0.3656
vn 0.3265 0.8716 -0.3657
vn 0.2712 0.8885 -0.3701
vn 0.2439 0.8954 -0.3725
vn 0.1877 0.9073 -0.3764
vn 0.1877 0.9072 -0.3764
vn 0.1383 0.9167 -0.3748
vn 0.1382 0.9151 -0.3787
vn 0.3186 0.8616 0.3951
vn 0.3185 0.8616 0.3953
vn 0.2904 0.8720 0.3941
vn 0.2902 0.8716 0.3951
vn 0.2348 0.8889 0.3933
vn 0.2078 0.8974 0.3893
vn 0.2077 0.8973 0.3894
vn 0.1512 0.9093 0.3878
vn 0.1023 0.9167 0.3863
vn 0.1024 0.9170 0.3854
vn 0.0964 0.3594 0.9282
vn 0.0965 0.3594 0.9282
vn 0.0847 0.3635 0.9278
vn 0.0843 0.3625 0.9282
vn 0.0610 0.3690 0.9274
vn 0.0610 0.3691 0.9274
vn 0.0500 0.3747 0.9258
vn 0.0262 0.3787 0.9252
vn 0.0064 0.3811 0.9245
vn 0.0065 0.3818 0.9242
vn -0.1843 -0.3593 0.9148
vn -0.1722 -0.3626 0.9159
vn -0.1721 -0.3625 0.9160
vn -0.1489 -0.3681 0.9178
vn -0.1376 -0.3700 0.9188
vn -0.1142 -0.3739 0.9204
vn -0.0936 -0.3813 0.9197
vn -0.0932 -0.3772 0.9214
vn -0.3547 -0.8616 0.3630
vn -0.3264 -0.8717 0.3656
vn -0.3264 -0.8716 0.3657
vn -0.2712 -0.8885 0.3701
vn -0.2439 -0.8954 0.3725
vn -0.1877 -0.9073 0.3764
vn -0.1381 -0.9168 0.3747
vn -0.1381 -0.9151 0.3788
vn -0.3185 -0.8616 -0.3952
vn -0.3186 -0.8616 -0.3951
vn -0.2904 -0.8720 -0.3941
vn -0.2902 -0.8716 -0.3951
vn -0.2348 -0.8889 -0.3933
vn -0.2077 -0.8973 -0.3894
vn -0.2078 -0.8973 -0.3894
vn -0.1512 -0.9092 -0.3878
vn -0.1512 -0.9092 -0.3879
vn -0.1022 -0.9167 -0.3862
vn -0.1023 -0.9170 -0.3855
vn -0.0964 -0.3593 -0.9282
vn -0.0847 -0.3634 -0.9278
vn -0.0843 -0.3625 -0.9282
vn -0.0609 -0.3690 -0.9274
vn -0.0610 -0.3690 -0.9274
vn -0.0500 -0.3747 -0.9258
vn -0.0262 -0.3787 -0.9251
vn -0.0262 -0.3787 -0.9252
vn -0.0064 -0.3811 -0.9245
vn -0.0065 -0.3818 -0.9242
vn -0.0581 -0.3733 -0.9259
vn -0.0570 -0.3699 -0.9273
vn -0.2245 -0.8932 -0.3896
vn -0.2239 -0.8919 -0.3930
vn -0.2597 -0.8915 0.3712
vn -0.2597 -0.8916 0.3708
vn -0.1434 -0.3690 0.9183
vn -0.1435 -0.3693 0.9181
vn 0.0580 0.3733 0.9259
vn 0.0571 0.3699 0.9273
vn 0.2246 0.8932 0.3896
vn 0.2242 0.8918 0.3930
vn 0.2599 0.8915 -0.3711
vn 0.2599 0.8916 -0.3708
vn 0.1434 0.3690 -0.9183
vn 0.1435 0.3693 -0.9181
vn -0.0547 -0.3870 -0.9205
vn -0.0687 -0.9242 -0.3756
vn -0.0687 -0.9242 -0.3757
vn -0.0430 -0.9242 0.3794
vn -0.0430 -0.9242 0.3795
vn 0.0079 -0.3869 0.9221
vn 0.0079 -0.3870 0.9221
vn 0.0547 0.3870 0.9205
vn 0.0687 0.9242 0.3758
vn 0.0687 0.9242 0.3757
vn 0.0430 0.9242 -0.3795
vn 0.0430 0.9242 -0.3794
vn -0.0079 0.3869 -0.9221
vn 0.1092 0.3593 -0.9268
vn 0.0970 0.3626 -0.9269
vn 0.0969 0.3625 -0.9269
vn 0.0736 0.3681 -0.9269
vn 0.0622 0.3700 -0.9269
vn 0.0623 0.3700 -0.9269
vn 0.0388 0.3739 -0.9267
vn 0.0183 0.3812 -0.9243
vn 0.0177 0.3772 -0.9260
vn 0.3239 0.8616 -0.3908
vn 0.2956 0.8716 -0.3910
vn 0.2956 0.8716 -0.3912
vn 0.2402 0.8885 -0.3909
vn 0.2402 0.8885 -0.3910
vn 0.2128 0.8954 -0.3911
vn 0.2128 0.8954 -0.3912
vn 0.1564 0.9073 -0.3904
vn 0.1073 0.9168 -0.3848
vn 0.1069 0.9151 -0.3887
vn 0.3497 0.8616 0.3679
vn 0.3497 0.8616 0.3680
vn 0.3216 0.8720 0.3691
vn 0.3215 0.8716 0.3702
vn 0.2661 0.8889 0.3728
vn 0.2388 0.8973 0.3712
vn 0.1823 0.9093 0.3742
vn 0.1823 0.9092 0.3743
vn 0.1334 0.9167 0.3766
vn 0.1334 0.9170 0.3758
vn 0.1718 0.3594 0.9173
vn 0.1718 0.3593 0.9173
vn 0.1600 0.3634 0.9178
vn 0.1597 0.3625 0.9182
vn 0.1363 0.3690 0.9194
vn 0.1253 0.3747 0.9186
vn 0.1015 0.3787 0.9199
vn 0.0817 0.3811 0.9209
vn 0.0818 0.3818 0.9206
vn -0.1092 -0.3593 0.9268
vn -0.1092 -0.3594 0.9268
vn -0.0970 -0.3626 0.9269
vn -0.0969 -0.3625 0.9269
vn -0.0736 -0.3681 0.9269
vn -0.0623 -0.3700 0.9269
vn -0.0388 -0.3739 0.9267
vn -0.0388 -0.3739 0.9266
vn -0.0183 -0.3812 0.9243
vn -0.0177 -0.3772 0.9259
vn -0.3239 -0.8616 0.3907
vn -0.2955 -0.8717 0.3910
vn -0.2955 -0.8716 0.3911
vn -0.2402 -0.8885 0.3909
vn -0.2127 -0.8954 0.3911
vn -0.2127 -0.8954 0.3912
vn -0.1564 -0.9073 0.3904
vn -0.1564 -0.9072 0.3905
vn -0.1071 -0.9168 0.3848
vn -0.1068 -0.9151 0.3888
vn -0.3497 -0.8616 -0.3679
vn -0.3497 -0.8616 -0.3678
vn -0.3215 -0.8720 -0.3691
vn -0.3214 -0.8716 -0.3702
vn -0.2661 -0.8889 -0.3728
vn -0.2388 -0.8974 -0.3711
vn -0.2388 -0.8973 -0.3712
vn -0.1823 -0.9092 -0.3743
vn -0.1823 -0.9093 -0.3742
vn -0.1333 -0.9167 -0.3767
vn -0.1333 -0.9170 -0.3759
vn -0.1718 -0.3593 -0.9173
vn -0.1718 -0.3594 -0.9173
vn -0.1600 -0.3634 -0.9178
vn -0.1597 -0.3625 -0.9182
vn -0.1364 -0.3691 -0.9193
vn -0.1363 -0.3690 -0.9194
vn -0.1253 -0.3747 -0.9186
vn -0.1015 -0.3788 -0.9199
vn -0.1015 -0.3787 -0.9199
vn -0.0817 -0.3811 -0.9209
vn -0.0818 -0.3819 -0.9206
vn -0.1334 -0.3733 -0.9181
vn -0.1324 -0.3700 -0.9196
vn -0.2555 -0.8932 -0.3700
vn -0.2552 -0.8919 -0.3734
vn -0.2286 -0.8915 0.3911
vn -0.2286 -0.8917 0.3907
vn -0.0681 -0.3690 0.9269
vn -0.0682 -0.3694 0.9268
vn 0.1333 0.3733 0.9181
vn 0.1325 0.3699 0.9196
vn 0.2557 0.8932 0.3700
vn 0.2555 0.8918 0.3733
vn 0.2288 0.8914 -0.3911
vn 0.2288 0.8916 -0.3907
vn 0.0681 0.3690 -0.9269
vn 0.0682 0.3693 -0.9268
vn 0.0727 -0.3817 -0.9214
vn 0.1733 -0.9099 -0.3770
vn 0.1733 -0.9099 0.3770
vn 0.0727 -0.3816 0.9214
vn 0.0727 -0.3817 0.9214
vn -0.0727 0.3817 0.9214
vn -0.1733 0.9099 0.3769
vn -0.1733 0.9099 -0.3769
vn -0.0727 0.3817 -0.9214
vn 0.0727 0.3817 -0.9214
vn 0.0437 0.3823 -0.9230
vn 0.0194 0.3826 -0.9237
vn -0.0097 0.3827 -0.9238
vn -0.0194 0.3826 -0.9237
vn -0.0194 0.3827 -0.9237
vn -0.0437 0.3823 -0.9230
vn 0.1733 0.9099 -0.3769
vn 0.1050 0.9188 -0.3805
vn 0.1050 0.9188 -0.3806
vn 0.0469 0.9229 -0.3822
vn -0.0235 0.9236 -0.3827
vn -0.0235 0.9236 -0.3825
vn -0.0469 0.9229 -0.3822
vn -0.0469 0.9228 -0.3824
vn -0.1050 0.9187 -0.3806
vn -0.1050 0.9188 -0.3805
vn 0.1733 0.9099 0.3768
vn 0.1733 0.9099 0.3770
vn 0.1050 0.9188 0.3805
vn 0.0469 0.9229 0.3822
vn -0.0235 0.9236 0.3826
vn -0.0469 0.9229 0.3823
vn -0.1050 0.9188 0.3806
vn -0.1050 0.9188 0.3805
vn 0.0727 0.3816 0.9215
vn 0.0727 0.3817 0.9214
vn 0.0437 0.3823 0.9230
vn 0.0194 0.3826 0.9237
vn -0.0097 0.3826 0.9239
vn -0.0097 0.3827 0.9238
vn -0.0194 0.3826 0.9237
vn -0.0437 0.3823 0.9230
vn -0.0727 -0.3817 0.9214
vn -0.0437 -0.3823 0.9230
vn -0.0194 -0.3826 0.9237
vn 0.0097 -0.3827 0.9238
vn 0.0194 -0.3826 0.9237
vn 0.0437 -0.3823 0.9230
vn -0.1733 -0.9099 0.3769
vn -0.1050 -0.9187 0.3807
vn -0.1050 -0.9188 0.3806
vn -0.0469 -0.9228 0.3823
vn -0.0469 -0.9228 0.3824
vn 0.0235 -0.9236 0.3825
vn 0.0235 -0.9236 0.3827
vn 0.0469 -0.9229 0.3822
vn 0.1050 -0.9188 0.3806
vn 0.1050 -0.9188 0.3805
vn -0.1733 -0.9099 -0.3769
vn -0.1733 -0.9099 -0.3768
vn -0.1050 -0.9187 -0.3807
vn -0.1050 -0.9187 -0.3806
vn -0.0469 -0.9228 -0.3823
vn -0.0469 -0.9228 -0.3824
vn 0.0235 -0.9236 -0.3825
vn 0.0235 -0.9236 -0.3827
vn 0.0469 -0.9229 -0.3822
vn 0.1050 -0.9187 -0.3807
vn 0.1050 -0.9188 -0.3805
vn -0.0727 -0.3817 -0.9214
vn -0.0727 -0.3816 -0.9215
vn -0.0437 -0.3823 -0.9230
vn -0.0194 -0.3826 -0.9237
vn 0.0097 -0.3826 -0.9238
vn 0.0097 -0.3827 -0.9238
vn 0.0194 -0.3826 -0.9237
vn 0.0437 -0.3824 -0.9230
vn 0.0437 -0.3823 -0.9230
vn -0.0097 -0.3827 -0.9238
vn -0.0097 -0.3826 -0.9238
vn -0.0234 -0.9236 -0.3827
vn -0.0235 -0.9236 -0.3826
vn -0.0235 -0.9236 0.3827
vn -0.0235 -0.9236 0.3826
vn -0.0097 -0.3827 0.9238
vn 0.0097 0.3827 0.9238
vn 0.0097 0.3826 0.9238
vn 0.0235 0.9236 0.3826
vn 0.0235 0.9236 0.3825
vn 0.0235 0.9236 -0.3825
vn 0.0097 0.3827 -0.9238
vn 0.0727 0.3816 -0.9214
vn -0.0437 0.3824 -0.9230
vn 0.1733 0.9099 -0.3770
vn 0.0469 0.9229 -0.3823
vn -0.0235 0.9237 -0.3825
vn -0.0469 0.9229 -0.3823
vn -0.1050 0.9188 -0.3806
vn 0.1733 0.9099 0.3769
vn 0.0469 0.9229 0.3823
vn -0.0235 0.9236 0.3827
vn -0.0235 0.9237 0.3825
vn -0.0469 0.9228 0.3824
vn -0.0097 0.3826 0.9238
vn -0.1733 -0.9099 0.3770
vn -0.0469 -0.9229 0.3823
vn 0.0235 -0.9237 0.3825
vn 0.0234 -0.9236 0.3827
vn 0.1050 -0.9187 0.3806
vn -0.1733 -0.9099 -0.3770
vn -0.1050 -0.9188 -0.3806
vn -0.0469 -0.9229 -0.3823
vn 0.0235 -0.9237 -0.3825
vn 0.1050 -0.9187 -0.3806
vn -0.0437 -0.3824 -0.9230
vn -0.0097 -0.3826 -0.9239
vn 0.0235 0.9237 0.3825
vn 0.0235 0.9237 -0.3825
vn 0.0235 0.9236 -0.3826
vn -0.0003 0.1069 0.9943
vn 0.0001 0.1062 0.9943
vn -0.0003 0.1076 0.9942
vn 0.0001 0.1069 0.9943
vn 0.0026 0.9888 0.1489
vn 0.0021 0.9887 0.1497
vn 0.0026 0.9887 0.1497
vn 0.0021 0.9886 0.1504
vn 0.0026 0.9998 -0.0216
vn 0.0028 0.9998 -0.0217
vn 0.0026 0.9998 -0.0217
vn 0.0028 0.9998 -0.0218
vn 0.0001 -0.1329 0.9911
vn -0.0003 -0.1323 0.9912
vn 0.0001 -0.1335 0.9910
vn -0.0003 -0.1329 0.9911
vn 0.0054 -0.0549 -0.9985
vn 0.0051 -0.0553 -0.9985
vn 0.0054 -0.0544 -0.9985
vn 0.0051 -0.0549 -0.9985
vn 0.0022 -0.9996 -0.0269
vn 0.0023 -0.9996 -0.0269
vn 0.0023 -0.9996 -0.0268
vn 0.0022 -0.9950 0.0997
vn 0.0018 -0.9951 0.0991
vn 0.0022 -0.9951 0.0991
vn 0.0018 -0.9951 0.0984
vn 0.0051 0.0934 -0.9956
vn 0.0054 0.0939 -0.9956
vn 0.0051 0.0929 -0.9957
vn 0.0054 0.0934 -0.9956
vn -0.1511 -0.0802 -0.9853
vn -0.1385 -0.0894 -0.9863
vn -0.2324 -0.0750 -0.9697
vn -0.2142 -0.0888 -0.9727
vn -0.0920 -0.9870 -0.1321
vn -0.1055 -0.9868 -0.1225
vn -0.1417 -0.9811 -0.1321
vn -0.1612 -0.9799 -0.1175
vn -0.0951 -0.9953 0.0174
vn -0.0849 -0.9963 0.0152
vn -0.1460 -0.9891 0.0174
vn -0.1304 -0.9914 0.0140
vn -0.1385 0.1084 -0.9844
vn -0.1507 0.1165 -0.9817
vn -0.2143 0.1034 -0.9713
vn -0.2323 0.1152 -0.9658
vn 0.2630 0.0341 0.9642
vn 0.2755 0.0423 0.9604
vn 0.1692 0.0374 0.9849
vn 0.1777 0.0429 0.9832
vn 0.1366 0.9903 0.0234
vn 0.1244 0.9920 0.0207
vn 0.0868 0.9959 0.0234
vn 0.0789 0.9966 0.0216
vn 0.1329 0.9877 -0.0821
vn 0.1502 0.9862 -0.0693
vn 0.0845 0.9930 -0.0820
vn 0.0962 0.9926 -0.0737
vn 0.2742 -0.0709 0.9591
vn 0.2625 -0.0796 0.9616
vn 0.1770 -0.0752 0.9813
vn 0.1689 -0.0808 0.9823
vn 0.7762 0.0831 -0.6250
vn 0.8015 0.0699 -0.5939
vn -0.7775 -0.0676 -0.6252
vn -0.8047 -0.0539 -0.5912
vn 0.5840 0.8114 0.0223
vn 0.6233 0.7818 0.0188
vn 0.6242 -0.7728 -0.1145
vn 0.6756 -0.7311 -0.0955
vn -0.6117 0.7869 -0.0807
vn -0.6641 0.7448 -0.0642
vn -0.8049 0.0795 -0.5881
vn -0.7779 0.0746 -0.6239
vn -0.8415 0.0299 0.5394
vn -0.8538 0.0232 0.5200
vn -0.6856 -0.7194 -0.1115
vn -0.6196 -0.7777 -0.1060
vn 0.6696 0.7393 -0.0711
vn 0.6094 0.7903 -0.0639
vn 0.6359 -0.7715 0.0173
vn 0.5865 -0.8098 0.0146
vn -0.8543 -0.0485 0.5175
vn -0.8414 -0.0445 0.5386
vn 0.8571 0.0280 0.5143
vn 0.8443 0.0233 0.5354
vn 0.8058 -0.0629 -0.5889
vn 0.7769 -0.0565 -0.6271
vn -0.6210 0.7835 0.0205
vn -0.5828 0.8124 0.0187
vn -0.5826 -0.8126 0.0172
vn -0.6275 -0.7785 0.0132
vn 0.8437 -0.0502 0.5344
vn 0.8559 -0.0426 0.5154
vn -0.2866 -0.0793 0.9548
vn -0.2737 -0.0708 0.9592
vn -0.1364 0.9882 -0.0701
vn -0.1582 0.9839 -0.0831
vn -0.1412 0.9898 0.0204
vn -0.1292 0.9913 0.0233
vn -0.2738 0.0427 0.9608
vn -0.2859 0.0339 0.9576
vn 0.2149 0.1150 -0.9698
vn 0.2310 0.1029 -0.9675
vn 0.1385 -0.9903 0.0142
vn 0.1241 -0.9921 0.0175
vn 0.1355 -0.9838 -0.1173
vn 0.1580 -0.9788 -0.1304
vn 0.2337 -0.0878 -0.9683
vn 0.2152 -0.0754 -0.9737
vn -0.1896 -0.0808 0.9785
vn -0.1807 -0.0750 0.9807
vn -0.0886 0.9933 -0.0742
vn -0.1027 0.9912 -0.0829
vn -0.0919 0.9955 0.0215
vn -0.0839 0.9962 0.0233
vn -0.1808 0.0433 0.9826
vn -0.1894 0.0373 0.9812
vn 0.1392 0.1160 -0.9834
vn 0.1501 0.1082 -0.9827
vn 0.0880 -0.9960 0.0153
vn 0.0786 -0.9968 0.0175
vn 0.0863 -0.9887 -0.1222
vn 0.1006 -0.9863 -0.1309
vn 0.1516 -0.0886 -0.9845
vn 0.1393 -0.0804 -0.9870
vn 0.0018 -0.9951 0.0990
vn 0.0022 -0.9951 0.0990
vn -0.1305 -0.9914 0.0140
vn -0.1386 0.1085 -0.9844
vn 0.1367 0.9903 0.0234
vn 0.0789 0.9966 0.0217
vn 0.6243 -0.7728 -0.1145
vn 0.6756 -0.7310 -0.0955
vn -0.6117 0.7870 -0.0807
vn -0.6642 0.7448 -0.0642
vn -0.8415 0.0300 0.5394
vn -0.8538 0.0232 0.5201
vn 0.6359 -0.7716 0.0173
vn 0.5866 -0.8097 0.0146
vn -0.8413 -0.0445 0.5387
vn 0.8572 0.0280 0.5143
vn 0.8058 -0.0629 -0.5888
vn -0.6211 0.7835 0.0205
vn -0.5827 0.8125 0.0187
vn -0.5825 -0.8126 0.0172
vn -0.6276 -0.7784 0.0132
vn 0.8438 -0.0502 0.5344
vn 0.2311 0.1029 -0.9675
vn -0.1896 -0.0809 0.9785
vn 0.0001 -0.1336 0.9910
vn 0.1329 0.9877 -0.0820
vn 0.0846 0.9930 -0.0820
vn -0.7775 -0.0676 -0.6253
vn 0.5841 0.8114 0.0223
vn 0.6232 0.7818 0.0188
vn 0.6755 -0.7311 -0.0955
vn 0.5866 -0.8098 0.0146
vn 0.8437 -0.0502 0.5345
vn 0.8559 -0.0426 0.5153
vn 0.1356 -0.9838 -0.1173
vn 0.2338 -0.0878 -0.9683
vn -0.0886 0.9933 -0.0743
vn 0.0864 -0.9887 -0.1222
vn 0.1005 -0.9863 -0.1309
vn 0.6233 0.7818 0.0189
vn -0.6118 0.7869 -0.0807
vn -0.7779 0.0746 -0.6240
vn 0.8059 -0.0629 -0.5888
vn 0.1005 -0.9863 -0.1308
vn 0.0029 0.9998 -0.0218
vn 0.6093 0.7903 -0.0639
vn -0.2144 0.1034 -0.9713
vn -0.1055 -0.9869 -0.1225
vn -0.0848 -0.9963 0.0152
vn 0.6232 0.7818 0.0189
vn 0.6360 -0.7715 0.0173
vn -0.1581 0.9839 -0.0831
vn -0.0839 0.9962 0.0234
vn 0.8571 0.0280 0.5144
vn 0.8438 -0.0501 0.5344
vn -0.1027 0.9913 -0.0829
vn 0.8015 0.0699 -0.5938
vn -0.8047 -0.0539 -0.5913
vn -0.6855 -0.7195 -0.1115
vn -0.8543 -0.0485 0.5174
vn 0.8443 0.0233 0.5353
vn -0.6210 0.7836 0.0205
vn 0.8438 -0.0501 0.5343
vn -0.2737 -0.0707 0.9592
vn -0.6855 -0.7194 -0.1115
vn 0.6093 0.7904 -0.0639
vn 0.8016 0.0699 -0.5938
vn -0.6196 -0.7778 -0.1060
vn -0.6276 -0.7785 0.0132
vn -1.0000 -0.0000 -0.0000
vn -1.0000 -0.0000 -0.0001
vn -1.0000 0.0001 0.0001
vn -1.0000 -0.0001 -0.0001
vn -1.0000 0.0001 -0.0000
vn 1.0000 0.0001 0.0001
vn 1.0000 -0.0002 -0.0000
vn 1.0000 0.0001 -0.0001
vn 1.0000 -0.0000 -0.0000
vn 1.0000 -0.0001 -0.0001
vn 1.0000 0.0002 0.0002
vn -1.0000 -0.0000 0.0004
vn -1.0000 -0.0000 -0.0002
vn -1.0000 -0.0001 -0.0000
vn 1.0000 -0.0000 -0.0002
vn 1.0000 -0.0000 0.0001
vn 1.0000 -0.0000 -0.0001
vn 1.0000 0.0002 -0.0001
vn 1.0000 0.0002 0.0004
vn -0.9722 -0.2319 0.0331
vn -0.9722 -0.2319 0.0329
vn -0.9722 -0.2319 0.0330
vn -0.9722 -0.2318 0.0330
vn 0.9722 0.2319 -0.0329
vn 0.9721 0.2320 -0.0331
vn 0.9722 0.2318 -0.0330
vn 0.9722 0.2319 -0.0330
vn 0.9722 0.2318 -0.0332
vn -0.9716 -0.2319 -0.0462
vn -0.9716 -0.2319 -0.0464
vn -0.9716 -0.2319 -0.0463
vn 0.9716 0.2319 0.0465
vn 0.9716 0.2319 0.0463
vn 0.9716 0.2319 0.0464
vn 0.9716 -0.2319 0.0464
vn 0.9716 -0.2319 0.0463
vn 0.9716 -0.2320 0.0464
vn -0.9716 0.2320 -0.0464
vn -0.9716 0.2319 -0.0464
vn -0.9716 0.2319 -0.0463
vn -0.9716 0.2320 -0.0463
vn 0.9722 -0.2319 -0.0331
vn 0.9722 -0.2319 -0.0329
vn 0.9722 -0.2319 -0.0330
vn 0.9722 -0.2320 -0.0330
vn 0.9722 -0.2318 -0.0330
vn -0.9722 0.2320 0.0333
vn -0.9722 0.2318 0.0329
vn -0.9722 0.2320 0.0330
vn -0.9722 0.2319 0.0330
vn -0.9722 0.2318 0.0330
vn 1.0000 -0.0001 0.0001
vn 1.0000 -0.0001 -0.0000
vn -1.0000 0.0002 -0.0001
vn -1.0000 -0.0001 -0.0002
vn -1.0000 -0.0002 -0.0003
vn -1.0000 0.0002 -0.0003
vn -1.0000 -0.0000 0.0001
vn -1.0000 -0.0002 -0.0001
vn -1.0000 -0.0000 -0.0003
vt -1.733125 0.503240
vt -0.558017 1.399821
vt -1.015111 1.545487
vt -2.190220 0.648906
vt -0.818936 0.211907
vt -0.361841 0.066240
vt 0.813267 0.962821
vt 0.356173 1.108488
vt -1.276031 0.357573
vt -0.100922 1.254154
vt 0.095254 -0.079426
vt 1.270362 0.817155
vt 2.641647 0.380156
vt 2.184553 0.525823
vt 1.009444 -0.370759
vt 1.466539 -0.516425
vt 1.727458 0.671490
vt 0.552350 -0.225091
vt -1.145571 0.951530
vt -1.602665 1.097197
vt -0.231382 0.660197
vt 0.225713 0.514531
vt -0.688476 0.805864
vt 0.682808 0.368865
vt 2.054093 -0.068134
vt 1.596998 0.077532
vt 1.139904 0.223199
vt -0.782432 0.845099
vt -0.205045 1.277316
vt -0.567392 1.398329
vt -1.144780 0.966111
vt -0.057739 0.603070
vt 0.304609 0.482058
vt 0.881997 0.914275
vt 0.519649 1.035287
vt -0.420084 0.724086
vt 0.157304 1.156303
vt -0.708778 0.507977
vt -1.071126 0.628990
vt -0.346433 0.386962
vt 0.015915 0.265949
vt -1.433474 0.750003
vt 0.666956 0.361045
vt 1.244344 0.793262
vt 2.331388 0.430223
vt 1.969040 0.551236
vt 1.391652 0.119019
vt 1.754001 -0.001994
vt 1.606696 0.672252
vt 1.029308 0.240034
vt 0.378263 0.144936
vt 1.102958 -0.097090
vt 1.465307 -0.218102
vt 0.740615 0.023926
vt 5.927067 -1.231864
vt 8.175785 -1.986105
vt 8.144914 -2.009114
vt 5.896195 -1.254873
vt 8.114042 -2.032122
vt 5.865324 -1.277882
vt 8.083172 -2.055132
vt 5.834454 -1.300891
vt 8.052298 -2.078140
vt 5.803580 -1.323899
vt 6.050548 -1.139827
vt 8.299266 -1.894068
vt 8.268395 -1.917077
vt 6.019677 -1.162836
vt 8.237525 -1.940087
vt 5.988807 -1.185846
vt 8.206655 -1.963096
vt 5.957936 -1.208855
vt -7.534374 3.316590
vt -5.285655 2.562349
vt -5.316526 2.539340
vt -7.565244 3.293581
vt -3.036937 1.808108
vt -3.067807 1.785099
vt -0.788219 1.053868
vt -0.819089 1.030858
vt 0.336140 0.676747
vt 1.460500 0.299627
vt 1.429630 0.276617
vt 0.305270 0.653738
vt 3.709218 -0.454614
vt 3.678348 -0.477623
vt -7.503504 3.339599
vt -5.254786 2.585358
vt -3.006067 1.831118
vt -0.757349 1.076877
vt 0.367010 0.699756
vt 1.491370 0.322636
vt 3.740088 -0.431605
vt -7.472634 3.362608
vt -5.223916 2.608368
vt -2.975197 1.854127
vt -0.726478 1.099886
vt 0.397881 0.722766
vt 1.522240 0.345645
vt 3.770958 -0.408595
vt -7.441763 3.385618
vt -5.193045 2.631377
vt -2.944327 1.877136
vt -0.695608 1.122895
vt 0.428751 0.745775
vt 1.553110 0.368655
vt 3.801829 -0.385586
vt -7.657855 3.224553
vt -5.409137 2.470312
vt -5.440008 2.447303
vt -7.688726 3.201544
vt -3.160419 1.716071
vt -3.191291 1.693063
vt -0.911701 0.961831
vt -0.942573 0.938822
vt 0.212658 0.584710
vt 1.337017 0.207590
vt 1.306145 0.184582
vt 0.181786 0.561702
vt 3.585735 -0.546651
vt 3.554862 -0.569659
vt -7.626984 3.247562
vt -5.378266 2.493321
vt -3.129548 1.739081
vt -0.880830 0.984840
vt 0.243529 0.607720
vt 1.367888 0.230600
vt 3.616606 -0.523641
vt -7.596114 3.270571
vt -5.347396 2.516330
vt -3.098678 1.762090
vt -0.849959 1.007849
vt 0.274400 0.630729
vt 1.398759 0.253608
vt 3.647477 -0.500632
vt 2.196661 1.148025
vt 1.553165 0.688125
vt 2.899049 0.217332
vt 3.542545 0.677232
vt 0.909670 0.228225
vt 2.255554 -0.242568
vt 4.888429 0.206438
vt 4.244934 -0.253461
vt 3.601438 -0.713361
vt 6.234314 -0.264355
vt 5.590818 -0.724255
vt 4.947323 -1.184154
vt 0.850777 1.618818
vt 0.207281 1.158918
vt -0.436214 0.699018
vt -3.127983 1.640608
vt -2.484487 2.100507
vt -3.830373 2.571300
vt -4.473869 2.111400
vt -1.840991 2.560407
vt -3.186877 3.031199
vt -1.782098 1.169813
vt -1.138603 1.629712
vt -0.495107 2.089612
vt -5.176258 3.042092
vt -5.819755 2.582193
vt -4.532763 3.501992
vt 1.247946 1.235029
vt 1.951779 1.023419
vt 1.662251 0.783001
vt 0.958418 0.994612
vt 0.668890 0.754194
vt 1.372723 0.542584
vt 1.083195 0.302166
vt 0.379361 0.513776
vt 2.655613 0.811808
vt 2.366085 0.571391
vt 2.076556 0.330973
vt 1.787029 0.090555
vt 3.359447 0.600198
vt 3.069919 0.359780
vt 2.780391 0.119363
vt 2.490862 -0.121055
vt 0.544112 1.446640
vt 0.254584 1.206222
vt -0.034944 0.965804
vt -0.324472 0.725387
vt -1.442610 1.389028
vt -2.146446 1.600637
vt -1.856918 1.841055
vt -1.153082 1.629446
vt -0.863554 1.869863
vt -1.567389 2.081473
vt -1.277861 2.321890
vt -0.574026 2.110281
vt -0.449249 1.417833
vt -0.738777 1.177416
vt 0.129807 1.898669
vt -0.159721 1.658251
vt 0.833640 1.687058
vt -2.850280 1.812247
vt -2.560752 2.052665
vt -2.271224 2.293082
vt -1.981696 2.533500
vt -2.435974 1.360219
vt -3.139808 1.571829
vt -1.028305 0.936998
vt -1.732139 1.148610
vt 1.537474 1.475447
vt 3.648975 0.840616
vt 2.945141 1.052226
vt 2.241307 1.263837
vt 1.248109 1.209422
vt 1.949697 0.979698
vt 1.657761 0.746774
vt 0.956172 0.976498
vt 0.664236 0.743575
vt 1.365825 0.513851
vt 1.073889 0.280927
vt 0.372300 0.510651
vt 2.651285 0.749974
vt 2.359349 0.517051
vt 2.067413 0.284127
vt 1.775477 0.051203
vt 3.352874 0.520250
vt 3.060938 0.287327
vt 2.769002 0.054403
vt 2.477065 -0.178521
vt 0.546520 1.439146
vt -0.037352 0.973299
vt -0.329288 0.740375
vt -1.440528 1.432749
vt -2.142118 1.662471
vt -1.850182 1.895395
vt -1.148591 1.665672
vt -0.856655 1.898596
vt -1.558245 2.128319
vt -1.266309 2.361243
vt -0.564719 2.131520
vt -0.447004 1.435947
vt -0.738940 1.203023
vt 0.136868 1.901794
vt -0.155068 1.668870
vt 0.838456 1.672070
vt -2.843708 1.892195
vt -2.551771 2.125118
vt -2.259835 2.358042
vt -1.967899 2.590965
vt -2.434054 1.429548
vt -3.135644 1.659271
vt -1.030876 0.970099
vt -1.732464 1.199825
vt 1.540045 1.442346
vt 3.644810 0.753174
vt 2.943221 0.982898
vt 2.241633 1.212622
vt 0.000000 1.000000
s 0
usemtl rope
f 3133/515/627 3134/516/627 3135/517/627
f 3133/515/628 3135/517/628 3146/518/628
f 3136/519/629 3137/520/629 3138/521/629
f 3136/519/630 3138/521/630 3139/522/630
f 3140/523/631 3136/519/631 3139/522/631
f 3140/523/632 3139/522/632 3141/524/632
f 3140/523/633 3141/524/633 3134/516/633
f 3140/523/634 3134/516/634 3133/515/634
f 3138/521/635 3137/520/635 3142/525/635
f 3138/521/636 3142/525/636 3143/526/636
f 3135/527/637 3144/528/637 3145/529/637
f 3135/527/638 3145/529/638 3146/530/638
f 3144/528/639 3147/531/639 3148/532/639
f 3144/528/640 3148/532/640 3145/529/640
f 3143/526/641 3142/525/641 3148/532/641
f 3143/526/642 3148/532/642 3147/531/642
f 3149/533/643 3150/534/643 3171/517/643
f 3149/533/644 3171/517/644 3151/516/644
f 3152/535/645 3153/522/645 3154/521/645
f 3152/535/646 3154/521/646 3155/536/646
f 3156/537/647 3157/524/647 3153/522/647
f 3156/537/648 3153/522/648 3152/535/648
f 3156/537/649 3149/533/649 3151/516/649
f 3156/537/650 3151/516/650 3157/524/650
f 3155/536/651 3158/538/651 3159/525/651
f 3155/536/652 3159/525/652 3160/520/652
f 3150/539/653 3169/530/653 3161/529/653
f 3150/539/654 3161/529/654 3162/540/654
f 3162/540/655 3161/529/655 3163/532/655
f 3162/540/656 3163/532/656 3164/541/656
f 3158/538/657 3164/541/657 3163/532/657
f 3158/538/658 3163/532/658 3159/525/658
f 3141/524/659 3139/522/659 3153/522/659
f 3141/524/660 3153/522/660 3157/524/660
f 3145/529/661 3148/532/661 3163/532/661
f 3145/529/661 3163/532/661 3161/529/661
f 3140/523/662 3133/515/662 3165/515/662
f 3140/523/663 3165/515/663 3166/523/663
f 3143/526/664 3147/531/664 3167/531/664
f 3143/526/665 3167/531/665 3168/526/665
f 3134/516/666 3141/524/666 3157/524/666
f 3134/516/666 3157/524/666 3151/516/666
f 3133/515/667 3146/518/667 3169/518/667
f 3133/515/667 3169/518/667 3165/515/667
f 3148/532/668 3142/525/668 3159/525/668
f 3148/532/668 3159/525/668 3163/532/668
f 3138/521/669 3143/526/669 3168/526/669
f 3138/521/669 3168/526/669 3154/521/669
f 3135/517/670 3134/516/670 3151/516/670
f 3135/517/670 3151/516/670 3171/517/670
f 3142/525/671 3137/520/671 3160/520/671
f 3142/525/672 3160/520/672 3159/525/672
f 3137/520/673 3136/519/673 3170/519/673
f 3137/520/674 3170/519/674 3160/520/674
f 3144/528/675 3135/527/675 3171/527/675
f 3144/528/676 3171/527/676 3172/528/676
f 3139/522/677 3138/521/677 3154/521/677
f 3139/522/677 3154/521/677 3153/522/677
f 3146/530/678 3145/529/678 3161/529/678
f 3146/530/678 3161/529/678 3169/530/678
f 3136/519/679 3140/523/679 3166/523/679
f 3136/519/680 3166/523/680 3170/519/680
f 3147/531/681 3144/528/681 3172/528/681
f 3147/531/682 3172/528/682 3167/531/682
f 3168/526/683 3167/531/683 3164/541/683
f 3168/526/684 3164/541/684 3158/538/684
f 3172/528/685 3162/540/685 3164/541/685
f 3172/528/686 3164/541/686 3167/531/686
f 3171/527/687 3150/539/687 3162/540/687
f 3171/527/688 3162/540/688 3172/528/688
f 3154/521/689 3168/526/689 3158/538/689
f 3154/521/690 3158/538/690 3155/536/690
f 3166/523/691 3165/515/691 3149/533/691
f 3166/523/692 3149/533/692 3156/537/692
f 3166/523/693 3156/537/693 3152/535/693
f 3166/523/694 3152/535/694 3170/519/694
f 3170/519/695 3152/535/695 3155/536/695
f 3170/519/696 3155/536/696 3160/520/696
f 3165/515/697 3169/518/697 3150/534/697
f 3165/515/698 3150/534/698 3149/533/698
f 3173/515/627 3174/516/627 3183/517/627
f 3173/515/628 3183/517/628 3186/518/628
f 3175/519/699 3176/520/699 3177/521/699
f 3175/519/700 3177/521/700 3178/522/700
f 3179/523/631 3175/519/631 3178/522/631
f 3179/523/632 3178/522/632 3180/524/632
f 3179/523/633 3180/524/633 3174/516/633
f 3179/523/634 3174/516/634 3173/515/634
f 3177/521/635 3176/520/635 3181/525/635
f 3177/521/636 3181/525/636 3182/526/636
f 3183/527/637 3184/528/637 3185/529/637
f 3183/527/701 3185/529/701 3186/530/701
f 3184/528/639 3187/531/639 3188/532/639
f 3184/528/702 3188/532/702 3185/529/702
f 3182/526/641 3181/525/641 3188/532/641
f 3182/526/642 3188/532/642 3187/531/642
f 3189/533/643 3190/534/643 3191/517/643
f 3189/533/644 3191/517/644 3192/516/644
f 3193/535/645 3194/522/645 3195/521/645
f 3193/535/646 3195/521/646 3196/536/646
f 3197/537/703 3198/524/703 3194/522/703
f 3197/537/648 3194/522/648 3193/535/648
f 3197/537/649 3189/533/649 3192/516/649
f 3197/537/650 3192/516/650 3198/524/650
f 3196/536/651 3199/538/651 3200/525/651
f 3196/536/652 3200/525/652 3201/520/652
f 3190/539/653 3210/530/653 3202/529/653
f 3190/539/654 3202/529/654 3203/540/654
f 3203/540/655 3202/529/655 3204/532/655
f 3203/540/656 3204/532/656 3205/541/656
f 3199/538/657 3205/541/657 3204/532/657
f 3199/538/658 3204/532/658 3200/525/658
f 3180/524/704 3178/522/704 3194/522/704
f 3180/524/704 3194/522/704 3198/524/704
f 3185/529/705 3188/532/705 3204/532/705
f 3185/529/661 3204/532/661 3202/529/661
f 3179/523/662 3173/515/662 3206/515/662
f 3179/523/662 3206/515/662 3207/523/662
f 3182/526/706 3187/531/706 3208/531/706
f 3182/526/664 3208/531/664 3209/526/664
f 3174/516/707 3180/524/707 3198/524/707
f 3174/516/708 3198/524/708 3192/516/708
f 3173/515/667 3186/518/667 3210/518/667
f 3173/515/667 3210/518/667 3206/515/667
f 3188/532/668 3181/525/668 3200/525/668
f 3188/532/709 3200/525/709 3204/532/709
f 3177/521/669 3182/526/669 3209/526/669
f 3177/521/710 3209/526/710 3195/521/710
f 3183/517/670 3174/516/670 3192/516/670
f 3183/517/670 3192/516/670 3191/517/670
f 3181/525/672 3176/520/672 3201/520/672
f 3181/525/672 3201/520/672 3200/525/672
f 3176/520/673 3175/519/673 3211/519/673
f 3176/520/674 3211/519/674 3201/520/674
f 3184/528/676 3183/527/676 3191/527/676
f 3184/528/675 3191/527/675 3212/528/675
f 3178/522/711 3177/521/711 3195/521/711
f 3178/522/712 3195/521/712 3194/522/712
f 3186/530/678 3185/529/678 3202/529/678
f 3186/530/713 3202/529/713 3210/530/713
f 3175/519/714 3179/523/714 3207/523/714
f 3175/519/680 3207/523/680 3211/519/680
f 3187/531/715 3184/528/715 3212/528/715
f 3187/531/681 3212/528/681 3208/531/681
f 3209/526/683 3208/531/683 3205/541/683
f 3209/526/684 3205/541/684 3199/538/684
f 3212/528/685 3203/540/685 3205/541/685
f 3212/528/716 3205/541/716 3208/531/716
f 3191/527/687 3190/539/687 3203/540/687
f 3191/527/688 3203/540/688 3212/528/688
f 3195/521/689 3209/526/689 3199/538/689
f 3195/521/690 3199/538/690 3196/536/690
f 3207/523/691 3206/515/691 3189/533/691
f 3207/523/692 3189/533/692 3197/537/692
f 3207/523/717 3197/537/717 3193/535/717
f 3207/523/694 3193/535/694 3211/519/694
f 3211/519/695 3193/535/695 3196/536/695
f 3211/519/696 3196/536/696 3201/520/696
f 3206/515/697 3210/518/697 3190/534/697
f 3206/515/698 3190/534/698 3189/533/698
f 3213/515/627 3214/516/627 3215/517/627
f 3213/515/628 3215/517/628 3226/518/628
f 3216/519/699 3217/520/699 3218/521/699
f 3216/519/700 3218/521/700 3219/522/700
f 3220/523/631 3216/519/631 3219/522/631
f 3220/523/632 3219/522/632 3221/524/632
f 3220/523/633 3221/524/633 3214/516/633
f 3220/523/634 3214/516/634 3213/515/634
f 3218/521/635 3217/520/635 3222/525/635
f 3218/521/636 3222/525/636 3223/526/636
f 3215/527/718 3224/528/718 3225/529/718
f 3215/527/638 3225/529/638 3226/530/638
f 3224/528/719 3227/531/719 3228/532/719
f 3224/528/640 3228/532/640 3225/529/640
f 3223/526/641 3222/525/641 3228/532/641
f 3223/526/642 3228/532/642 3227/531/642
f 3229/533/643 3241/534/643 3230/517/643
f 3229/533/644 3230/517/644 3231/516/644
f 3232/535/720 3233/522/720 3234/521/720
f 3232/535/646 3234/521/646 3235/536/646
f 3236/537/703 3237/524/703 3233/522/703
f 3236/537/648 3233/522/648 3232/535/648
f 3236/537/649 3229/533/649 3231/516/649
f 3236/537/650 3231/516/650 3237/524/650
f 3235/536/651 3238/538/651 3239/525/651
f 3235/536/721 3239/525/721 3240/520/721
f 3241/539/653 3250/530/653 3242/529/653
f 3241/539/722 3242/529/722 3243/540/722
f 3243/540/655 3242/529/655 3244/532/655
f 3243/540/656 3244/532/656 3245/541/656
f 3238/538/657 3245/541/657 3244/532/657
f 3238/538/658 3244/532/658 3239/525/658
f 3221/524/704 3219/522/704 3233/522/704
f 3221/524/659 3233/522/659 3237/524/659
f 3225/529/661 3228/532/661 3244/532/661
f 3225/529/723 3244/532/723 3242/529/723
f 3220/523/663 3213/515/663 3246/515/663
f 3220/523/663 3246/515/663 3247/523/663
f 3223/526/665 3227/531/665 3248/531/665
f 3223/526/664 3248/531/664 3249/526/664
f 3214/516/666 3221/524/666 3237/524/666
f 3214/516/666 3237/524/666 3231/516/666
f 3213/515/724 3226/518/724 3250/518/724
f 3213/515/725 3250/518/725 3246/515/725
f 3228/532/668 3222/525/668 3239/525/668
f 3228/532/726 3239/525/726 3244/532/726
f 3218/521/669 3223/526/669 3249/526/669
f 3218/521/710 3249/526/710 3234/521/710
f 3215/517/727 3214/516/727 3231/516/727
f 3215/517/728 3231/516/728 3230/517/728
f 3222/525/729 3217/520/729 3240/520/729
f 3222/525/671 3240/520/671 3239/525/671
f 3217/520/730 3216/519/730 3251/519/730
f 3217/520/730 3251/519/730 3240/520/730
f 3224/528/676 3215/527/676 3230/527/676
f 3224/528/731 3230/527/731 3252/528/731
f 3219/522/677 3218/521/677 3234/521/677
f 3219/522/732 3234/521/732 3233/522/732
f 3226/530/713 3225/529/713 3242/529/713
f 3226/530/678 3242/529/678 3250/530/678
f 3216/519/679 3220/523/679 3247/523/679
f 3216/519/714 3247/523/714 3251/519/714
f 3227/531/682 3224/528/682 3252/528/682
f 3227/531/733 3252/528/733 3248/531/733
f 3249/526/683 3248/531/683 3245/541/683
f 3249/526/684 3245/541/684 3238/538/684
f 3252/528/685 3243/540/685 3245/541/685
f 3252/528/686 3245/541/686 3248/531/686
f 3230/527/687 3241/539/687 3243/540/687
f 3230/527/688 3243/540/688 3252/528/688
f 3234/521/689 3249/526/689 3238/538/689
f 3234/521/690 3238/538/690 3235/536/690
f 3247/523/691 3246/515/691 3229/533/691
f 3247/523/734 3229/533/734 3236/537/734
f 3247/523/693 3236/537/693 3232/535/693
f 3247/523/694 3232/535/694 3251/519/694
f 3251/519/695 3232/535/695 3235/536/695
f 3251/519/735 3235/536/735 3240/520/735
f 3246/515/697 3250/518/697 3241/534/697
f 3246/515/698 3241/534/698 3229/533/698
f 3253/515/627 3254/516/627 3255/517/627
f 3253/515/628 3255/517/628 3256/518/628
f 3257/519/736 3258/520/736 3259/521/736
f 3257/519/700 3259/521/700 3260/522/700
f 3261/523/737 3257/519/737 3260/522/737
f 3261/523/632 3260/522/632 3262/524/632
f 3261/523/633 3262/524/633 3254/516/633
f 3261/523/634 3254/516/634 3253/515/634
f 3259/521/635 3258/520/635 3263/525/635
f 3259/521/636 3263/525/636 3264/526/636
f 3255/527/718 3265/528/718 3266/529/718
f 3255/527/638 3266/529/638 3256/530/638
f 3265/528/719 3267/531/719 3268/532/719
f 3265/528/702 3268/532/702 3266/529/702
f 3264/526/738 3263/525/738 3268/532/738
f 3264/526/642 3268/532/642 3267/531/642
f 3269/533/643 3281/534/643 3270/517/643
f 3269/533/644 3270/517/644 3271/516/644
f 3272/535/645 3273/522/645 3274/521/645
f 3272/535/646 3274/521/646 3275/536/646
f 3276/537/739 3277/524/739 3273/522/739
f 3276/537/740 3273/522/740 3272/535/740
f 3276/537/649 3269/533/649 3271/516/649
f 3276/537/650 3271/516/650 3277/524/650
f 3275/536/651 3278/538/651 3279/525/651
f 3275/536/721 3279/525/721 3280/520/721
f 3281/539/653 3290/530/653 3282/529/653
f 3281/539/654 3282/529/654 3283/540/654
f 3283/540/655 3282/529/655 3284/532/655
f 3283/540/741 3284/532/741 3285/541/741
f 3278/538/657 3285/541/657 3284/532/657
f 3278/538/658 3284/532/658 3279/525/658
f 3262/524/704 3260/522/704 3273/522/704
f 3262/524/742 3273/522/742 3277/524/742
f 3266/529/661 3268/532/661 3284/532/661
f 3266/529/743 3284/532/743 3282/529/743
f 3261/523/663 3253/515/663 3286/515/663
f 3261/523/662 3286/515/662 3287/523/662
f 3264/526/665 3267/531/665 3288/531/665
f 3264/526/744 3288/531/744 3289/526/744
f 3254/516/745 3262/524/745 3277/524/745
f 3254/516/745 3277/524/745 3271/516/745
f 3253/515/724 3256/518/724 3290/518/724
f 3253/515/725 3290/518/725 3286/515/725
f 3268/532/668 3263/525/668 3279/525/668
f 3268/532/668 3279/525/668 3284/532/668
f 3259/521/746 3264/526/746 3289/526/746
f 3259/521/710 3289/526/710 3274/521/710
f 3255/517/727 3254/516/727 3271/516/727
f 3255/517/670 3271/516/670 3270/517/670
f 3263/525/672 3258/520/672 3280/520/672
f 3263/525/672 3280/520/672 3279/525/672
f 3258/520/673 3257/519/673 3291/519/673
f 3258/520/674 3291/519/674 3280/520/674
f 3265/528/747 3255/527/747 3270/527/747
f 3265/528/748 3270/527/748 3292/528/748
f 3260/522/749 3259/521/749 3274/521/749
f 3260/522/711 3274/521/711 3273/522/711
f 3256/530/750 3266/529/750 3282/529/750
f 3256/530/678 3282/529/678 3290/530/678
f 3257/519/714 3261/523/714 3287/523/714
f 3257/519/680 3287/523/680 3291/519/680
f 3267/531/682 3265/528/682 3292/528/682
f 3267/531/681 3292/528/681 3288/531/681
f 3289/526/751 3288/531/751 3285/541/751
f 3289/526/684 3285/541/684 3278/538/684
f 3292/528/752 3283/540/752 3285/541/752
f 3292/528/716 3285/541/716 3288/531/716
f 3270/527/687 3281/539/687 3283/540/687
f 3270/527/688 3283/540/688 3292/528/688
f 3274/521/689 3289/526/689 3278/538/689
f 3274/521/690 3278/538/690 3275/536/690
f 3287/523/691 3286/515/691 3269/533/691
f 3287/523/692 3269/533/692 3276/537/692
f 3287/523/693 3276/537/693 3272/535/693
f 3287/523/694 3272/535/694 3291/519/694
f 3291/519/695 3272/535/695 3275/536/695
f 3291/519/696 3275/536/696 3280/520/696
f 3286/515/697 3290/518/697 3281/534/697
f 3286/515/698 3281/534/698 3269/533/698
f 3293/515/636 3294/516/636 3295/517/636
f 3293/515/635 3295/517/635 3296/518/635
f 3297/519/638 3298/520/638 3299/521/638
f 3297/519/637 3299/521/637 3300/522/637
f 3301/523/753 3297/519/753 3300/522/753
f 3301/523/639 3300/522/639 3302/524/639
f 3301/523/642 3302/524/642 3294/516/642
f 3301/523/641 3294/516/641 3293/515/641
f 3299/521/628 3298/520/628 3303/525/628
f 3299/521/627 3303/525/627 3304/526/627
f 3295/527/700 3305/528/700 3306/529/700
f 3295/527/699 3306/529/699 3296/530/699
f 3305/528/754 3307/531/754 3308/532/754
f 3305/528/631 3308/532/631 3306/529/631
f 3304/526/634 3303/525/634 3308/532/634
f 3304/526/633 3308/532/633 3307/531/633
f 3309/533/690 3310/534/690 3311/517/690
f 3309/533/689 3311/517/689 3312/516/689
f 3313/535/755 3314/522/755 3315/521/755
f 3313/535/756 3315/521/756 3316/536/756
f 3317/537/757 3318/524/757 3314/522/757
f 3317/537/685 3314/522/685 3313/535/685
f 3317/537/684 3309/533/684 3312/516/684
f 3317/537/683 3312/516/683 3318/524/683
f 3316/536/698 3319/538/698 3320/525/698
f 3316/536/697 3320/525/697 3321/520/697
f 3310/539/758 3322/530/758 3323/529/758
f 3310/539/759 3323/529/759 3324/540/759
f 3324/540/694 3323/529/694 3325/532/694
f 3324/540/693 3325/532/693 3326/541/693
f 3319/538/692 3326/541/692 3325/532/692
f 3319/538/691 3325/532/691 3320/525/691
f 3302/524/760 3300/522/760 3314/522/760
f 3302/524/761 3314/522/761 3318/524/761
f 3306/529/762 3308/532/762 3325/532/762
f 3306/529/679 3325/532/679 3323/529/679
f 3301/523/726 3293/515/726 3327/515/726
f 3301/523/726 3327/515/726 3328/523/726
f 3304/526/745 3307/531/745 3329/531/745
f 3304/526/763 3329/531/763 3330/526/763
f 3294/516/764 3302/524/764 3318/524/764
f 3294/516/764 3318/524/764 3312/516/764
f 3293/515/729 3296/518/729 3322/518/729
f 3293/515/672 3322/518/672 3327/515/672
f 3308/532/663 3303/525/663 3320/525/663
f 3308/532/765 3320/525/765 3325/532/765
f 3299/521/766 3304/526/766 3330/526/766
f 3299/521/670 3330/526/670 3315/521/670
f 3295/517/710 3294/516/710 3312/516/710
f 3295/517/767 3312/516/767 3311/517/767
f 3303/525/724 3298/520/724 3321/520/724
f 3303/525/725 3321/520/725 3320/525/725
f 3298/520/768 3297/519/768 3331/519/768
f 3298/520/678 3331/519/678 3321/520/678
f 3305/528/711 3295/527/711 3311/527/711
f 3305/528/732 3311/527/732 3332/528/732
f 3300/522/769 3299/521/769 3315/521/769
f 3300/522/770 3315/521/770 3314/522/770
f 3296/530/730 3306/529/730 3323/529/730
f 3296/530/730 3323/529/730 3322/530/730
f 3297/519/661 3301/523/661 3328/523/661
f 3297/519/661 3328/523/661 3331/519/661
f 3307/531/659 3305/528/659 3332/528/659
f 3307/531/704 3332/528/704 3329/531/704
f 3330/526/650 3329/531/650 3326/541/650
f 3330/526/649 3326/541/649 3319/538/649
f 3332/528/740 3324/540/740 3326/541/740
f 3332/528/703 3326/541/703 3329/531/703
f 3311/527/646 3310/539/646 3324/540/646
f 3311/527/771 3324/540/771 3332/528/771
f 3315/521/644 3330/526/644 3319/538/644
f 3315/521/643 3319/538/643 3316/536/643
f 3328/523/658 3327/515/658 3309/533/658
f 3328/523/772 3309/533/772 3317/537/772
f 3328/523/773 3317/537/773 3313/535/773
f 3328/523/655 3313/535/655 3331/519/655
f 3331/519/654 3313/535/654 3316/536/654
f 3331/519/653 3316/536/653 3321/520/653
f 3327/515/652 3322/518/652 3310/534/652
f 3327/515/651 3310/534/651 3309/533/651
f 3333/515/636 3334/516/636 3343/517/636
f 3333/515/635 3343/517/635 3346/518/635
f 3335/519/774 3336/520/774 3337/521/774
f 3335/519/637 3337/521/637 3338/522/637
f 3339/523/640 3335/519/640 3338/522/640
f 3339/523/639 3338/522/639 3340/524/639
f 3339/523/642 3340/524/642 3334/516/642
f 3339/523/641 3334/516/641 3333/515/641
f 3337/521/628 3336/520/628 3341/525/628
f 3337/521/627 3341/525/627 3342/526/627
f 3343/527/630 3344/528/630 3345/529/630
f 3343/527/699 3345/529/699 3346/530/699
f 3344/528/754 3347/531/754 3348/532/754
f 3344/528/737 3348/532/737 3345/529/737
f 3342/526/775 3341/525/775 3348/532/775
f 3342/526/633 3348/532/633 3347/531/633
f 3349/533/690 3360/534/690 3371/517/690
f 3349/533/689 3371/517/689 3350/516/689
f 3351/535/755 3352/522/755 3353/521/755
f 3351/535/687 3353/521/687 3354/536/687
f 3355/537/757 3356/524/757 3352/522/757
f 3355/537/685 3352/522/685 3351/535/685
f 3355/537/684 3349/533/684 3350/516/684
f 3355/537/683 3350/516/683 3356/524/683
f 3354/536/698 3357/538/698 3358/525/698
f 3354/536/697 3358/525/697 3359/520/697
f 3360/539/696 3361/530/696 3362/529/696
f 3360/539/695 3362/529/695 3363/540/695
f 3363/540/694 3362/529/694 3364/532/694
f 3363/540/693 3364/532/693 3365/541/693
f 3357/538/692 3365/541/692 3364/532/692
f 3357/538/691 3364/532/691 3358/525/691
f 3340/524/760 3338/522/760 3352/522/760
f 3340/524/761 3352/522/761 3356/524/761
f 3345/529/762 3348/532/762 3364/532/762
f 3345/529/679 3364/532/679 3362/529/679
f 3339/523/668 3333/515/668 3366/515/668
f 3339/523/668 3366/515/668 3367/523/668
f 3342/526/707 3347/531/707 3368/531/707
f 3342/526/745 3368/531/745 3369/526/745
f 3334/516/764 3340/524/764 3356/524/764
f 3334/516/744 3356/524/744 3350/516/744
f 3333/515/672 3346/518/672 3361/518/672
f 3333/515/672 3361/518/672 3366/515/672
f 3348/532/663 3341/525/663 3358/525/663
f 3348/532/662 3358/525/662 3364/532/662
f 3337/521/766 3342/526/766 3369/526/766
f 3337/521/670 3369/526/670 3353/521/670
f 3343/517/776 3334/516/776 3350/516/776
f 3343/517/669 3350/516/669 3371/517/669
f 3341/525/724 3336/520/724 3359/520/724
f 3341/525/725 3359/520/725 3358/525/725
f 3336/520/777 3335/519/777 3370/519/777
f 3336/520/678 3370/519/678 3359/520/678
f 3344/528/711 3343/527/711 3371/527/711
f 3344/528/711 3371/527/711 3372/528/711
f 3338/522/675 3337/521/675 3353/521/675
f 3338/522/770 3353/521/770 3352/522/770
f 3346/530/674 3345/529/674 3362/529/674
f 3346/530/778 3362/529/778 3361/530/778
f 3335/519/723 3339/523/723 3367/523/723
f 3335/519/723 3367/523/723 3370/519/723
f 3347/531/704 3344/528/704 3372/528/704
f 3347/531/704 3372/528/704 3368/531/704
f 3369/526/650 3368/531/650 3365/541/650
f 3369/526/649 3365/541/649 3357/538/649
f 3372/528/648 3363/540/648 3365/541/648
f 3372/528/647 3365/541/647 3368/531/647
f 3371/527/646 3360/539/646 3363/540/646
f 3371/527/645 3363/540/645 3372/528/645
f 3353/521/644 3369/526/644 3357/538/644
f 3353/521/643 3357/538/643 3354/536/643
f 3367/523/658 3366/515/658 3349/533/658
f 3367/523/779 3349/533/779 3355/537/779
f 3367/523/656 3355/537/656 3351/535/656
f 3367/523/655 3351/535/655 3370/519/655
f 3370/519/654 3351/535/654 3354/536/654
f 3370/519/653 3354/536/653 3359/520/653
f 3366/515/721 3361/518/721 3360/534/721
f 3366/515/651 3360/534/651 3349/533/651
f 3373/515/636 3374/516/636 3383/517/636
f 3373/515/635 3383/517/635 3386/518/635
f 3375/519/701 3376/520/701 3377/521/701
f 3375/519/718 3377/521/718 3378/522/718
f 3379/523/702 3375/519/702 3378/522/702
f 3379/523/639 3378/522/639 3380/524/639
f 3379/523/642 3380/524/642 3374/516/642
f 3379/523/641 3374/516/641 3373/515/641
f 3377/521/628 3376/520/628 3381/525/628
f 3377/521/627 3381/525/627 3382/526/627
f 3383/527/700 3384/528/700 3385/529/700
f 3383/527/699 3385/529/699 3386/530/699
f 3384/528/632 3387/531/632 3388/532/632
f 3384/528/631 3388/532/631 3385/529/631
f 3382/526/634 3381/525/634 3388/532/634
f 3382/526/633 3388/532/633 3387/531/633
f 3389/533/690 3400/534/690 3411/517/690
f 3389/533/689 3411/517/689 3390/516/689
f 3391/535/688 3392/522/688 3393/521/688
f 3391/535/687 3393/521/687 3394/536/687
f 3395/537/686 3396/524/686 3392/522/686
f 3395/537/685 3392/522/685 3391/535/685
f 3395/537/684 3389/533/684 3390/516/684
f 3395/537/683 3390/516/683 3396/524/683
f 3394/536/698 3397/538/698 3398/525/698
f 3394/536/780 3398/525/780 3399/520/780
f 3400/539/696 3401/530/696 3402/529/696
f 3400/539/695 3402/529/695 3403/540/695
f 3403/540/694 3402/529/694 3404/532/694
f 3403/540/717 3404/532/717 3405/541/717
f 3397/538/692 3405/541/692 3404/532/692
f 3397/538/691 3404/532/691 3398/525/691
f 3380/524/781 3378/522/781 3392/522/781
f 3380/524/782 3392/522/782 3396/524/782
f 3385/529/714 3388/532/714 3404/532/714
f 3385/529/680 3404/532/680 3402/529/680
f 3379/523/668 3373/515/668 3406/515/668
f 3379/523/668 3406/515/668 3407/523/668
f 3382/526/745 3387/531/745 3408/531/745
f 3382/526/763 3408/531/763 3409/526/763
f 3374/516/664 3380/524/664 3396/524/664
f 3374/516/744 3396/524/744 3390/516/744
f 3373/515/672 3386/518/672 3401/518/672
f 3373/515/672 3401/518/672 3406/515/672
f 3388/532/765 3381/525/765 3398/525/765
f 3388/532/662 3398/525/662 3404/532/662
f 3377/521/670 3382/526/670 3409/526/670
f 3377/521/727 3409/526/727 3393/521/727
f 3383/517/669 3374/516/669 3390/516/669
f 3383/517/776 3390/516/776 3411/517/776
f 3381/525/725 3376/520/725 3399/520/725
f 3381/525/724 3399/520/724 3398/525/724
f 3376/520/713 3375/519/713 3410/519/713
f 3376/520/713 3410/519/713 3399/520/713
f 3384/528/712 3383/527/712 3411/527/712
f 3384/528/712 3411/527/712 3412/528/712
f 3378/522/747 3377/521/747 3393/521/747
f 3378/522/747 3393/521/747 3392/522/747
f 3386/530/673 3385/529/673 3402/529/673
f 3386/530/673 3402/529/673 3401/530/673
f 3375/519/661 3379/523/661 3407/523/661
f 3375/519/705 3407/523/705 3410/519/705
f 3387/531/704 3384/528/704 3412/528/704
f 3387/531/742 3412/528/742 3408/531/742
f 3409/526/650 3408/531/650 3405/541/650
f 3409/526/649 3405/541/649 3397/538/649
f 3412/528/648 3403/540/648 3405/541/648
f 3412/528/739 3405/541/739 3408/531/739
f 3411/527/646 3400/539/646 3403/540/646
f 3411/527/645 3403/540/645 3412/528/645
f 3393/521/644 3409/526/644 3397/538/644
f 3393/521/643 3397/538/643 3394/536/643
f 3407/523/658 3406/515/658 3389/533/658
f 3407/523/657 3389/533/657 3395/537/657
f 3407/523/656 3395/537/656 3391/535/656
f 3407/523/655 3391/535/655 3410/519/655
f 3410/519/654 3391/535/654 3394/536/654
f 3410/519/783 3394/536/783 3399/520/783
f 3406/515/652 3401/518/652 3400/534/652
f 3406/515/651 3400/534/651 3389/533/651
f 3413/515/636 3414/516/636 3415/517/636
f 3413/515/635 3415/517/635 3416/518/635
f 3417/519/701 3418/520/701 3419/521/701
f 3417/519/718 3419/521/718 3420/522/718
f 3421/523/640 3417/519/640 3420/522/640
f 3421/523/639 3420/522/639 3422/524/639
f 3421/523/642 3422/524/642 3414/516/642
f 3421/523/641 3414/516/641 3413/515/641
f 3419/521/628 3418/520/628 3423/525/628
f 3419/521/627 3423/525/627 3424/526/627
f 3415/527/700 3425/528/700 3426/529/700
f 3415/527/629 3426/529/629 3416/530/629
f 3425/528/632 3427/531/632 3428/532/632
f 3425/528/631 3428/532/631 3426/529/631
f 3424/526/634 3423/525/634 3428/532/634
f 3424/526/633 3428/532/633 3427/531/633
f 3429/533/690 3441/534/690 3430/517/690
f 3429/533/689 3430/517/689 3431/516/689
f 3432/535/688 3433/522/688 3434/521/688
f 3432/535/687 3434/521/687 3435/536/687
f 3436/537/686 3437/524/686 3433/522/686
f 3436/537/685 3433/522/685 3432/535/685
f 3436/537/684 3429/533/684 3431/516/684
f 3436/537/683 3431/516/683 3437/524/683
f 3435/536/698 3438/538/698 3439/525/698
f 3435/536/780 3439/525/780 3440/520/780
f 3441/539/696 3442/530/696 3443/529/696
f 3441/539/695 3443/529/695 3444/540/695
f 3444/540/694 3443/529/694 3445/532/694
f 3444/540/717 3445/532/717 3446/541/717
f 3438/538/734 3446/541/734 3445/532/734
f 3438/538/691 3445/532/691 3439/525/691
f 3422/524/682 3420/522/682 3433/522/682
f 3422/524/681 3433/522/681 3437/524/681
f 3426/529/680 3428/532/680 3445/532/680
f 3426/529/680 3445/532/680 3443/529/680
f 3421/523/709 3413/515/709 3447/515/709
f 3421/523/668 3447/515/668 3448/523/668
f 3424/526/666 3427/531/666 3449/531/666
f 3424/526/666 3449/531/666 3450/526/666
f 3414/516/665 3422/524/665 3437/524/665
f 3414/516/744 3437/524/744 3431/516/744
f 3413/515/729 3416/518/729 3442/518/729
f 3413/515/671 3442/518/671 3447/515/671
f 3428/532/765 3423/525/765 3439/525/765
f 3428/532/663 3439/525/663 3445/532/663
f 3419/521/670 3424/526/670 3450/526/670
f 3419/521/727 3450/526/727 3434/521/727
f 3415/517/669 3414/516/669 3431/516/669
f 3415/517/669 3431/516/669 3430/517/669
f 3423/525/725 3418/520/725 3440/520/725
f 3423/525/724 3440/520/724 3439/525/724
f 3418/520/713 3417/519/713 3451/519/713
f 3418/520/713 3451/519/713 3440/520/713
f 3425/528/711 3415/527/711 3430/527/711
f 3425/528/712 3430/527/712 3452/528/712
f 3420/522/675 3419/521/675 3434/521/675
f 3420/522/731 3434/521/731 3433/522/731
f 3416/530/673 3426/529/673 3443/529/673
f 3416/530/730 3443/529/730 3442/530/730
f 3417/519/705 3421/523/705 3448/523/705
f 3417/519/705 3448/523/705 3451/519/705
f 3427/531/660 3425/528/660 3452/528/660
f 3427/531/784 3452/528/784 3449/531/784
f 3450/526/650 3449/531/650 3446/541/650
f 3450/526/649 3446/541/649 3438/538/649
f 3452/528/648 3444/540/648 3446/541/648
f 3452/528/703 3446/541/703 3449/531/703
f 3430/527/646 3441/539/646 3444/540/646
f 3430/527/645 3444/540/645 3452/528/645
f 3434/521/644 3450/526/644 3438/538/644
f 3434/521/643 3438/538/643 3435/536/643
f 3448/523/658 3447/515/658 3429/533/658
f 3448/523/657 3429/533/657 3436/537/657
f 3448/523/656 3436/537/656 3432/535/656
f 3448/523/655 3432/535/655 3451/519/655
f 3451/519/654 3432/535/654 3435/536/654
f 3451/519/653 3435/536/653 3440/520/653
f 3447/515/721 3442/518/721 3441/534/721
f 3447/515/651 3441/534/651 3429/533/651
f 3458/542/785 3453/543/785 3454/544/785
f 3458/542/786 3454/544/786 3455/545/786
f 3459/546/787 3465/547/787 3485/548/787
f 3459/546/787 3485/548/787 3493/549/787
f 3456/550/788 3459/546/788 3493/549/788
f 3456/550/789 3493/549/789 3496/551/789
f 3456/550/790 3496/551/790 3453/543/790
f 3456/550/791 3453/543/791 3458/542/791
f 3457/552/792 3456/550/792 3458/542/792
f 3457/552/793 3458/542/793 3495/553/793
f 3457/552/794 3492/554/794 3459/546/794
f 3457/552/789 3459/546/789 3456/550/789
f 3492/554/787 3489/555/787 3465/547/787
f 3492/554/787 3465/547/787 3459/546/787
f 3495/553/795 3458/542/795 3455/545/795
f 3495/553/796 3455/545/796 3466/556/796
f 3485/548/797 3465/547/797 3463/557/797
f 3485/548/798 3463/557/798 3460/558/798
f 3454/559/799 3462/560/799 3461/561/799
f 3454/559/799 3461/561/799 3455/562/799
f 3462/560/800 3491/563/800 3464/564/800
f 3462/560/801 3464/564/801 3461/561/801
f 3460/558/802 3463/557/802 3464/564/802
f 3460/558/803 3464/564/803 3491/563/803
f 3465/547/804 3489/555/804 3498/565/804
f 3465/547/805 3498/565/805 3463/557/805
f 3455/562/799 3461/561/799 3483/566/799
f 3455/562/799 3483/566/799 3466/567/799
f 3461/561/800 3464/564/800 3486/568/800
f 3461/561/806 3486/568/806 3483/566/806
f 3463/557/807 3498/565/807 3486/568/807
f 3463/557/808 3486/568/808 3464/564/808
f 3473/542/809 3481/545/809 3467/544/809
f 3473/542/810 3467/544/810 3470/543/810
f 3468/546/811 3497/549/811 3494/548/811
f 3468/546/812 3494/548/812 3474/547/812
f 3469/550/813 3471/551/813 3497/549/813
f 3469/550/814 3497/549/814 3468/546/814
f 3469/550/815 3473/542/815 3470/543/815
f 3469/550/816 3470/543/816 3471/551/816
f 3472/552/817 3488/553/817 3473/542/817
f 3472/552/818 3473/542/818 3469/550/818
f 3472/552/819 3469/550/819 3468/546/819
f 3472/552/820 3468/546/820 3490/554/820
f 3490/554/821 3468/546/821 3474/547/821
f 3490/554/822 3474/547/822 3499/555/822
f 3488/553/823 3482/556/823 3481/545/823
f 3488/553/824 3481/545/824 3473/542/824
f 3494/548/825 3478/558/825 3475/557/825
f 3494/548/826 3475/557/826 3474/547/826
f 3467/559/827 3481/562/827 3476/561/827
f 3467/559/828 3476/561/828 3477/560/828
f 3477/560/829 3476/561/829 3480/564/829
f 3477/560/830 3480/564/830 3479/563/830
f 3478/558/831 3479/563/831 3480/564/831
f 3478/558/832 3480/564/832 3475/557/832
f 3474/547/833 3475/557/833 3500/565/833
f 3474/547/834 3500/565/834 3499/555/834
f 3481/562/835 3482/567/835 3484/566/835
f 3481/562/836 3484/566/836 3476/561/836
f 3476/561/837 3484/566/837 3487/568/837
f 3476/561/838 3487/568/838 3480/564/838
f 3475/557/839 3480/564/839 3487/568/839
f 3475/557/840 3487/568/840 3500/565/840
f 3453/543/841 3496/551/841 3471/551/841
f 3453/543/842 3471/551/842 3470/543/842
f 3466/567/843 3483/566/843 3484/566/843
f 3466/567/844 3484/566/844 3482/567/844
f 3485/548/845 3460/558/845 3478/558/845
f 3485/548/846 3478/558/846 3494/548/846
f 3483/566/847 3486/568/847 3487/568/847
f 3483/566/848 3487/568/848 3484/566/848
f 3462/560/849 3454/559/849 3467/559/849
f 3462/560/850 3467/559/850 3477/560/850
f 3486/568/851 3498/565/851 3500/565/851
f 3486/568/852 3500/565/852 3487/568/852
f 3495/553/853 3466/556/853 3482/556/853
f 3495/553/854 3482/556/854 3488/553/854
f 3491/563/855 3462/560/855 3477/560/855
f 3491/563/856 3477/560/856 3479/563/856
f 3489/555/857 3492/554/857 3490/554/857
f 3489/555/858 3490/554/858 3499/555/858
f 3460/558/859 3491/563/859 3479/563/859
f 3460/558/860 3479/563/860 3478/558/860
f 3454/544/861 3453/543/861 3470/543/861
f 3454/544/862 3470/543/862 3467/544/862
f 3492/554/863 3457/552/863 3472/552/863
f 3492/554/864 3472/552/864 3490/554/864
f 3493/549/865 3485/548/865 3494/548/865
f 3493/549/866 3494/548/866 3497/549/866
f 3457/552/867 3495/553/867 3488/553/867
f 3457/552/868 3488/553/868 3472/552/868
f 3496/551/869 3493/549/869 3497/549/869
f 3496/551/870 3497/549/870 3471/551/870
f 3498/565/871 3489/555/871 3499/555/871
f 3498/565/872 3499/555/872 3500/565/872
f 3510/542/785 3505/543/785 3501/544/785
f 3510/542/786 3501/544/786 3512/545/786
f 3508/546/787 3502/547/787 3535/548/787
f 3508/546/787 3535/548/787 3545/549/787
f 3503/550/788 3508/546/788 3545/549/788
f 3503/550/789 3545/549/789 3504/551/789
f 3503/550/790 3504/551/790 3505/543/790
f 3503/550/791 3505/543/791 3510/542/791
f 3506/552/792 3503/550/792 3510/542/792
f 3506/552/873 3510/542/873 3546/553/873
f 3506/552/794 3507/554/794 3508/546/794
f 3506/552/789 3508/546/789 3503/550/789
f 3507/554/787 3509/555/787 3502/547/787
f 3507/554/787 3502/547/787 3508/546/787
f 3546/553/795 3510/542/795 3512/545/795
f 3546/553/796 3512/545/796 3533/556/796
f 3535/548/797 3502/547/797 3514/557/797
f 3535/548/798 3514/557/798 3540/558/798
f 3501/559/799 3539/560/799 3511/561/799
f 3501/559/799 3511/561/799 3512/562/799
f 3539/560/800 3541/563/800 3513/564/800
f 3539/560/801 3513/564/801 3511/561/801
f 3540/558/802 3514/557/802 3513/564/802
f 3540/558/803 3513/564/803 3541/563/803
f 3502/547/804 3509/555/804 3548/565/804
f 3502/547/805 3548/565/805 3514/557/805
f 3512/562/799 3511/561/799 3537/566/799
f 3512/562/874 3537/566/874 3533/567/874
f 3511/561/800 3513/564/800 3515/568/800
f 3511/561/806 3515/568/806 3537/566/806
f 3514/557/807 3548/565/807 3515/568/807
f 3514/557/808 3515/568/808 3513/564/808
f 3518/542/809 3530/545/809 3526/544/809
f 3518/542/810 3526/544/810 3543/543/810
f 3519/546/811 3547/549/811 3516/548/811
f 3519/546/812 3516/548/812 3521/547/812
f 3517/550/813 3532/551/813 3547/549/813
f 3517/550/814 3547/549/814 3519/546/814
f 3517/550/815 3518/542/815 3543/543/815
f 3517/550/816 3543/543/816 3532/551/816
f 3544/552/817 3523/553/817 3518/542/817
f 3544/552/818 3518/542/818 3517/550/818
f 3544/552/875 3517/550/875 3519/546/875
f 3544/552/820 3519/546/820 3520/554/820
f 3520/554/821 3519/546/821 3521/547/821
f 3520/554/822 3521/547/822 3522/555/822
f 3523/553/823 3524/556/823 3530/545/823
f 3523/553/876 3530/545/876 3518/542/876
f 3516/548/825 3536/558/825 3525/557/825
f 3516/548/826 3525/557/826 3521/547/826
f 3526/559/827 3530/562/827 3531/561/827
f 3526/559/828 3531/561/828 3527/560/828
f 3527/560/829 3531/561/829 3528/564/829
f 3527/560/830 3528/564/830 3542/563/830
f 3536/558/831 3542/563/831 3528/564/831
f 3536/558/832 3528/564/832 3525/557/832
f 3521/547/833 3525/557/833 3529/565/833
f 3521/547/834 3529/565/834 3522/555/834
f 3530/562/835 3524/567/835 3534/566/835
f 3530/562/836 3534/566/836 3531/561/836
f 3531/561/837 3534/566/837 3538/568/837
f 3531/561/877 3538/568/877 3528/564/877
f 3525/557/839 3528/564/839 3538/568/839
f 3525/557/840 3538/568/840 3529/565/840
f 3505/543/841 3504/551/841 3532/551/841
f 3505/543/842 3532/551/842 3543/543/842
f 3533/567/843 3537/566/843 3534/566/843
f 3533/567/844 3534/566/844 3524/567/844
f 3535/548/845 3540/558/845 3536/558/845
f 3535/548/846 3536/558/846 3516/548/846
f 3537/566/847 3515/568/847 3538/568/847
f 3537/566/848 3538/568/848 3534/566/848
f 3539/560/849 3501/559/849 3526/559/849
f 3539/560/878 3526/559/878 3527/560/878
f 3515/568/851 3548/565/851 3529/565/851
f 3515/568/852 3529/565/852 3538/568/852
f 3546/553/853 3533/556/853 3524/556/853
f 3546/553/854 3524/556/854 3523/553/854
f 3541/563/855 3539/560/855 3527/560/855
f 3541/563/879 3527/560/879 3542/563/879
f 3509/555/880 3507/554/880 3520/554/880
f 3509/555/858 3520/554/858 3522/555/858
f 3540/558/881 3541/563/881 3542/563/881
f 3540/558/882 3542/563/882 3536/558/882
f 3501/544/861 3505/543/861 3543/543/861
f 3501/544/862 3543/543/862 3526/544/862
f 3507/554/883 3506/552/883 3544/552/883
f 3507/554/864 3544/552/864 3520/554/864
f 3545/549/865 3535/548/865 3516/548/865
f 3545/549/866 3516/548/866 3547/549/866
f 3506/552/867 3546/553/867 3523/553/867
f 3506/552/868 3523/553/868 3544/552/868
f 3504/551/869 3545/549/869 3547/549/869
f 3504/551/870 3547/549/870 3532/551/870
f 3548/565/871 3509/555/871 3522/555/871
f 3548/565/872 3522/555/872 3529/565/872
f 3549/569/884 3550/570/884 4830/571/884
f 3549/569/884 4830/571/884 3551/572/884
f 3551/572/885 4830/571/885 4834/573/885
f 3551/572/886 4834/573/886 3552/574/886
f 3552/574/887 4834/573/887 4833/575/887
f 3552/574/887 4833/575/887 3553/576/887
f 3553/576/888 4833/575/888 3554/577/888
f 3553/576/888 3554/577/888 3555/578/888
f 3555/579/889 3554/580/889 4832/581/889
f 3555/579/889 4832/581/889 3556/582/889
f 3556/582/890 4832/581/890 4831/583/890
f 3556/582/890 4831/583/890 3557/584/890
f 3557/584/891 4831/583/891 3558/585/891
f 3557/584/891 3558/585/891 3559/586/891
f 3559/586/892 3558/585/892 3550/570/892
f 3559/586/892 3550/570/892 3549/569/892
f 4839/587/893 3560/588/893 3561/589/893
f 4839/587/893 3561/589/893 4835/590/893
f 3560/588/894 3562/591/894 3563/592/894
f 3560/588/895 3563/592/895 3561/589/895
f 3562/591/896 3564/593/896 3565/594/896
f 3562/591/896 3565/594/896 3563/592/896
f 3566/595/897 3567/596/897 3568/597/897
f 3566/595/898 3568/597/898 3569/598/898
f 3567/596/899 3570/599/899 3571/600/899
f 3567/596/899 3571/600/899 3568/597/899
f 3570/599/900 3559/586/900 3549/569/900
f 3570/599/900 3549/569/900 3571/600/900
f 4838/601/901 3572/602/901 3560/588/901
f 4838/601/901 3560/588/901 4839/587/901
f 3572/602/902 3573/603/902 3562/591/902
f 3572/602/903 3562/591/903 3560/588/903
f 3573/603/904 3574/604/904 3564/593/904
f 3573/603/905 3564/593/905 3562/591/905
f 3575/605/906 3576/606/906 3567/596/906
f 3575/605/907 3567/596/907 3566/595/907
f 3576/606/908 3577/607/908 3570/599/908
f 3576/606/909 3570/599/909 3567/596/909
f 3577/607/910 3557/584/910 3559/586/910
f 3577/607/911 3559/586/911 3570/599/911
f 4837/608/912 3578/609/912 3572/602/912
f 4837/608/913 3572/602/913 4838/601/913
f 3578/609/914 3579/610/914 3573/603/914
f 3578/609/915 3573/603/915 3572/602/915
f 3579/610/916 3580/611/916 3574/604/916
f 3579/610/917 3574/604/917 3573/603/917
f 3581/612/918 3582/613/918 3576/606/918
f 3581/612/918 3576/606/918 3575/605/918
f 3582/613/919 3583/614/919 3577/607/919
f 3582/613/920 3577/607/920 3576/606/920
f 3583/614/921 3556/582/921 3557/584/921
f 3583/614/922 3557/584/922 3577/607/922
f 3584/615/923 3585/616/923 3578/609/923
f 3584/615/923 3578/609/923 4837/608/923
f 3585/616/924 3592/617/924 3579/610/924
f 3585/616/925 3579/610/925 3578/609/925
f 3592/617/926 3586/618/926 3580/611/926
f 3592/617/926 3580/611/926 3579/610/926
f 3587/619/927 3588/620/927 3582/613/927
f 3587/619/928 3582/613/928 3581/612/928
f 3588/620/929 3597/621/929 3583/614/929
f 3588/620/929 3583/614/929 3582/613/929
f 3597/621/930 3555/579/930 3556/582/930
f 3597/621/930 3556/582/930 3583/614/930
f 3589/622/931 3590/623/931 3585/624/931
f 3589/622/931 3585/624/931 3584/625/931
f 3590/623/932 3591/626/932 3592/627/932
f 3590/623/933 3592/627/933 3585/624/933
f 3591/626/934 3593/628/934 3586/629/934
f 3591/626/934 3586/629/934 3592/627/934
f 3594/630/935 3595/631/935 3588/632/935
f 3594/630/936 3588/632/936 3587/633/936
f 3595/631/937 3596/634/937 3597/635/937
f 3595/631/937 3597/635/937 3588/632/937
f 3596/634/938 3553/576/938 3555/578/938
f 3596/634/939 3555/578/939 3597/635/939
f 4836/636/940 3598/637/940 3590/623/940
f 4836/636/940 3590/623/940 3589/622/940
f 3598/637/941 3599/638/941 3591/626/941
f 3598/637/942 3591/626/942 3590/623/942
f 3599/638/943 3600/639/943 3593/628/943
f 3599/638/944 3593/628/944 3591/626/944
f 3601/640/945 3602/641/945 3595/631/945
f 3601/640/946 3595/631/946 3594/630/946
f 3602/641/947 3603/642/947 3596/634/947
f 3602/641/947 3596/634/947 3595/631/947
f 3603/642/948 3552/574/948 3553/576/948
f 3603/642/948 3553/576/948 3596/634/948
f 3604/643/949 3605/644/949 3598/637/949
f 3604/643/949 3598/637/949 4836/636/949
f 3605/644/950 3606/645/950 3599/638/950
f 3605/644/951 3599/638/951 3598/637/951
f 3606/645/952 3607/646/952 3600/639/952
f 3606/645/952 3600/639/952 3599/638/952
f 3608/647/953 3609/648/953 3602/641/953
f 3608/647/954 3602/641/954 3601/640/954
f 3609/648/955 3610/649/955 3603/642/955
f 3609/648/956 3603/642/956 3602/641/956
f 3610/649/957 3551/572/957 3552/574/957
f 3610/649/958 3552/574/958 3603/642/958
f 4835/590/959 3561/589/959 3605/644/959
f 4835/590/959 3605/644/959 3604/643/959
f 3561/589/960 3563/592/960 3606/645/960
f 3561/589/961 3606/645/961 3605/644/961
f 3563/592/962 3565/594/962 3607/646/962
f 3563/592/962 3607/646/962 3606/645/962
f 3569/598/963 3568/597/963 3609/648/963
f 3569/598/963 3609/648/963 3608/647/963
f 3568/597/964 3571/600/964 3610/649/964
f 3568/597/964 3610/649/964 3609/648/964
f 3571/600/965 3549/569/965 3551/572/965
f 3571/600/966 3551/572/966 3610/649/966
f 3565/594/967 3569/598/967 3608/647/967
f 3565/594/968 3608/647/968 3607/646/968
f 3607/646/969 3608/647/969 3601/640/969
f 3607/646/970 3601/640/970 3600/639/970
f 3600/639/971 3601/640/971 3594/630/971
f 3600/639/972 3594/630/972 3593/628/972
f 3593/628/973 3594/630/973 3587/633/973
f 3593/628/974 3587/633/974 3586/629/974
f 3586/618/975 3587/619/975 3581/612/975
f 3586/618/976 3581/612/976 3580/611/976
f 3580/611/977 3581/612/977 3575/605/977
f 3580/611/978 3575/605/978 3574/604/978
f 3574/604/979 3575/605/979 3566/595/979
f 3574/604/979 3566/595/979 3564/593/979
f 3564/593/980 3566/595/980 3569/598/980
f 3564/593/981 3569/598/981 3565/594/981
f 3611/569/982 3612/570/982 4840/571/982
f 3611/569/884 4840/571/884 3613/572/884
f 3613/572/886 4840/571/886 4842/573/886
f 3613/572/886 4842/573/886 3614/574/886
f 3614/574/983 4842/573/983 3615/575/983
f 3614/574/887 3615/575/887 3616/576/887
f 3616/576/888 3615/575/888 3617/577/888
f 3616/576/888 3617/577/888 3618/578/888
f 3618/579/889 3617/580/889 4841/581/889
f 3618/579/889 4841/581/889 3619/582/889
f 3619/582/890 4841/581/890 3620/583/890
f 3619/582/984 3620/583/984 3621/584/984
f 3621/584/891 3620/583/891 3622/585/891
f 3621/584/985 3622/585/985 3623/586/985
f 3623/586/892 3622/585/892 3612/570/892
f 3623/586/892 3612/570/892 3611/569/892
f 4845/587/986 3624/588/986 3625/589/986
f 4845/587/893 3625/589/893 4843/590/893
f 3624/588/895 3626/591/895 3627/592/895
f 3624/588/895 3627/592/895 3625/589/895
f 3626/591/896 3628/593/896 3629/594/896
f 3626/591/896 3629/594/896 3627/592/896
f 3630/595/898 3631/596/898 3632/597/898
f 3630/595/897 3632/597/897 3633/598/897
f 3631/596/899 3634/599/899 3635/600/899
f 3631/596/899 3635/600/899 3632/597/899
f 3634/599/987 3623/586/987 3611/569/987
f 3634/599/987 3611/569/987 3635/600/987
f 3636/601/988 3637/602/988 3624/588/988
f 3636/601/901 3624/588/901 4845/587/901
f 3637/602/903 3638/603/903 3626/591/903
f 3637/602/989 3626/591/989 3624/588/989
f 3638/603/904 3639/604/904 3628/593/904
f 3638/603/904 3628/593/904 3626/591/904
f 3640/605/907 3641/606/907 3631/596/907
f 3640/605/907 3631/596/907 3630/595/907
f 3641/606/990 3642/607/990 3634/599/990
f 3641/606/990 3634/599/990 3631/596/990
f 3642/607/910 3621/584/910 3623/586/910
f 3642/607/910 3623/586/910 3634/599/910
f 3643/608/912 3644/609/912 3637/602/912
f 3643/608/913 3637/602/913 3636/601/913
f 3644/609/914 3645/610/914 3638/603/914
f 3644/609/915 3638/603/915 3637/602/915
f 3645/610/917 3646/611/917 3639/604/917
f 3645/610/917 3639/604/917 3638/603/917
f 3647/612/918 3648/613/918 3641/606/918
f 3647/612/991 3641/606/991 3640/605/991
f 3648/613/992 3649/614/992 3642/607/992
f 3648/613/920 3642/607/920 3641/606/920
f 3649/614/993 3619/582/993 3621/584/993
f 3649/614/921 3621/584/921 3642/607/921
f 4844/615/923 3655/616/923 3644/609/923
f 4844/615/923 3644/609/923 3643/608/923
f 3655/616/925 3650/617/925 3645/610/925
f 3655/616/994 3645/610/994 3644/609/994
f 3650/617/926 3658/618/926 3646/611/926
f 3650/617/926 3646/611/926 3645/610/926
f 3651/619/927 3661/620/927 3648/613/927
f 3651/619/928 3648/613/928 3647/612/928
f 3661/620/929 3652/621/929 3649/614/929
f 3661/620/929 3649/614/929 3648/613/929
f 3652/621/995 3618/579/995 3619/582/995
f 3652/621/995 3619/582/995 3649/614/995
f 3653/622/931 3654/623/931 3655/624/931
f 3653/622/931 3655/624/931 4844/625/931
f 3654/623/996 3656/626/996 3650/627/996
f 3654/623/933 3650/627/933 3655/624/933
f 3656/626/934 3657/628/934 3658/629/934
f 3656/626/997 3658/629/997 3650/627/997
f 3659/630/935 3660/631/935 3661/632/935
f 3659/630/935 3661/632/935 3651/633/935
f 3660/631/937 3662/634/937 3652/635/937
f 3660/631/937 3652/635/937 3661/632/937
f 3662/634/998 3616/576/998 3618/578/998
f 3662/634/939 3618/578/939 3652/635/939
f 3663/636/940 3664/637/940 3654/623/940
f 3663/636/999 3654/623/999 3653/622/999
f 3664/637/941 3665/638/941 3656/626/941
f 3664/637/1000 3656/626/1000 3654/623/1000
f 3665/638/943 3666/639/943 3657/628/943
f 3665/638/944 3657/628/944 3656/626/944
f 3667/640/945 3668/641/945 3660/631/945
f 3667/640/945 3660/631/945 3659/630/945
f 3668/641/947 3669/642/947 3662/634/947
f 3668/641/947 3662/634/947 3660/631/947
f 3669/642/1001 3614/574/1001 3616/576/1001
f 3669/642/1002 3616/576/1002 3662/634/1002
f 3670/643/949 3671/644/949 3664/637/949
f 3670/643/1003 3664/637/1003 3663/636/1003
f 3671/644/950 3672/645/950 3665/638/950
f 3671/644/951 3665/638/951 3664/637/951
f 3672/645/952 3673/646/952 3666/639/952
f 3672/645/952 3666/639/952 3665/638/952
f 3674/647/953 3675/648/953 3668/641/953
f 3674/647/953 3668/641/953 3667/640/953
f 3675/648/955 3676/649/955 3669/642/955
f 3675/648/956 3669/642/956 3668/641/956
f 3676/649/1004 3613/572/1004 3614/574/1004
f 3676/649/958 3614/574/958 3669/642/958
f 4843/590/959 3625/589/959 3671/644/959
f 4843/590/959 3671/644/959 3670/643/959
f 3625/589/960 3627/592/960 3672/645/960
f 3625/589/961 3672/645/961 3671/644/961
f 3627/592/962 3629/594/962 3673/646/962
f 3627/592/962 3673/646/962 3672/645/962
f 3633/598/1005 3632/597/1005 3675/648/1005
f 3633/598/1005 3675/648/1005 3674/647/1005
f 3632/597/964 3635/600/964 3676/649/964
f 3632/597/964 3676/649/964 3675/648/964
f 3635/600/966 3611/569/966 3613/572/966
f 3635/600/965 3613/572/965 3676/649/965
f 3629/594/968 3633/598/968 3674/647/968
f 3629/594/967 3674/647/967 3673/646/967
f 3673/646/970 3674/647/970 3667/640/970
f 3673/646/970 3667/640/970 3666/639/970
f 3666/639/972 3667/640/972 3659/630/972
f 3666/639/972 3659/630/972 3657/628/972
f 3657/628/974 3659/630/974 3651/633/974
f 3657/628/974 3651/633/974 3658/629/974
f 3658/618/975 3651/619/975 3647/612/975
f 3658/618/976 3647/612/976 3646/611/976
f 3646/611/978 3647/612/978 3640/605/978
f 3646/611/977 3640/605/977 3639/604/977
f 3639/604/979 3640/605/979 3630/595/979
f 3639/604/1006 3630/595/1006 3628/593/1006
f 3628/593/981 3630/595/981 3633/598/981
f 3628/593/980 3633/598/980 3629/594/980
f 3677/569/1007 3678/570/1007 3679/571/1007
f 3677/569/1008 3679/571/1008 3680/572/1008
f 3680/572/1009 3679/571/1009 4847/573/1009
f 3680/572/1010 4847/573/1010 3681/574/1010
f 3681/574/1011 4847/573/1011 3682/575/1011
f 3681/574/1011 3682/575/1011 3683/576/1011
f 3683/576/1012 3682/575/1012 3685/577/1012
f 3683/576/1012 3685/577/1012 3684/578/1012
f 3684/579/1013 3685/580/1013 3686/581/1013
f 3684/579/1014 3686/581/1014 3687/582/1014
f 3687/582/1015 3686/581/1015 3688/583/1015
f 3687/582/1015 3688/583/1015 3689/584/1015
f 3689/584/1016 3688/583/1016 4846/585/1016
f 3689/584/1016 4846/585/1016 3690/586/1016
f 3690/586/1017 4846/585/1017 3678/570/1017
f 3690/586/1018 3678/570/1018 3677/569/1018
f 4850/587/1019 3691/588/1019 3692/589/1019
f 4850/587/1019 3692/589/1019 3693/590/1019
f 3691/588/1020 3694/591/1020 3695/592/1020
f 3691/588/1021 3695/592/1021 3692/589/1021
f 3694/591/1022 3696/593/1022 3697/594/1022
f 3694/591/1022 3697/594/1022 3695/592/1022
f 3698/595/1023 3699/596/1023 3700/597/1023
f 3698/595/1024 3700/597/1024 3701/598/1024
f 3699/596/1025 3702/599/1025 3703/600/1025
f 3699/596/1025 3703/600/1025 3700/597/1025
f 3702/599/1026 3690/586/1026 3677/569/1026
f 3702/599/1027 3677/569/1027 3703/600/1027
f 3704/601/1028 3705/602/1028 3691/588/1028
f 3704/601/1029 3691/588/1029 4850/587/1029
f 3705/602/1030 3706/603/1030 3694/591/1030
f 3705/602/1031 3694/591/1031 3691/588/1031
f 3706/603/1032 3707/604/1032 3696/593/1032
f 3706/603/1032 3696/593/1032 3694/591/1032
f 3708/605/1033 3709/606/1033 3699/596/1033
f 3708/605/1033 3699/596/1033 3698/595/1033
f 3709/606/1034 3710/607/1034 3702/599/1034
f 3709/606/1035 3702/599/1035 3699/596/1035
f 3710/607/1036 3689/584/1036 3690/586/1036
f 3710/607/1037 3690/586/1037 3702/599/1037
f 4849/608/1038 3711/609/1038 3705/602/1038
f 4849/608/1039 3705/602/1039 3704/601/1039
f 3711/609/1040 3712/610/1040 3706/603/1040
f 3711/609/1041 3706/603/1041 3705/602/1041
f 3712/610/1042 3713/611/1042 3707/604/1042
f 3712/610/1042 3707/604/1042 3706/603/1042
f 3714/612/1043 3715/613/1043 3709/606/1043
f 3714/612/1044 3709/606/1044 3708/605/1044
f 3715/613/1045 3716/614/1045 3710/607/1045
f 3715/613/1045 3710/607/1045 3709/606/1045
f 3716/614/1046 3687/582/1046 3689/584/1046
f 3716/614/1047 3689/584/1047 3710/607/1047
f 3717/615/1048 3723/616/1048 3711/609/1048
f 3717/615/1048 3711/609/1048 4849/608/1048
f 3723/616/1049 3718/617/1049 3712/610/1049
f 3723/616/1050 3712/610/1050 3711/609/1050
f 3718/617/1051 3726/618/1051 3713/611/1051
f 3718/617/1051 3713/611/1051 3712/610/1051
f 3729/619/1052 3719/620/1052 3715/613/1052
f 3729/619/1052 3715/613/1052 3714/612/1052
f 3719/620/1053 3720/621/1053 3716/614/1053
f 3719/620/1053 3716/614/1053 3715/613/1053
f 3720/621/1054 3684/579/1054 3687/582/1054
f 3720/621/1055 3687/582/1055 3716/614/1055
f 3721/622/1056 3722/623/1056 3723/624/1056
f 3721/622/1056 3723/624/1056 3717/625/1056
f 3722/623/1057 3724/626/1057 3718/627/1057
f 3722/623/1058 3718/627/1058 3723/624/1058
f 3724/626/1059 3725/628/1059 3726/629/1059
f 3724/626/1059 3726/629/1059 3718/627/1059
f 3727/630/1060 3728/631/1060 3719/632/1060
f 3727/630/1061 3719/632/1061 3729/633/1061
f 3728/631/1062 3730/634/1062 3720/635/1062
f 3728/631/1062 3720/635/1062 3719/632/1062
f 3730/634/1063 3683/576/1063 3684/578/1063
f 3730/634/1064 3684/578/1064 3720/635/1064
f 4848/636/1065 3731/637/1065 3722/623/1065
f 4848/636/1066 3722/623/1066 3721/622/1066
f 3731/637/1067 3732/638/1067 3724/626/1067
f 3731/637/1068 3724/626/1068 3722/623/1068
f 3732/638/1069 3733/639/1069 3725/628/1069
f 3732/638/1070 3725/628/1070 3724/626/1070
f 3734/640/1071 3735/641/1071 3728/631/1071
f 3734/640/1072 3728/631/1072 3727/630/1072
f 3735/641/1073 3736/642/1073 3730/634/1073
f 3735/641/1074 3730/634/1074 3728/631/1074
f 3736/642/1075 3681/574/1075 3683/576/1075
f 3736/642/1076 3683/576/1076 3730/634/1076
f 3737/643/1077 3738/644/1077 3731/637/1077
f 3737/643/1078 3731/637/1078 4848/636/1078
f 3738/644/1079 3739/645/1079 3732/638/1079
f 3738/644/1080 3732/638/1080 3731/637/1080
f 3739/645/1081 3740/646/1081 3733/639/1081
f 3739/645/1082 3733/639/1082 3732/638/1082
f 3741/647/1083 3742/648/1083 3735/641/1083
f 3741/647/1083 3735/641/1083 3734/640/1083
f 3742/648/1084 3743/649/1084 3736/642/1084
f 3742/648/1085 3736/642/1085 3735/641/1085
f 3743/649/1086 3680/572/1086 3681/574/1086
f 3743/649/1087 3681/574/1087 3736/642/1087
f 3693/590/1088 3692/589/1088 3738/644/1088
f 3693/590/1088 3738/644/1088 3737/643/1088
f 3692/589/1089 3695/592/1089 3739/645/1089
f 3692/589/1090 3739/645/1090 3738/644/1090
f 3695/592/1091 3697/594/1091 3740/646/1091
f 3695/592/1091 3740/646/1091 3739/645/1091
f 3701/598/1092 3700/597/1092 3742/648/1092
f 3701/598/1092 3742/648/1092 3741/647/1092
f 3700/597/1093 3703/600/1093 3743/649/1093
f 3700/597/1093 3743/649/1093 3742/648/1093
f 3703/600/1094 3677/569/1094 3680/572/1094
f 3703/600/1095 3680/572/1095 3743/649/1095
f 3697/594/1096 3701/598/1096 3741/647/1096
f 3697/594/1097 3741/647/1097 3740/646/1097
f 3740/646/1098 3741/647/1098 3734/640/1098
f 3740/646/1099 3734/640/1099 3733/639/1099
f 3733/639/1100 3734/640/1100 3727/630/1100
f 3733/639/1101 3727/630/1101 3725/628/1101
f 3725/628/1102 3727/630/1102 3729/633/1102
f 3725/628/1103 3729/633/1103 3726/629/1103
f 3726/618/1104 3729/619/1104 3714/612/1104
f 3726/618/1105 3714/612/1105 3713/611/1105
f 3713/611/1106 3714/612/1106 3708/605/1106
f 3713/611/1107 3708/605/1107 3707/604/1107
f 3707/604/1108 3708/605/1108 3698/595/1108
f 3707/604/1109 3698/595/1109 3696/593/1109
f 3696/593/1110 3698/595/1110 3701/598/1110
f 3696/593/1111 3701/598/1111 3697/594/1111
f 3744/569/1112 3745/570/1112 4851/571/1112
f 3744/569/1113 4851/571/1113 3746/572/1113
f 3746/572/1114 4851/571/1114 4856/573/1114
f 3746/572/1114 4856/573/1114 3747/574/1114
f 3747/574/1115 4856/573/1115 3748/575/1115
f 3747/574/1116 3748/575/1116 3749/576/1116
f 3749/576/1117 3748/575/1117 4855/577/1117
f 3749/576/1118 4855/577/1118 3750/578/1118
f 3750/579/1119 4855/580/1119 4854/581/1119
f 3750/579/1120 4854/581/1120 3751/582/1120
f 3751/582/1121 4854/581/1121 4853/583/1121
f 3751/582/1121 4853/583/1121 3752/584/1121
f 3752/584/1122 4853/583/1122 4852/585/1122
f 3752/584/1122 4852/585/1122 3753/586/1122
f 3753/586/1123 4852/585/1123 3745/570/1123
f 3753/586/1124 3745/570/1124 3744/569/1124
f 4862/587/1125 3754/588/1125 3755/589/1125
f 4862/587/1125 3755/589/1125 3756/590/1125
f 3754/588/1126 3757/591/1126 3758/592/1126
f 3754/588/1127 3758/592/1127 3755/589/1127
f 3757/591/1128 3759/593/1128 3760/594/1128
f 3757/591/1128 3760/594/1128 3758/592/1128
f 3761/595/1129 3762/596/1129 3763/597/1129
f 3761/595/1129 3763/597/1129 3764/598/1129
f 3762/596/1130 3765/599/1130 3766/600/1130
f 3762/596/1130 3766/600/1130 3763/597/1130
f 3765/599/1131 3753/586/1131 3744/569/1131
f 3765/599/1132 3744/569/1132 3766/600/1132
f 4861/601/1133 3767/602/1133 3754/588/1133
f 4861/601/1133 3754/588/1133 4862/587/1133
f 3767/602/1134 3768/603/1134 3757/591/1134
f 3767/602/1135 3757/591/1135 3754/588/1135
f 3768/603/1136 3769/604/1136 3759/593/1136
f 3768/603/1136 3759/593/1136 3757/591/1136
f 3770/605/1137 3771/606/1137 3762/596/1137
f 3770/605/1137 3762/596/1137 3761/595/1137
f 3771/606/1138 3772/607/1138 3765/599/1138
f 3771/606/1138 3765/599/1138 3762/596/1138
f 3772/607/1139 3752/584/1139 3753/586/1139
f 3772/607/1140 3753/586/1140 3765/599/1140
f 4860/608/1141 3773/609/1141 3767/602/1141
f 4860/608/1141 3767/602/1141 4861/601/1141
f 3773/609/1142 3774/610/1142 3768/603/1142
f 3773/609/1143 3768/603/1143 3767/602/1143
f 3774/610/1144 3775/611/1144 3769/604/1144
f 3774/610/1144 3769/604/1144 3768/603/1144
f 3776/612/1145 3777/613/1145 3771/606/1145
f 3776/612/1146 3771/606/1146 3770/605/1146
f 3777/613/1147 3778/614/1147 3772/607/1147
f 3777/613/1148 3772/607/1148 3771/606/1148
f 3778/614/1149 3751/582/1149 3752/584/1149
f 3778/614/1150 3752/584/1150 3772/607/1150
f 4859/615/1151 3779/616/1151 3773/609/1151
f 4859/615/1151 3773/609/1151 4860/608/1151
f 3779/616/1152 3780/617/1152 3774/610/1152
f 3779/616/1153 3774/610/1153 3773/609/1153
f 3780/617/1154 3786/618/1154 3775/611/1154
f 3780/617/1154 3775/611/1154 3774/610/1154
f 3781/619/1155 3782/620/1155 3777/613/1155
f 3781/619/1155 3777/613/1155 3776/612/1155
f 3782/620/1156 3790/621/1156 3778/614/1156
f 3782/620/1157 3778/614/1157 3777/613/1157
f 3790/621/1158 3750/579/1158 3751/582/1158
f 3790/621/1159 3751/582/1159 3778/614/1159
f 4858/622/1160 3783/623/1160 3779/624/1160
f 4858/622/1161 3779/624/1161 4859/625/1161
f 3783/623/1162 3784/626/1162 3780/627/1162
f 3783/623/1163 3780/627/1163 3779/624/1163
f 3784/626/1164 3785/628/1164 3786/629/1164
f 3784/626/1164 3786/629/1164 3780/627/1164
f 3787/630/1165 3788/631/1165 3782/632/1165
f 3787/630/1165 3782/632/1165 3781/633/1165
f 3788/631/1166 3789/634/1166 3790/635/1166
f 3788/631/1166 3790/635/1166 3782/632/1166
f 3789/634/1167 3749/576/1167 3750/578/1167
f 3789/634/1168 3750/578/1168 3790/635/1168
f 4857/636/1169 3791/637/1169 3783/623/1169
f 4857/636/1170 3783/623/1170 4858/622/1170
f 3791/637/1171 3792/638/1171 3784/626/1171
f 3791/637/1172 3784/626/1172 3783/623/1172
f 3792/638/1173 3793/639/1173 3785/628/1173
f 3792/638/1173 3785/628/1173 3784/626/1173
f 3794/640/1174 3795/641/1174 3788/631/1174
f 3794/640/1174 3788/631/1174 3787/630/1174
f 3795/641/1175 3796/642/1175 3789/634/1175
f 3795/641/1176 3789/634/1176 3788/631/1176
f 3796/642/1177 3747/574/1177 3749/576/1177
f 3796/642/1178 3749/576/1178 3789/634/1178
f 3797/643/1179 3798/644/1179 3791/637/1179
f 3797/643/1179 3791/637/1179 4857/636/1179
f 3798/644/1180 3799/645/1180 3792/638/1180
f 3798/644/1181 3792/638/1181 3791/637/1181
f 3799/645/1182 3800/646/1182 3793/639/1182
f 3799/645/1182 3793/639/1182 3792/638/1182
f 3801/647/1183 3802/648/1183 3795/641/1183
f 3801/647/1184 3795/641/1184 3794/640/1184
f 3802/648/1185 3803/649/1185 3796/642/1185
f 3802/648/1186 3796/642/1186 3795/641/1186
f 3803/649/1187 3746/572/1187 3747/574/1187
f 3803/649/1188 3747/574/1188 3796/642/1188
f 3756/590/1189 3755/589/1189 3798/644/1189
f 3756/590/1189 3798/644/1189 3797/643/1189
f 3755/589/1190 3758/592/1190 3799/645/1190
f 3755/589/1191 3799/645/1191 3798/644/1191
f 3758/592/1192 3760/594/1192 3800/646/1192
f 3758/592/1192 3800/646/1192 3799/645/1192
f 3764/598/1193 3763/597/1193 3802/648/1193
f 3764/598/1193 3802/648/1193 3801/647/1193
f 3763/597/1194 3766/600/1194 3803/649/1194
f 3763/597/1194 3803/649/1194 3802/648/1194
f 3766/600/1195 3744/569/1195 3746/572/1195
f 3766/600/1196 3746/572/1196 3803/649/1196
f 3760/594/1197 3764/598/1197 3801/647/1197
f 3760/594/1198 3801/647/1198 3800/646/1198
f 3800/646/1199 3801/647/1199 3794/640/1199
f 3800/646/1200 3794/640/1200 3793/639/1200
f 3793/639/1201 3794/640/1201 3787/630/1201
f 3793/639/1202 3787/630/1202 3785/628/1202
f 3785/628/1203 3787/630/1203 3781/633/1203
f 3785/628/1204 3781/633/1204 3786/629/1204
f 3786/618/1205 3781/619/1205 3776/612/1205
f 3786/618/1206 3776/612/1206 3775/611/1206
f 3775/611/1207 3776/612/1207 3770/605/1207
f 3775/611/1208 3770/605/1208 3769/604/1208
f 3769/604/1209 3770/605/1209 3761/595/1209
f 3769/604/1210 3761/595/1210 3759/593/1210
f 3759/593/1211 3761/595/1211 3764/598/1211
f 3759/593/1212 3764/598/1212 3760/594/1212
f 3804/569/1213 3805/570/1213 4863/571/1213
f 3804/569/1214 4863/571/1214 3806/572/1214
f 3806/572/1215 4863/571/1215 4867/573/1215
f 3806/572/1215 4867/573/1215 3807/574/1215
f 3807/574/1216 4867/573/1216 4866/575/1216
f 3807/574/1217 4866/575/1217 3808/576/1217
f 3808/576/1218 4866/575/1218 3809/577/1218
f 3808/576/1218 3809/577/1218 3810/578/1218
f 3810/579/1219 3809/580/1219 4865/581/1219
f 3810/579/1219 4865/581/1219 3811/582/1219
f 3811/582/1220 4865/581/1220 3812/583/1220
f 3811/582/1221 3812/583/1221 3813/584/1221
f 3813/584/1222 3812/583/1222 4864/585/1222
f 3813/584/1222 4864/585/1222 3814/586/1222
f 3814/586/1223 4864/585/1223 3805/570/1223
f 3814/586/1224 3805/570/1224 3804/569/1224
f 3815/587/1225 3816/588/1225 3817/589/1225
f 3815/587/1226 3817/589/1226 4868/590/1226
f 3816/588/1227 3818/591/1227 3819/592/1227
f 3816/588/1228 3819/592/1228 3817/589/1228
f 3818/591/1229 3820/593/1229 3821/594/1229
f 3818/591/1229 3821/594/1229 3819/592/1229
f 3822/595/1230 3823/596/1230 3824/597/1230
f 3822/595/1230 3824/597/1230 3825/598/1230
f 3823/596/1231 3826/599/1231 3827/600/1231
f 3823/596/1231 3827/600/1231 3824/597/1231
f 3826/599/1232 3814/586/1232 3804/569/1232
f 3826/599/1233 3804/569/1233 3827/600/1233
f 3828/601/1234 3829/602/1234 3816/588/1234
f 3828/601/1234 3816/588/1234 3815/587/1234
f 3829/602/1235 3830/603/1235 3818/591/1235
f 3829/602/1236 3818/591/1236 3816/588/1236
f 3830/603/1237 3831/604/1237 3820/593/1237
f 3830/603/1237 3820/593/1237 3818/591/1237
f 3832/605/1238 3833/606/1238 3823/596/1238
f 3832/605/1238 3823/596/1238 3822/595/1238
f 3833/606/1239 3834/607/1239 3826/599/1239
f 3833/606/1240 3826/599/1240 3823/596/1240
f 3834/607/1241 3813/584/1241 3814/586/1241
f 3834/607/1242 3814/586/1242 3826/599/1242
f 3835/608/1243 3836/609/1243 3829/602/1243
f 3835/608/1244 3829/602/1244 3828/601/1244
f 3836/609/1245 3837/610/1245 3830/603/1245
f 3836/609/1246 3830/603/1246 3829/602/1246
f 3837/610/1247 3838/611/1247 3831/604/1247
f 3837/610/1247 3831/604/1247 3830/603/1247
f 3839/612/1248 3840/613/1248 3833/606/1248
f 3839/612/1249 3833/606/1249 3832/605/1249
f 3840/613/1250 3841/614/1250 3834/607/1250
f 3840/613/1250 3834/607/1250 3833/606/1250
f 3841/614/1251 3811/582/1251 3813/584/1251
f 3841/614/1252 3813/584/1252 3834/607/1252
f 3842/615/1253 3843/616/1253 3836/609/1253
f 3842/615/1254 3836/609/1254 3835/608/1254
f 3843/616/1255 3844/617/1255 3837/610/1255
f 3843/616/1256 3837/610/1256 3836/609/1256
f 3844/617/1257 3845/618/1257 3838/611/1257
f 3844/617/1258 3838/611/1258 3837/610/1258
f 3846/619/1259 3853/620/1259 3840/613/1259
f 3846/619/1259 3840/613/1259 3839/612/1259
f 3853/620/1260 3847/621/1260 3841/614/1260
f 3853/620/1260 3841/614/1260 3840/613/1260
f 3847/621/1261 3810/579/1261 3811/582/1261
f 3847/621/1262 3811/582/1262 3841/614/1262
f 4871/622/1263 3848/623/1263 3843/624/1263
f 4871/622/1263 3843/624/1263 3842/625/1263
f 3848/623/1264 3849/626/1264 3844/627/1264
f 3848/623/1265 3844/627/1265 3843/624/1265
f 3849/626/1266 3850/628/1266 3845/629/1266
f 3849/626/1266 3845/629/1266 3844/627/1266
f 3851/630/1267 3852/631/1267 3853/632/1267
f 3851/630/1267 3853/632/1267 3846/633/1267
f 3852/631/1268 3854/634/1268 3847/635/1268
f 3852/631/1268 3847/635/1268 3853/632/1268
f 3854/634/1269 3808/576/1269 3810/578/1269
f 3854/634/1270 3810/578/1270 3847/635/1270
f 4870/636/1271 3855/637/1271 3848/623/1271
f 4870/636/1271 3848/623/1271 4871/622/1271
f 3855/637/1272 3856/638/1272 3849/626/1272
f 3855/637/1273 3849/626/1273 3848/623/1273
f 3856/638/1274 3857/639/1274 3850/628/1274
f 3856/638/1274 3850/628/1274 3849/626/1274
f 3858/640/1275 3859/641/1275 3852/631/1275
f 3858/640/1275 3852/631/1275 3851/630/1275
f 3859/641/1276 3860/642/1276 3854/634/1276
f 3859/641/1276 3854/634/1276 3852/631/1276
f 3860/642/1277 3807/574/1277 3808/576/1277
f 3860/642/1278 3808/576/1278 3854/634/1278
f 4869/643/1279 3861/644/1279 3855/637/1279
f 4869/643/1280 3855/637/1280 4870/636/1280
f 3861/644/1281 3862/645/1281 3856/638/1281
f 3861/644/1282 3856/638/1282 3855/637/1282
f 3862/645/1283 3863/646/1283 3857/639/1283
f 3862/645/1283 3857/639/1283 3856/638/1283
f 3864/647/1284 3865/648/1284 3859/641/1284
f 3864/647/1285 3859/641/1285 3858/640/1285
f 3865/648/1286 3866/649/1286 3860/642/1286
f 3865/648/1287 3860/642/1287 3859/641/1287
f 3866/649/1288 3806/572/1288 3807/574/1288
f 3866/649/1289 3807/574/1289 3860/642/1289
f 4868/590/1290 3817/589/1290 3861/644/1290
f 4868/590/1290 3861/644/1290 4869/643/1290
f 3817/589/1291 3819/592/1291 3862/645/1291
f 3817/589/1292 3862/645/1292 3861/644/1292
f 3819/592/1293 3821/594/1293 3863/646/1293
f 3819/592/1294 3863/646/1294 3862/645/1294
f 3825/598/1295 3824/597/1295 3865/648/1295
f 3825/598/1295 3865/648/1295 3864/647/1295
f 3824/597/1296 3827/600/1296 3866/649/1296
f 3824/597/1297 3866/649/1297 3865/648/1297
f 3827/600/1298 3804/569/1298 3806/572/1298
f 3827/600/1299 3806/572/1299 3866/649/1299
f 3821/594/1300 3825/598/1300 3864/647/1300
f 3821/594/1301 3864/647/1301 3863/646/1301
f 3863/646/1302 3864/647/1302 3858/640/1302
f 3863/646/1303 3858/640/1303 3857/639/1303
f 3857/639/1304 3858/640/1304 3851/630/1304
f 3857/639/1305 3851/630/1305 3850/628/1305
f 3850/628/1306 3851/630/1306 3846/633/1306
f 3850/628/1307 3846/633/1307 3845/629/1307
f 3845/618/1308 3846/619/1308 3839/612/1308
f 3845/618/1309 3839/612/1309 3838/611/1309
f 3838/611/1310 3839/612/1310 3832/605/1310
f 3838/611/1311 3832/605/1311 3831/604/1311
f 3831/604/1312 3832/605/1312 3822/595/1312
f 3831/604/1313 3822/595/1313 3820/593/1313
f 3820/593/1314 3822/595/1314 3825/598/1314
f 3820/593/1315 3825/598/1315 3821/594/1315
f 3867/569/1316 3868/570/1316 4872/571/1316
f 3867/569/1316 4872/571/1316 3869/572/1316
f 3869/572/1317 4872/571/1317 3870/573/1317
f 3869/572/1318 3870/573/1318 3871/574/1318
f 3871/574/1319 3870/573/1319 4873/575/1319
f 3871/574/1320 4873/575/1320 3872/576/1320
f 3872/576/1321 4873/575/1321 3873/577/1321
f 3872/576/1322 3873/577/1322 3874/578/1322
f 3874/579/1323 3873/580/1323 3875/581/1323
f 3874/579/1323 3875/581/1323 3876/582/1323
f 3876/582/1324 3875/581/1324 3877/583/1324
f 3876/582/1325 3877/583/1325 3878/584/1325
f 3878/584/1326 3877/583/1326 3879/585/1326
f 3878/584/1327 3879/585/1327 3880/586/1327
f 3880/586/1328 3879/585/1328 3868/570/1328
f 3880/586/1328 3868/570/1328 3867/569/1328
f 4876/587/1329 3881/588/1329 3882/589/1329
f 4876/587/1329 3882/589/1329 4874/590/1329
f 3881/588/1330 3883/591/1330 3884/592/1330
f 3881/588/1331 3884/592/1331 3882/589/1331
f 3883/591/1332 3885/593/1332 3886/594/1332
f 3883/591/1332 3886/594/1332 3884/592/1332
f 3887/595/1333 3888/596/1333 3889/597/1333
f 3887/595/1334 3889/597/1334 3890/598/1334
f 3888/596/1335 3891/599/1335 3892/600/1335
f 3888/596/1335 3892/600/1335 3889/597/1335
f 3891/599/1336 3880/586/1336 3867/569/1336
f 3891/599/1337 3867/569/1337 3892/600/1337
f 4875/601/1338 3893/602/1338 3881/588/1338
f 4875/601/1338 3881/588/1338 4876/587/1338
f 3893/602/1339 3894/603/1339 3883/591/1339
f 3893/602/1340 3883/591/1340 3881/588/1340
f 3894/603/1341 3895/604/1341 3885/593/1341
f 3894/603/1342 3885/593/1342 3883/591/1342
f 3896/605/1343 3897/606/1343 3888/596/1343
f 3896/605/1344 3888/596/1344 3887/595/1344
f 3897/606/1345 3898/607/1345 3891/599/1345
f 3897/606/1345 3891/599/1345 3888/596/1345
f 3898/607/1346 3878/584/1346 3880/586/1346
f 3898/607/1347 3880/586/1347 3891/599/1347
f 3899/608/1348 3900/609/1348 3893/602/1348
f 3899/608/1349 3893/602/1349 4875/601/1349
f 3900/609/1350 3901/610/1350 3894/603/1350
f 3900/609/1351 3894/603/1351 3893/602/1351
f 3901/610/1352 3902/611/1352 3895/604/1352
f 3901/610/1352 3895/604/1352 3894/603/1352
f 3903/612/1353 3904/613/1353 3897/606/1353
f 3903/612/1353 3897/606/1353 3896/605/1353
f 3904/613/1354 3905/614/1354 3898/607/1354
f 3904/613/1355 3898/607/1355 3897/606/1355
f 3905/614/1356 3876/582/1356 3878/584/1356
f 3905/614/1357 3878/584/1357 3898/607/1357
f 3912/615/1358 3911/616/1358 3900/609/1358
f 3912/615/1359 3900/609/1359 3899/608/1359
f 3911/616/1360 3906/617/1360 3901/610/1360
f 3911/616/1361 3901/610/1361 3900/609/1361
f 3906/617/1362 3915/618/1362 3902/611/1362
f 3906/617/1362 3902/611/1362 3901/610/1362
f 3907/619/1363 3918/620/1363 3904/613/1363
f 3907/619/1363 3904/613/1363 3903/612/1363
f 3918/620/1364 3908/621/1364 3905/614/1364
f 3918/620/1364 3905/614/1364 3904/613/1364
f 3908/621/1365 3874/579/1365 3876/582/1365
f 3908/621/1366 3876/582/1366 3905/614/1366
f 3909/622/1367 3910/623/1367 3911/624/1367
f 3909/622/1368 3911/624/1368 3912/625/1368
f 3910/623/1369 3913/626/1369 3906/627/1369
f 3910/623/1370 3906/627/1370 3911/624/1370
f 3913/626/1371 3914/628/1371 3915/629/1371
f 3913/626/1371 3915/629/1371 3906/627/1371
f 3916/630/1372 3917/631/1372 3918/632/1372
f 3916/630/1372 3918/632/1372 3907/633/1372
f 3917/631/1373 3919/634/1373 3908/635/1373
f 3917/631/1374 3908/635/1374 3918/632/1374
f 3919/634/1375 3872/576/1375 3874/578/1375
f 3919/634/1376 3874/578/1376 3908/635/1376
f 3920/636/1377 3921/637/1377 3910/623/1377
f 3920/636/1377 3910/623/1377 3909/622/1377
f 3921/637/1378 3922/638/1378 3913/626/1378
f 3921/637/1379 3913/626/1379 3910/623/1379
f 3922/638/1380 3923/639/1380 3914/628/1380
f 3922/638/1380 3914/628/1380 3913/626/1380
f 3924/640/1381 3925/641/1381 3917/631/1381
f 3924/640/1382 3917/631/1382 3916/630/1382
f 3925/641/1383 3926/642/1383 3919/634/1383
f 3925/641/1384 3919/634/1384 3917/631/1384
f 3926/642/1385 3871/574/1385 3872/576/1385
f 3926/642/1386 3872/576/1386 3919/634/1386
f 3927/643/1387 3928/644/1387 3921/637/1387
f 3927/643/1388 3921/637/1388 3920/636/1388
f 3928/644/1389 3929/645/1389 3922/638/1389
f 3928/644/1390 3922/638/1390 3921/637/1390
f 3929/645/1391 3930/646/1391 3923/639/1391
f 3929/645/1391 3923/639/1391 3922/638/1391
f 3931/647/1392 3932/648/1392 3925/641/1392
f 3931/647/1393 3925/641/1393 3924/640/1393
f 3932/648/1394 3933/649/1394 3926/642/1394
f 3932/648/1395 3926/642/1395 3925/641/1395
f 3933/649/1396 3869/572/1396 3871/574/1396
f 3933/649/1397 3871/574/1397 3926/642/1397
f 4874/590/1398 3882/589/1398 3928/644/1398
f 4874/590/1399 3928/644/1399 3927/643/1399
f 3882/589/1400 3884/592/1400 3929/645/1400
f 3882/589/1401 3929/645/1401 3928/644/1401
f 3884/592/1402 3886/594/1402 3930/646/1402
f 3884/592/1403 3930/646/1403 3929/645/1403
f 3890/598/1404 3889/597/1404 3932/648/1404
f 3890/598/1404 3932/648/1404 3931/647/1404
f 3889/597/1405 3892/600/1405 3933/649/1405
f 3889/597/1406 3933/649/1406 3932/648/1406
f 3892/600/1407 3867/569/1407 3869/572/1407
f 3892/600/1408 3869/572/1408 3933/649/1408
f 3886/594/1409 3890/598/1409 3931/647/1409
f 3886/594/1410 3931/647/1410 3930/646/1410
f 3930/646/1411 3931/647/1411 3924/640/1411
f 3930/646/1412 3924/640/1412 3923/639/1412
f 3923/639/1413 3924/640/1413 3916/630/1413
f 3923/639/1414 3916/630/1414 3914/628/1414
f 3914/628/1415 3916/630/1415 3907/633/1415
f 3914/628/1416 3907/633/1416 3915/629/1416
f 3915/618/1417 3907/619/1417 3903/612/1417
f 3915/618/1418 3903/612/1418 3902/611/1418
f 3902/611/1419 3903/612/1419 3896/605/1419
f 3902/611/1420 3896/605/1420 3895/604/1420
f 3895/604/1421 3896/605/1421 3887/595/1421
f 3895/604/1422 3887/595/1422 3885/593/1422
f 3885/593/1423 3887/595/1423 3890/598/1423
f 3885/593/1424 3890/598/1424 3886/594/1424
f 3934/569/1425 4878/570/1425 4877/571/1425
f 3934/569/1425 4877/571/1425 3935/572/1425
f 3935/572/1426 4877/571/1426 3936/573/1426
f 3935/572/1426 3936/573/1426 3937/574/1426
f 3937/574/1427 3936/573/1427 3938/575/1427
f 3937/574/1427 3938/575/1427 3939/576/1427
f 3939/576/1428 3938/575/1428 4880/577/1428
f 3939/576/1429 4880/577/1429 3940/578/1429
f 3940/579/1430 4880/580/1430 3941/581/1430
f 3940/579/1430 3941/581/1430 3942/582/1430
f 3942/582/1431 3941/581/1431 4879/583/1431
f 3942/582/1431 4879/583/1431 3943/584/1431
f 3943/584/1432 4879/583/1432 3944/585/1432
f 3943/584/1432 3944/585/1432 3945/586/1432
f 3945/586/1433 3944/585/1433 4878/570/1433
f 3945/586/1433 4878/570/1433 3934/569/1433
f 4885/587/1434 3946/588/1434 3947/589/1434
f 4885/587/1434 3947/589/1434 3948/590/1434
f 3946/588/1435 3949/591/1435 3950/592/1435
f 3946/588/1435 3950/592/1435 3947/589/1435
f 3949/591/1436 3951/593/1436 3952/594/1436
f 3949/591/1436 3952/594/1436 3950/592/1436
f 3953/595/1437 3954/596/1437 3955/597/1437
f 3953/595/1437 3955/597/1437 3956/598/1437
f 3954/596/1438 3957/599/1438 3958/600/1438
f 3954/596/1439 3958/600/1439 3955/597/1439
f 3957/599/1440 3945/586/1440 3934/569/1440
f 3957/599/1440 3934/569/1440 3958/600/1440
f 4884/601/1441 3959/602/1441 3946/588/1441
f 4884/601/1441 3946/588/1441 4885/587/1441
f 3959/602/1442 3960/603/1442 3949/591/1442
f 3959/602/1443 3949/591/1443 3946/588/1443
f 3960/603/1444 3961/604/1444 3951/593/1444
f 3960/603/1444 3951/593/1444 3949/591/1444
f 3962/605/1445 3963/606/1445 3954/596/1445
f 3962/605/1446 3954/596/1446 3953/595/1446
f 3963/606/1447 3964/607/1447 3957/599/1447
f 3963/606/1448 3957/599/1448 3954/596/1448
f 3964/607/1449 3943/584/1449 3945/586/1449
f 3964/607/1450 3945/586/1450 3957/599/1450
f 4883/608/1451 3965/609/1451 3959/602/1451
f 4883/608/1452 3959/602/1452 4884/601/1452
f 3965/609/1453 3966/610/1453 3960/603/1453
f 3965/609/1453 3960/603/1453 3959/602/1453
f 3966/610/1454 3967/611/1454 3961/604/1454
f 3966/610/1454 3961/604/1454 3960/603/1454
f 3968/612/1455 3969/613/1455 3963/606/1455
f 3968/612/1455 3963/606/1455 3962/605/1455
f 3969/613/1456 3970/614/1456 3964/607/1456
f 3969/613/1456 3964/607/1456 3963/606/1456
f 3970/614/1457 3942/582/1457 3943/584/1457
f 3970/614/1458 3943/584/1458 3964/607/1458
f 4882/615/1459 3975/616/1459 3965/609/1459
f 4882/615/1460 3965/609/1460 4883/608/1460
f 3975/616/1461 3971/617/1461 3966/610/1461
f 3975/616/1461 3966/610/1461 3965/609/1461
f 3971/617/1462 3978/618/1462 3967/611/1462
f 3971/617/1462 3967/611/1462 3966/610/1462
f 3981/619/1463 3972/620/1463 3969/613/1463
f 3981/619/1464 3969/613/1464 3968/612/1464
f 3972/620/1465 3983/621/1465 3970/614/1465
f 3972/620/1465 3970/614/1465 3969/613/1465
f 3983/621/1466 3940/579/1466 3942/582/1466
f 3983/621/1466 3942/582/1466 3970/614/1466
f 3973/622/1467 3974/623/1467 3975/624/1467
f 3973/622/1467 3975/624/1467 4882/625/1467
f 3974/623/1468 3976/626/1468 3971/627/1468
f 3974/623/1468 3971/627/1468 3975/624/1468
f 3976/626/1469 3977/628/1469 3978/629/1469
f 3976/626/1469 3978/629/1469 3971/627/1469
f 3979/630/1470 3980/631/1470 3972/632/1470
f 3979/630/1470 3972/632/1470 3981/633/1470
f 3980/631/1471 3982/634/1471 3983/635/1471
f 3980/631/1471 3983/635/1471 3972/632/1471
f 3982/634/1472 3939/576/1472 3940/578/1472
f 3982/634/1472 3940/578/1472 3983/635/1472
f 4881/636/1473 3984/637/1473 3974/623/1473
f 4881/636/1473 3974/623/1473 3973/622/1473
f 3984/637/1474 3985/638/1474 3976/626/1474
f 3984/637/1475 3976/626/1475 3974/623/1475
f 3985/638/1476 3986/639/1476 3977/628/1476
f 3985/638/1477 3977/628/1477 3976/626/1477
f 3987/640/1478 3988/641/1478 3980/631/1478
f 3987/640/1479 3980/631/1479 3979/630/1479
f 3988/641/1480 3989/642/1480 3982/634/1480
f 3988/641/1480 3982/634/1480 3980/631/1480
f 3989/642/1481 3937/574/1481 3939/576/1481
f 3989/642/1482 3939/576/1482 3982/634/1482
f 3990/643/1483 3991/644/1483 3984/637/1483
f 3990/643/1484 3984/637/1484 4881/636/1484
f 3991/644/1485 3992/645/1485 3985/638/1485
f 3991/644/1486 3985/638/1486 3984/637/1486
f 3992/645/1487 3993/646/1487 3986/639/1487
f 3992/645/1488 3986/639/1488 3985/638/1488
f 3994/647/1489 3995/648/1489 3988/641/1489
f 3994/647/1490 3988/641/1490 3987/640/1490
f 3995/648/1491 3996/649/1491 3989/642/1491
f 3995/648/1491 3989/642/1491 3988/641/1491
f 3996/649/1492 3935/572/1492 3937/574/1492
f 3996/649/1493 3937/574/1493 3989/642/1493
f 3948/590/1494 3947/589/1494 3991/644/1494
f 3948/590/1495 3991/644/1495 3990/643/1495
f 3947/589/1496 3950/592/1496 3992/645/1496
f 3947/589/1496 3992/645/1496 3991/644/1496
f 3950/592/1497 3952/594/1497 3993/646/1497
f 3950/592/1497 3993/646/1497 3992/645/1497
f 3956/598/1498 3955/597/1498 3995/648/1498
f 3956/598/1499 3995/648/1499 3994/647/1499
f 3955/597/1500 3958/600/1500 3996/649/1500
f 3955/597/1500 3996/649/1500 3995/648/1500
f 3958/600/1501 3934/569/1501 3935/572/1501
f 3958/600/1502 3935/572/1502 3996/649/1502
f 3952/594/1503 3956/598/1503 3994/647/1503
f 3952/594/1504 3994/647/1504 3993/646/1504
f 3993/646/1505 3994/647/1505 3987/640/1505
f 3993/646/1506 3987/640/1506 3986/639/1506
f 3986/639/1507 3987/640/1507 3979/630/1507
f 3986/639/1508 3979/630/1508 3977/628/1508
f 3977/628/1509 3979/630/1509 3981/633/1509
f 3977/628/1509 3981/633/1509 3978/629/1509
f 3978/618/1510 3981/619/1510 3968/612/1510
f 3978/618/1511 3968/612/1511 3967/611/1511
f 3967/611/1512 3968/612/1512 3962/605/1512
f 3967/611/1513 3962/605/1513 3961/604/1513
f 3961/604/1514 3962/605/1514 3953/595/1514
f 3961/604/1514 3953/595/1514 3951/593/1514
f 3951/593/1515 3953/595/1515 3956/598/1515
f 3951/593/1515 3956/598/1515 3952/594/1515
f 3997/569/1425 3998/570/1425 4886/571/1425
f 3997/569/1425 4886/571/1425 3999/572/1425
f 3999/572/1426 4886/571/1426 4000/573/1426
f 3999/572/1426 4000/573/1426 4001/574/1426
f 4001/574/1427 4000/573/1427 4888/575/1427
f 4001/574/1427 4888/575/1427 4002/576/1427
f 4002/576/1429 4888/575/1429 4004/577/1429
f 4002/576/1429 4004/577/1429 4003/578/1429
f 4003/579/1430 4004/580/1430 4887/581/1430
f 4003/579/1430 4887/581/1430 4005/582/1430
f 4005/582/1431 4887/581/1431 4006/583/1431
f 4005/582/1431 4006/583/1431 4007/584/1431
f 4007/584/1432 4006/583/1432 4008/585/1432
f 4007/584/1432 4008/585/1432 4009/586/1432
f 4009/586/1433 4008/585/1433 3998/570/1433
f 4009/586/1433 3998/570/1433 3997/569/1433
f 4010/587/1516 4011/588/1516 4012/589/1516
f 4010/587/1434 4012/589/1434 4889/590/1434
f 4011/588/1435 4013/591/1435 4014/592/1435
f 4011/588/1435 4014/592/1435 4012/589/1435
f 4013/591/1436 4015/593/1436 4016/594/1436
f 4013/591/1436 4016/594/1436 4014/592/1436
f 4017/595/1437 4018/596/1437 4019/597/1437
f 4017/595/1437 4019/597/1437 4020/598/1437
f 4018/596/1438 4021/599/1438 4022/600/1438
f 4018/596/1438 4022/600/1438 4019/597/1438
f 4021/599/1517 4009/586/1517 3997/569/1517
f 4021/599/1440 3997/569/1440 4022/600/1440
f 4023/601/1518 4024/602/1518 4011/588/1518
f 4023/601/1441 4011/588/1441 4010/587/1441
f 4024/602/1442 4025/603/1442 4013/591/1442
f 4024/602/1443 4013/591/1443 4011/588/1443
f 4025/603/1519 4026/604/1519 4015/593/1519
f 4025/603/1444 4015/593/1444 4013/591/1444
f 4027/605/1445 4028/606/1445 4018/596/1445
f 4027/605/1520 4018/596/1520 4017/595/1520
f 4028/606/1521 4029/607/1521 4021/599/1521
f 4028/606/1448 4021/599/1448 4018/596/1448
f 4029/607/1522 4007/584/1522 4009/586/1522
f 4029/607/1522 4009/586/1522 4021/599/1522
f 4892/608/1523 4030/609/1523 4024/602/1523
f 4892/608/1452 4024/602/1452 4023/601/1452
f 4030/609/1453 4031/610/1453 4025/603/1453
f 4030/609/1453 4025/603/1453 4024/602/1453
f 4031/610/1524 4032/611/1524 4026/604/1524
f 4031/610/1454 4026/604/1454 4025/603/1454
f 4033/612/1525 4034/613/1525 4028/606/1525
f 4033/612/1526 4028/606/1526 4027/605/1526
f 4034/613/1456 4035/614/1456 4029/607/1456
f 4034/613/1527 4029/607/1527 4028/606/1527
f 4035/614/1458 4005/582/1458 4007/584/1458
f 4035/614/1457 4007/584/1457 4029/607/1457
f 4891/615/1459 4042/616/1459 4030/609/1459
f 4891/615/1460 4030/609/1460 4892/608/1460
f 4042/616/1461 4036/617/1461 4031/610/1461
f 4042/616/1461 4031/610/1461 4030/609/1461
f 4036/617/1462 4045/618/1462 4032/611/1462
f 4036/617/1462 4032/611/1462 4031/610/1462
f 4037/619/1464 4038/620/1464 4034/613/1464
f 4037/619/1528 4034/613/1528 4033/612/1528
f 4038/620/1465 4039/621/1465 4035/614/1465
f 4038/620/1465 4035/614/1465 4034/613/1465
f 4039/621/1466 4003/579/1466 4005/582/1466
f 4039/621/1466 4005/582/1466 4035/614/1466
f 4040/622/1467 4041/623/1467 4042/624/1467
f 4040/622/1467 4042/624/1467 4891/625/1467
f 4041/623/1468 4043/626/1468 4036/627/1468
f 4041/623/1468 4036/627/1468 4042/624/1468
f 4043/626/1469 4044/628/1469 4045/629/1469
f 4043/626/1469 4045/629/1469 4036/627/1469
f 4046/630/1470 4047/631/1470 4038/632/1470
f 4046/630/1470 4038/632/1470 4037/633/1470
f 4047/631/1471 4048/634/1471 4039/635/1471
f 4047/631/1471 4039/635/1471 4038/632/1471
f 4048/634/1472 4002/576/1472 4003/578/1472
f 4048/634/1472 4003/578/1472 4039/635/1472
f 4049/636/1529 4050/637/1529 4041/623/1529
f 4049/636/1473 4041/623/1473 4040/622/1473
f 4050/637/1474 4051/638/1474 4043/626/1474
f 4050/637/1474 4043/626/1474 4041/623/1474
f 4051/638/1530 4052/639/1530 4044/628/1530
f 4051/638/1477 4044/628/1477 4043/626/1477
f 4053/640/1531 4054/641/1531 4047/631/1531
f 4053/640/1532 4047/631/1532 4046/630/1532
f 4054/641/1480 4055/642/1480 4048/634/1480
f 4054/641/1480 4048/634/1480 4047/631/1480
f 4055/642/1533 4001/574/1533 4002/576/1533
f 4055/642/1482 4002/576/1482 4048/634/1482
f 4890/643/1534 4056/644/1534 4050/637/1534
f 4890/643/1484 4050/637/1484 4049/636/1484
f 4056/644/1535 4057/645/1535 4051/638/1535
f 4056/644/1485 4051/638/1485 4050/637/1485
f 4057/645/1536 4058/646/1536 4052/639/1536
f 4057/645/1487 4052/639/1487 4051/638/1487
f 4059/647/1537 4060/648/1537 4054/641/1537
f 4059/647/1490 4054/641/1490 4053/640/1490
f 4060/648/1491 4061/649/1491 4055/642/1491
f 4060/648/1491 4055/642/1491 4054/641/1491
f 4061/649/1538 3999/572/1538 4001/574/1538
f 4061/649/1493 4001/574/1493 4055/642/1493
f 4889/590/1494 4012/589/1494 4056/644/1494
f 4889/590/1495 4056/644/1495 4890/643/1495
f 4012/589/1539 4014/592/1539 4057/645/1539
f 4012/589/1496 4057/645/1496 4056/644/1496
f 4014/592/1497 4016/594/1497 4058/646/1497
f 4014/592/1497 4058/646/1497 4057/645/1497
f 4020/598/1498 4019/597/1498 4060/648/1498
f 4020/598/1499 4060/648/1499 4059/647/1499
f 4019/597/1500 4022/600/1500 4061/649/1500
f 4019/597/1500 4061/649/1500 4060/648/1500
f 4022/600/1502 3997/569/1502 3999/572/1502
f 4022/600/1502 3999/572/1502 4061/649/1502
f 4016/594/1503 4020/598/1503 4059/647/1503
f 4016/594/1540 4059/647/1540 4058/646/1540
f 4058/646/1505 4059/647/1505 4053/640/1505
f 4058/646/1506 4053/640/1506 4052/639/1506
f 4052/639/1507 4053/640/1507 4046/630/1507
f 4052/639/1508 4046/630/1508 4044/628/1508
f 4044/628/1509 4046/630/1509 4037/633/1509
f 4044/628/1509 4037/633/1509 4045/629/1509
f 4045/618/1510 4037/619/1510 4033/612/1510
f 4045/618/1511 4033/612/1511 4032/611/1511
f 4032/611/1541 4033/612/1541 4027/605/1541
f 4032/611/1512 4027/605/1512 4026/604/1512
f 4026/604/1542 4027/605/1542 4017/595/1542
f 4026/604/1543 4017/595/1543 4015/593/1543
f 4015/593/1515 4017/595/1515 4020/598/1515
f 4015/593/1515 4020/598/1515 4016/594/1515
f 4084/650/1544 4062/651/1544 4063/652/1544
f 4084/650/1545 4063/652/1545 4091/653/1545
f 4062/651/1546 4087/654/1546 4086/655/1546
f 4062/651/1547 4086/655/1547 4063/652/1547
f 4092/656/1548 4091/653/1548 4063/652/1548
f 4092/656/1549 4063/652/1549 4064/657/1549
f 4064/657/1550 4063/652/1550 4086/655/1550
f 4064/657/1551 4086/655/1551 4096/658/1551
f 4074/659/1552 4092/656/1552 4064/657/1552
f 4074/659/1553 4064/657/1553 4065/660/1553
f 4065/660/1554 4064/657/1554 4096/658/1554
f 4065/660/1555 4096/658/1555 4098/661/1555
f 4071/662/1556 4070/663/1556 4062/651/1556
f 4071/662/1557 4062/651/1557 4084/650/1557
f 4070/663/1558 4093/664/1558 4087/654/1558
f 4070/663/1559 4087/654/1559 4062/651/1559
f 4067/665/1560 4066/666/1560 4073/667/1560
f 4067/665/1561 4073/667/1561 4072/668/1561
f 4066/666/1562 4088/669/1562 4100/670/1562
f 4066/666/1563 4100/670/1563 4073/667/1563
f 4067/665/1564 4069/671/1564 4068/672/1564
f 4067/665/1565 4068/672/1565 4066/666/1565
f 4066/666/1564 4068/672/1564 4089/673/1564
f 4066/666/1566 4089/673/1566 4088/669/1566
f 4069/671/1567 4093/664/1567 4070/663/1567
f 4069/671/1568 4070/663/1568 4068/672/1568
f 4068/672/1569 4070/663/1569 4071/662/1569
f 4068/672/1570 4071/662/1570 4089/673/1570
f 4072/668/1571 4073/667/1571 4065/674/1571
f 4072/668/1572 4065/674/1572 4098/675/1572
f 4073/667/1573 4100/670/1573 4074/676/1573
f 4073/667/1574 4074/676/1574 4065/674/1574
f 4120/677/1575 4125/678/1575 4113/679/1575
f 4120/677/1576 4113/679/1576 4108/680/1576
f 4109/681/1577 4114/682/1577 4097/683/1577
f 4109/681/1578 4097/683/1578 4076/684/1578
f 4123/685/1579 4112/686/1579 4113/679/1579
f 4123/685/1580 4113/679/1580 4125/678/1580
f 4111/687/1581 4102/688/1581 4097/683/1581
f 4111/687/1582 4097/683/1582 4114/682/1582
f 4122/689/1583 4110/690/1583 4112/686/1583
f 4122/689/1584 4112/686/1584 4123/685/1584
f 4103/691/1585 4099/692/1585 4102/688/1585
f 4103/691/1586 4102/688/1586 4111/687/1586
f 4116/693/1587 4120/677/1587 4108/680/1587
f 4116/693/1588 4108/680/1588 4075/694/1588
f 4105/695/1589 4109/681/1589 4076/684/1589
f 4105/695/1590 4076/684/1590 4106/696/1590
f 4077/697/1591 4107/698/1591 4078/699/1591
f 4077/697/1592 4078/699/1592 4117/700/1592
f 4079/701/1593 4118/702/1593 4083/703/1593
f 4079/701/1594 4083/703/1594 4090/704/1594
f 4077/697/1595 4117/700/1595 4115/705/1595
f 4077/697/1596 4115/705/1596 4081/706/1596
f 4079/701/1597 4090/704/1597 4080/707/1597
f 4079/701/1598 4080/707/1598 4082/708/1598
f 4081/706/1599 4115/705/1599 4075/694/1599
f 4081/706/1600 4075/694/1600 4105/695/1600
f 4082/708/1601 4080/707/1601 4119/709/1601
f 4082/708/1602 4119/709/1602 4116/693/1602
f 4107/698/1603 4103/710/1603 4110/711/1603
f 4107/698/1604 4110/711/1604 4078/699/1604
f 4118/702/1605 4122/712/1605 4121/713/1605
f 4118/702/1606 4121/713/1606 4083/703/1606
f 4071/662/1607 4084/650/1607 4085/650/1607
f 4071/662/1608 4085/650/1608 4119/662/1608
f 4086/655/1609 4087/654/1609 4076/654/1609
f 4086/655/1610 4076/654/1610 4097/655/1610
f 4088/669/1611 4089/673/1611 4080/673/1611
f 4088/669/1612 4080/673/1612 4090/669/1612
f 4091/653/1613 4092/656/1613 4124/656/1613
f 4091/653/1614 4124/656/1614 4101/653/1614
f 4093/664/1615 4069/671/1615 4104/671/1615
f 4093/664/1616 4104/671/1616 4106/664/1616
f 4087/654/1617 4093/664/1617 4106/664/1617
f 4087/654/1618 4106/664/1618 4076/654/1618
f 4067/665/1619 4072/668/1619 4094/668/1619
f 4067/665/1620 4094/668/1620 4095/665/1620
f 4096/658/1621 4086/655/1621 4097/655/1621
f 4096/658/1622 4097/655/1622 4102/658/1622
f 4089/673/1623 4071/662/1623 4119/662/1623
f 4089/673/1624 4119/662/1624 4080/673/1624
f 4092/656/1625 4074/659/1625 4121/659/1625
f 4092/656/1626 4121/659/1626 4124/656/1626
f 4072/668/1627 4098/675/1627 4099/675/1627
f 4072/668/1628 4099/675/1628 4094/668/1628
f 4100/670/1629 4088/669/1629 4090/669/1629
f 4100/670/1630 4090/669/1630 4083/670/1630
f 4084/650/1631 4091/653/1631 4101/653/1631
f 4084/650/1632 4101/653/1632 4085/650/1632
f 4069/671/1633 4067/665/1633 4095/665/1633
f 4069/671/1634 4095/665/1634 4104/671/1634
f 4098/661/1635 4096/658/1635 4102/658/1635
f 4098/661/1636 4102/658/1636 4099/661/1636
f 4074/676/1637 4100/670/1637 4083/670/1637
f 4074/676/1638 4083/670/1638 4121/676/1638
f 4094/714/1639 4099/715/1639 4103/710/1639
f 4094/714/1640 4103/710/1640 4107/698/1640
f 4104/716/1641 4081/706/1641 4105/695/1641
f 4104/716/1642 4105/695/1642 4106/696/1642
f 4095/717/1643 4077/697/1643 4081/706/1643
f 4095/717/1644 4081/706/1644 4104/716/1644
f 4095/717/1645 4094/714/1645 4107/698/1645
f 4095/717/1646 4107/698/1646 4077/697/1646
f 4075/694/1647 4108/680/1647 4109/681/1647
f 4075/694/1648 4109/681/1648 4105/695/1648
f 4110/690/1649 4103/691/1649 4111/687/1649
f 4110/690/1650 4111/687/1650 4112/686/1650
f 4112/686/1651 4111/687/1651 4114/682/1651
f 4112/686/1652 4114/682/1652 4113/679/1652
f 4108/680/1653 4113/679/1653 4114/682/1653
f 4108/680/1654 4114/682/1654 4109/681/1654
f 4078/699/1655 4110/711/1655 4122/712/1655
f 4078/699/1656 4122/712/1656 4118/702/1656
f 4115/705/1657 4082/708/1657 4116/693/1657
f 4115/705/1658 4116/693/1658 4075/694/1658
f 4117/700/1659 4079/701/1659 4082/708/1659
f 4117/700/1660 4082/708/1660 4115/705/1660
f 4117/700/1661 4078/699/1661 4118/702/1661
f 4117/700/1662 4118/702/1662 4079/701/1662
f 4119/709/1663 4085/718/1663 4120/677/1663
f 4119/709/1664 4120/677/1664 4116/693/1664
f 4121/719/1665 4122/689/1665 4123/685/1665
f 4121/719/1666 4123/685/1666 4124/720/1666
f 4124/720/1667 4123/685/1667 4125/678/1667
f 4124/720/1668 4125/678/1668 4101/721/1668
f 4085/718/1669 4101/721/1669 4125/678/1669
f 4085/718/1670 4125/678/1670 4120/677/1670
f 4126/650/1544 4131/651/1544 4128/652/1544
f 4126/650/1545 4128/652/1545 4155/653/1545
f 4131/651/1546 4157/654/1546 4129/655/1546
f 4131/651/1547 4129/655/1547 4128/652/1547
f 4156/656/1548 4155/653/1548 4128/652/1548
f 4156/656/1549 4128/652/1549 4127/657/1549
f 4127/657/1550 4128/652/1550 4129/655/1550
f 4127/657/1551 4129/655/1551 4167/658/1551
f 4168/659/1552 4156/656/1552 4127/657/1552
f 4168/659/1553 4127/657/1553 4130/660/1553
f 4130/660/1554 4127/657/1554 4167/658/1554
f 4130/660/1555 4167/658/1555 4166/661/1555
f 4153/662/1556 4132/663/1556 4131/651/1556
f 4153/662/1557 4131/651/1557 4126/650/1557
f 4132/663/1558 4138/664/1558 4157/654/1558
f 4132/663/1559 4157/654/1559 4131/651/1559
f 4134/665/1560 4136/666/1560 4133/667/1560
f 4134/665/1561 4133/667/1561 4161/668/1561
f 4136/666/1562 4154/669/1562 4163/670/1562
f 4136/666/1563 4163/670/1563 4133/667/1563
f 4134/665/1564 4165/671/1564 4135/672/1564
f 4134/665/1565 4135/672/1565 4136/666/1565
f 4136/666/1564 4135/672/1564 4137/673/1564
f 4136/666/1566 4137/673/1566 4154/669/1566
f 4165/671/1567 4138/664/1567 4132/663/1567
f 4165/671/1671 4132/663/1671 4135/672/1671
f 4135/672/1672 4132/663/1672 4153/662/1672
f 4135/672/1570 4153/662/1570 4137/673/1570
f 4161/668/1571 4133/667/1571 4130/674/1571
f 4161/668/1572 4130/674/1572 4166/675/1572
f 4133/667/1573 4163/670/1573 4168/676/1573
f 4133/667/1574 4168/676/1574 4130/674/1574
f 4139/677/1575 4189/678/1575 4144/679/1575
f 4139/677/1576 4144/679/1576 4178/680/1576
f 4140/681/1577 4177/682/1577 4159/683/1577
f 4140/681/1578 4159/683/1578 4141/684/1578
f 4142/685/1579 4143/686/1579 4144/679/1579
f 4142/685/1580 4144/679/1580 4189/678/1580
f 4176/687/1581 4146/688/1581 4159/683/1581
f 4176/687/1582 4159/683/1582 4177/682/1582
f 4180/689/1583 4179/690/1583 4143/686/1583
f 4180/689/1584 4143/686/1584 4142/685/1584
f 4145/691/1585 4170/692/1585 4146/688/1585
f 4145/691/1673 4146/688/1673 4176/687/1673
f 4147/693/1674 4139/677/1674 4178/680/1674
f 4147/693/1588 4178/680/1588 4182/694/1588
f 4175/695/1589 4140/681/1589 4141/684/1589
f 4175/695/1590 4141/684/1590 4158/696/1590
f 4173/697/1591 4148/698/1591 4184/699/1591
f 4173/697/1592 4184/699/1592 4183/700/1592
f 4150/701/1593 4181/702/1593 4169/703/1593
f 4150/701/1594 4169/703/1594 4164/704/1594
f 4173/697/1675 4183/700/1675 4149/705/1675
f 4173/697/1596 4149/705/1596 4174/706/1596
f 4150/701/1597 4164/704/1597 4151/707/1597
f 4150/701/1676 4151/707/1676 4152/708/1676
f 4174/706/1599 4149/705/1599 4182/694/1599
f 4174/706/1600 4182/694/1600 4175/695/1600
f 4152/708/1601 4151/707/1601 4160/709/1601
f 4152/708/1602 4160/709/1602 4147/693/1602
f 4148/698/1603 4145/710/1603 4179/711/1603
f 4148/698/1604 4179/711/1604 4184/699/1604
f 4181/702/1605 4180/712/1605 4186/713/1605
f 4181/702/1606 4186/713/1606 4169/703/1606
f 4153/662/1607 4126/650/1607 4185/650/1607
f 4153/662/1608 4185/650/1608 4160/662/1608
f 4129/655/1609 4157/654/1609 4141/654/1609
f 4129/655/1610 4141/654/1610 4159/655/1610
f 4154/669/1611 4137/673/1611 4151/673/1611
f 4154/669/1612 4151/673/1612 4164/669/1612
f 4155/653/1677 4156/656/1677 4187/656/1677
f 4155/653/1678 4187/656/1678 4188/653/1678
f 4138/664/1679 4165/671/1679 4171/671/1679
f 4138/664/1680 4171/671/1680 4158/664/1680
f 4157/654/1617 4138/664/1617 4158/664/1617
f 4157/654/1618 4158/664/1618 4141/654/1618
f 4134/665/1681 4161/668/1681 4162/668/1681
f 4134/665/1682 4162/668/1682 4172/665/1682
f 4167/658/1621 4129/655/1621 4159/655/1621
f 4167/658/1622 4159/655/1622 4146/658/1622
f 4137/673/1623 4153/662/1623 4160/662/1623
f 4137/673/1624 4160/662/1624 4151/673/1624
f 4156/656/1683 4168/659/1683 4186/659/1683
f 4156/656/1684 4186/659/1684 4187/656/1684
f 4161/668/1627 4166/675/1627 4170/675/1627
f 4161/668/1685 4170/675/1685 4162/668/1685
f 4163/670/1686 4154/669/1686 4164/669/1686
f 4163/670/1630 4164/669/1630 4169/670/1630
f 4126/650/1687 4155/653/1687 4188/653/1687
f 4126/650/1632 4188/653/1632 4185/650/1632
f 4165/671/1688 4134/665/1688 4172/665/1688
f 4165/671/1689 4172/665/1689 4171/671/1689
f 4166/661/1690 4167/658/1690 4146/658/1690
f 4166/661/1691 4146/658/1691 4170/661/1691
f 4168/676/1692 4163/670/1692 4169/670/1692
f 4168/676/1638 4169/670/1638 4186/676/1638
f 4162/714/1639 4170/715/1639 4145/710/1639
f 4162/714/1640 4145/710/1640 4148/698/1640
f 4171/716/1641 4174/706/1641 4175/695/1641
f 4171/716/1642 4175/695/1642 4158/696/1642
f 4172/717/1643 4173/697/1643 4174/706/1643
f 4172/717/1644 4174/706/1644 4171/716/1644
f 4172/717/1645 4162/714/1645 4148/698/1645
f 4172/717/1646 4148/698/1646 4173/697/1646
f 4182/694/1647 4178/680/1647 4140/681/1647
f 4182/694/1693 4140/681/1693 4175/695/1693
f 4179/690/1649 4145/691/1649 4176/687/1649
f 4179/690/1650 4176/687/1650 4143/686/1650
f 4143/686/1651 4176/687/1651 4177/682/1651
f 4143/686/1652 4177/682/1652 4144/679/1652
f 4178/680/1653 4144/679/1653 4177/682/1653
f 4178/680/1654 4177/682/1654 4140/681/1654
f 4184/699/1694 4179/711/1694 4180/712/1694
f 4184/699/1656 4180/712/1656 4181/702/1656
f 4149/705/1657 4152/708/1657 4147/693/1657
f 4149/705/1658 4147/693/1658 4182/694/1658
f 4183/700/1659 4150/701/1659 4152/708/1659
f 4183/700/1660 4152/708/1660 4149/705/1660
f 4183/700/1661 4184/699/1661 4181/702/1661
f 4183/700/1662 4181/702/1662 4150/701/1662
f 4160/709/1663 4185/718/1663 4139/677/1663
f 4160/709/1664 4139/677/1664 4147/693/1664
f 4186/719/1665 4180/689/1665 4142/685/1665
f 4186/719/1666 4142/685/1666 4187/720/1666
f 4187/720/1667 4142/685/1667 4189/678/1667
f 4187/720/1668 4189/678/1668 4188/721/1668
f 4185/718/1669 4188/721/1669 4189/678/1669
f 4185/718/1670 4189/678/1670 4139/677/1670
f 4233/650/1544 4196/651/1544 4191/652/1544
f 4233/650/1545 4191/652/1545 4234/653/1545
f 4196/651/1546 4221/654/1546 4190/655/1546
f 4196/651/1547 4190/655/1547 4191/652/1547
f 4229/656/1548 4234/653/1548 4191/652/1548
f 4229/656/1549 4191/652/1549 4195/657/1549
f 4195/657/1550 4191/652/1550 4190/655/1550
f 4195/657/1551 4190/655/1551 4192/658/1551
f 4193/659/1552 4229/656/1552 4195/657/1552
f 4193/659/1553 4195/657/1553 4194/660/1553
f 4194/660/1554 4195/657/1554 4192/658/1554
f 4194/660/1555 4192/658/1555 4203/661/1555
f 4220/662/1556 4202/663/1556 4196/651/1556
f 4220/662/1557 4196/651/1557 4233/650/1557
f 4202/663/1695 4223/664/1695 4221/654/1695
f 4202/663/1559 4221/654/1559 4196/651/1559
f 4224/665/1560 4199/666/1560 4197/667/1560
f 4224/665/1561 4197/667/1561 4198/668/1561
f 4199/666/1562 4231/669/1562 4204/670/1562
f 4199/666/1563 4204/670/1563 4197/667/1563
f 4224/665/1564 4200/671/1564 4201/672/1564
f 4224/665/1565 4201/672/1565 4199/666/1565
f 4199/666/1564 4201/672/1564 4228/673/1564
f 4199/666/1566 4228/673/1566 4231/669/1566
f 4200/671/1567 4223/664/1567 4202/663/1567
f 4200/671/1671 4202/663/1671 4201/672/1671
f 4201/672/1569 4202/663/1569 4220/662/1569
f 4201/672/1570 4220/662/1570 4228/673/1570
f 4198/668/1571 4197/667/1571 4194/674/1571
f 4198/668/1572 4194/674/1572 4203/675/1572
f 4197/667/1573 4204/670/1573 4193/676/1573
f 4197/667/1574 4193/676/1574 4194/674/1574
f 4249/677/1575 4253/678/1575 4205/679/1575
f 4249/677/1576 4205/679/1576 4211/680/1576
f 4241/681/1577 4243/682/1577 4227/683/1577
f 4241/681/1578 4227/683/1578 4212/684/1578
f 4251/685/1579 4208/686/1579 4205/679/1579
f 4251/685/1580 4205/679/1580 4253/678/1580
f 4206/687/1581 4210/688/1581 4227/683/1581
f 4206/687/1582 4227/683/1582 4243/682/1582
f 4207/689/1583 4219/690/1583 4208/686/1583
f 4207/689/1584 4208/686/1584 4251/685/1584
f 4209/691/1585 4236/692/1585 4210/688/1585
f 4209/691/1673 4210/688/1673 4206/687/1673
f 4245/693/1587 4249/677/1587 4211/680/1587
f 4245/693/1588 4211/680/1588 4216/694/1588
f 4242/695/1589 4241/681/1589 4212/684/1589
f 4242/695/1590 4212/684/1590 4237/696/1590
f 4238/697/1591 4213/698/1591 4244/699/1591
f 4238/697/1592 4244/699/1592 4246/700/1592
f 4247/701/1593 4248/702/1593 4232/703/1593
f 4247/701/1594 4232/703/1594 4214/704/1594
f 4238/697/1595 4246/700/1595 4215/705/1595
f 4238/697/1596 4215/705/1596 4239/706/1596
f 4247/701/1597 4214/704/1597 4222/707/1597
f 4247/701/1676 4222/707/1676 4217/708/1676
f 4239/706/1696 4215/705/1696 4216/694/1696
f 4239/706/1600 4216/694/1600 4242/695/1600
f 4217/708/1697 4222/707/1697 4218/709/1697
f 4217/708/1602 4218/709/1602 4245/693/1602
f 4213/698/1603 4209/710/1603 4219/711/1603
f 4213/698/1604 4219/711/1604 4244/699/1604
f 4248/702/1605 4207/712/1605 4250/713/1605
f 4248/702/1606 4250/713/1606 4232/703/1606
f 4220/662/1607 4233/650/1607 4235/650/1607
f 4220/662/1608 4235/650/1608 4218/662/1608
f 4190/655/1698 4221/654/1698 4212/654/1698
f 4190/655/1610 4212/654/1610 4227/655/1610
f 4231/669/1699 4228/673/1699 4222/673/1699
f 4231/669/1700 4222/673/1700 4214/669/1700
f 4234/653/1613 4229/656/1613 4230/656/1613
f 4234/653/1701 4230/656/1701 4252/653/1701
f 4223/664/1679 4200/671/1679 4240/671/1679
f 4223/664/1680 4240/671/1680 4237/664/1680
f 4221/654/1617 4223/664/1617 4237/664/1617
f 4221/654/1618 4237/664/1618 4212/654/1618
f 4224/665/1619 4198/668/1619 4225/668/1619
f 4224/665/1682 4225/668/1682 4226/665/1682
f 4192/658/1621 4190/655/1621 4227/655/1621
f 4192/658/1622 4227/655/1622 4210/658/1622
f 4228/673/1623 4220/662/1623 4218/662/1623
f 4228/673/1624 4218/662/1624 4222/673/1624
f 4229/656/1625 4193/659/1625 4250/659/1625
f 4229/656/1702 4250/659/1702 4230/656/1702
f 4198/668/1627 4203/675/1627 4236/675/1627
f 4198/668/1628 4236/675/1628 4225/668/1628
f 4204/670/1686 4231/669/1686 4214/669/1686
f 4204/670/1630 4214/669/1630 4232/670/1630
f 4233/650/1631 4234/653/1631 4252/653/1631
f 4233/650/1632 4252/653/1632 4235/650/1632
f 4200/671/1633 4224/665/1633 4226/665/1633
f 4200/671/1634 4226/665/1634 4240/671/1634
f 4203/661/1635 4192/658/1635 4210/658/1635
f 4203/661/1636 4210/658/1636 4236/661/1636
f 4193/676/1703 4204/670/1703 4232/670/1703
f 4193/676/1704 4232/670/1704 4250/676/1704
f 4225/714/1639 4236/715/1639 4209/710/1639
f 4225/714/1640 4209/710/1640 4213/698/1640
f 4240/716/1641 4239/706/1641 4242/695/1641
f 4240/716/1642 4242/695/1642 4237/696/1642
f 4226/717/1643 4238/697/1643 4239/706/1643
f 4226/717/1644 4239/706/1644 4240/716/1644
f 4226/717/1645 4225/714/1645 4213/698/1645
f 4226/717/1646 4213/698/1646 4238/697/1646
f 4216/694/1647 4211/680/1647 4241/681/1647
f 4216/694/1648 4241/681/1648 4242/695/1648
f 4219/690/1649 4209/691/1649 4206/687/1649
f 4219/690/1650 4206/687/1650 4208/686/1650
f 4208/686/1705 4206/687/1705 4243/682/1705
f 4208/686/1652 4243/682/1652 4205/679/1652
f 4211/680/1706 4205/679/1706 4243/682/1706
f 4211/680/1654 4243/682/1654 4241/681/1654
f 4244/699/1694 4219/711/1694 4207/712/1694
f 4244/699/1656 4207/712/1656 4248/702/1656
f 4215/705/1707 4217/708/1707 4245/693/1707
f 4215/705/1658 4245/693/1658 4216/694/1658
f 4246/700/1659 4247/701/1659 4217/708/1659
f 4246/700/1660 4217/708/1660 4215/705/1660
f 4246/700/1661 4244/699/1661 4248/702/1661
f 4246/700/1662 4248/702/1662 4247/701/1662
f 4218/709/1663 4235/718/1663 4249/677/1663
f 4218/709/1664 4249/677/1664 4245/693/1664
f 4250/719/1665 4207/689/1665 4251/685/1665
f 4250/719/1666 4251/685/1666 4230/720/1666
f 4230/720/1708 4251/685/1708 4253/678/1708
f 4230/720/1709 4253/678/1709 4252/721/1709
f 4235/718/1669 4252/721/1669 4253/678/1669
f 4235/718/1670 4253/678/1670 4249/677/1670
f 4254/650/1544 4255/651/1544 4257/652/1544
f 4254/650/1545 4257/652/1545 4256/653/1545
f 4255/651/1546 4261/654/1546 4291/655/1546
f 4255/651/1547 4291/655/1547 4257/652/1547
f 4298/656/1548 4256/653/1548 4257/652/1548
f 4298/656/1549 4257/652/1549 4258/657/1549
f 4258/657/1550 4257/652/1550 4291/655/1550
f 4258/657/1551 4291/655/1551 4304/658/1551
f 4299/659/1552 4298/656/1552 4258/657/1552
f 4299/659/1553 4258/657/1553 4269/660/1553
f 4269/660/1554 4258/657/1554 4304/658/1554
f 4269/660/1555 4304/658/1555 4303/661/1555
f 4259/662/1556 4267/663/1556 4255/651/1556
f 4259/662/1557 4255/651/1557 4254/650/1557
f 4267/663/1558 4260/664/1558 4261/654/1558
f 4267/663/1559 4261/654/1559 4255/651/1559
f 4302/665/1560 4264/666/1560 4262/667/1560
f 4302/665/1561 4262/667/1561 4268/668/1561
f 4264/666/1562 4265/669/1562 4300/670/1562
f 4264/666/1563 4300/670/1563 4262/667/1563
f 4302/665/1564 4266/671/1564 4263/672/1564
f 4302/665/1565 4263/672/1565 4264/666/1565
f 4264/666/1564 4263/672/1564 4297/673/1564
f 4264/666/1566 4297/673/1566 4265/669/1566
f 4266/671/1567 4260/664/1567 4267/663/1567
f 4266/671/1568 4267/663/1568 4263/672/1568
f 4263/672/1569 4267/663/1569 4259/662/1569
f 4263/672/1570 4259/662/1570 4297/673/1570
f 4268/668/1571 4262/667/1571 4269/674/1571
f 4268/668/1572 4269/674/1572 4303/675/1572
f 4262/667/1573 4300/670/1573 4299/676/1573
f 4262/667/1574 4299/676/1574 4269/674/1574
f 4270/677/1575 4317/678/1575 4310/679/1575
f 4270/677/1576 4310/679/1576 4271/680/1576
f 4311/681/1577 4309/682/1577 4274/683/1577
f 4311/681/1578 4274/683/1578 4294/684/1578
f 4272/685/1579 4276/686/1579 4310/679/1579
f 4272/685/1580 4310/679/1580 4317/678/1580
f 4273/687/1581 4296/688/1581 4274/683/1581
f 4273/687/1582 4274/683/1582 4309/682/1582
f 4275/689/1583 4288/690/1583 4276/686/1583
f 4275/689/1584 4276/686/1584 4272/685/1584
f 4306/691/1585 4277/692/1585 4296/688/1585
f 4306/691/1586 4296/688/1586 4273/687/1586
f 4312/693/1587 4270/677/1587 4271/680/1587
f 4312/693/1588 4271/680/1588 4285/694/1588
f 4278/695/1589 4311/681/1589 4294/684/1589
f 4278/695/1590 4294/684/1590 4279/696/1590
f 4308/697/1591 4287/698/1591 4280/699/1591
f 4308/697/1592 4280/699/1592 4281/700/1592
f 4282/701/1593 4314/702/1593 4305/703/1593
f 4282/701/1594 4305/703/1594 4292/704/1594
f 4308/697/1595 4281/700/1595 4283/705/1595
f 4308/697/1596 4283/705/1596 4284/706/1596
f 4282/701/1597 4292/704/1597 4286/707/1597
f 4282/701/1676 4286/707/1676 4313/708/1676
f 4284/706/1599 4283/705/1599 4285/694/1599
f 4284/706/1600 4285/694/1600 4278/695/1600
f 4313/708/1697 4286/707/1697 4315/709/1697
f 4313/708/1602 4315/709/1602 4312/693/1602
f 4287/698/1603 4306/710/1603 4288/711/1603
f 4287/698/1604 4288/711/1604 4280/699/1604
f 4314/702/1605 4275/712/1605 4289/713/1605
f 4314/702/1606 4289/713/1606 4305/703/1606
f 4259/662/1607 4254/650/1607 4290/650/1607
f 4259/662/1608 4290/650/1608 4315/662/1608
f 4291/655/1698 4261/654/1698 4294/654/1698
f 4291/655/1610 4294/654/1610 4274/655/1610
f 4265/669/1611 4297/673/1611 4286/673/1611
f 4265/669/1710 4286/673/1710 4292/669/1710
f 4256/653/1613 4298/656/1613 4316/656/1613
f 4256/653/1614 4316/656/1614 4301/653/1614
f 4260/664/1711 4266/671/1711 4293/671/1711
f 4260/664/1616 4293/671/1616 4279/664/1616
f 4261/654/1617 4260/664/1617 4279/664/1617
f 4261/654/1712 4279/664/1712 4294/654/1712
f 4302/665/1619 4268/668/1619 4295/668/1619
f 4302/665/1682 4295/668/1682 4307/665/1682
f 4304/658/1621 4291/655/1621 4274/655/1621
f 4304/658/1622 4274/655/1622 4296/658/1622
f 4297/673/1623 4259/662/1623 4315/662/1623
f 4297/673/1624 4315/662/1624 4286/673/1624
f 4298/656/1683 4299/659/1683 4289/659/1683
f 4298/656/1684 4289/659/1684 4316/656/1684
f 4268/668/1627 4303/675/1627 4277/675/1627
f 4268/668/1628 4277/675/1628 4295/668/1628
f 4300/670/1629 4265/669/1629 4292/669/1629
f 4300/670/1630 4292/669/1630 4305/670/1630
f 4254/650/1713 4256/653/1713 4301/653/1713
f 4254/650/1632 4301/653/1632 4290/650/1632
f 4266/671/1633 4302/665/1633 4307/665/1633
f 4266/671/1634 4307/665/1634 4293/671/1634
f 4303/661/1690 4304/658/1690 4296/658/1690
f 4303/661/1636 4296/658/1636 4277/661/1636
f 4299/676/1637 4300/670/1637 4305/670/1637
f 4299/676/1704 4305/670/1704 4289/676/1704
f 4295/714/1639 4277/715/1639 4306/710/1639
f 4295/714/1640 4306/710/1640 4287/698/1640
f 4293/716/1641 4284/706/1641 4278/695/1641
f 4293/716/1642 4278/695/1642 4279/696/1642
f 4307/717/1643 4308/697/1643 4284/706/1643
f 4307/717/1644 4284/706/1644 4293/716/1644
f 4307/717/1645 4295/714/1645 4287/698/1645
f 4307/717/1646 4287/698/1646 4308/697/1646
f 4285/694/1647 4271/680/1647 4311/681/1647
f 4285/694/1648 4311/681/1648 4278/695/1648
f 4288/690/1649 4306/691/1649 4273/687/1649
f 4288/690/1650 4273/687/1650 4276/686/1650
f 4276/686/1651 4273/687/1651 4309/682/1651
f 4276/686/1652 4309/682/1652 4310/679/1652
f 4271/680/1653 4310/679/1653 4309/682/1653
f 4271/680/1654 4309/682/1654 4311/681/1654
f 4280/699/1655 4288/711/1655 4275/712/1655
f 4280/699/1656 4275/712/1656 4314/702/1656
f 4283/705/1657 4313/708/1657 4312/693/1657
f 4283/705/1658 4312/693/1658 4285/694/1658
f 4281/700/1659 4282/701/1659 4313/708/1659
f 4281/700/1660 4313/708/1660 4283/705/1660
f 4281/700/1661 4280/699/1661 4314/702/1661
f 4281/700/1662 4314/702/1662 4282/701/1662
f 4315/709/1663 4290/718/1663 4270/677/1663
f 4315/709/1664 4270/677/1664 4312/693/1664
f 4289/719/1665 4275/689/1665 4272/685/1665
f 4289/719/1666 4272/685/1666 4316/720/1666
f 4316/720/1667 4272/685/1667 4317/678/1667
f 4316/720/1714 4317/678/1714 4301/721/1714
f 4290/718/1669 4301/721/1669 4317/678/1669
f 4290/718/1670 4317/678/1670 4270/677/1670
f 4324/650/1544 4318/651/1544 4320/652/1544
f 4324/650/1545 4320/652/1545 4355/653/1545
f 4318/651/1546 4358/654/1546 4322/655/1546
f 4318/651/1547 4322/655/1547 4320/652/1547
f 4319/656/1548 4355/653/1548 4320/652/1548
f 4319/656/1549 4320/652/1549 4321/657/1549
f 4321/657/1550 4320/652/1550 4322/655/1550
f 4321/657/1551 4322/655/1551 4323/658/1551
f 4335/659/1552 4319/656/1552 4321/657/1552
f 4335/659/1553 4321/657/1553 4333/660/1553
f 4333/660/1554 4321/657/1554 4323/658/1554
f 4333/660/1715 4323/658/1715 4364/661/1715
f 4362/662/1556 4332/663/1556 4318/651/1556
f 4362/662/1557 4318/651/1557 4324/650/1557
f 4332/663/1558 4325/664/1558 4358/654/1558
f 4332/663/1559 4358/654/1559 4318/651/1559
f 4367/665/1560 4328/666/1560 4326/667/1560
f 4367/665/1561 4326/667/1561 4363/668/1561
f 4328/666/1562 4327/669/1562 4334/670/1562
f 4328/666/1563 4334/670/1563 4326/667/1563
f 4367/665/1564 4330/671/1564 4331/672/1564
f 4367/665/1565 4331/672/1565 4328/666/1565
f 4328/666/1564 4331/672/1564 4329/673/1564
f 4328/666/1566 4329/673/1566 4327/669/1566
f 4330/671/1567 4325/664/1567 4332/663/1567
f 4330/671/1671 4332/663/1671 4331/672/1671
f 4331/672/1672 4332/663/1672 4362/662/1672
f 4331/672/1570 4362/662/1570 4329/673/1570
f 4363/668/1571 4326/667/1571 4333/674/1571
f 4363/668/1572 4333/674/1572 4364/675/1572
f 4326/667/1573 4334/670/1573 4335/676/1573
f 4326/667/1574 4335/676/1574 4333/674/1574
f 4336/677/1575 4381/678/1575 4338/679/1575
f 4336/677/1576 4338/679/1576 4341/680/1576
f 4372/681/1577 4337/682/1577 4360/683/1577
f 4372/681/1578 4360/683/1578 4342/684/1578
f 4380/685/1579 4373/686/1579 4338/679/1579
f 4380/685/1580 4338/679/1580 4381/678/1580
f 4374/687/1581 4361/688/1581 4360/683/1581
f 4374/687/1582 4360/683/1582 4337/682/1582
f 4339/689/1583 4350/690/1583 4373/686/1583
f 4339/689/1584 4373/686/1584 4380/685/1584
f 4368/691/1585 4365/692/1585 4361/688/1585
f 4368/691/1586 4361/688/1586 4374/687/1586
f 4340/693/1587 4336/677/1587 4341/680/1587
f 4340/693/1588 4341/680/1588 4371/694/1588
f 4348/695/1589 4372/681/1589 4342/684/1589
f 4348/695/1590 4342/684/1590 4359/696/1590
f 4343/697/1591 4369/698/1591 4351/699/1591
f 4343/697/1592 4351/699/1592 4377/700/1592
f 4345/701/1593 4378/702/1593 4353/703/1593
f 4345/701/1594 4353/703/1594 4344/704/1594
f 4343/697/1595 4377/700/1595 4375/705/1595
f 4343/697/1596 4375/705/1596 4347/706/1596
f 4345/701/1597 4344/704/1597 4346/707/1597
f 4345/701/1676 4346/707/1676 4376/708/1676
f 4347/706/1599 4375/705/1599 4371/694/1599
f 4347/706/1600 4371/694/1600 4348/695/1600
f 4376/708/1601 4346/707/1601 4349/709/1601
f 4376/708/1602 4349/709/1602 4340/693/1602
f 4369/698/1603 4368/710/1603 4350/711/1603
f 4369/698/1604 4350/711/1604 4351/699/1604
f 4378/702/1605 4339/712/1605 4352/713/1605
f 4378/702/1606 4352/713/1606 4353/703/1606
f 4362/662/1607 4324/650/1607 4354/650/1607
f 4362/662/1608 4354/650/1608 4349/662/1608
f 4322/655/1698 4358/654/1698 4342/654/1698
f 4322/655/1610 4342/654/1610 4360/655/1610
f 4327/669/1699 4329/673/1699 4346/673/1699
f 4327/669/1612 4346/673/1612 4344/669/1612
f 4355/653/1613 4319/656/1613 4379/656/1613
f 4355/653/1614 4379/656/1614 4356/653/1614
f 4325/664/1679 4330/671/1679 4357/671/1679
f 4325/664/1680 4357/671/1680 4359/664/1680
f 4358/654/1617 4325/664/1617 4359/664/1617
f 4358/654/1618 4359/664/1618 4342/654/1618
f 4367/665/1619 4363/668/1619 4366/668/1619
f 4367/665/1682 4366/668/1682 4370/665/1682
f 4323/658/1621 4322/655/1621 4360/655/1621
f 4323/658/1622 4360/655/1622 4361/658/1622
f 4329/673/1623 4362/662/1623 4349/662/1623
f 4329/673/1716 4349/662/1716 4346/673/1716
f 4319/656/1625 4335/659/1625 4352/659/1625
f 4319/656/1702 4352/659/1702 4379/656/1702
f 4363/668/1627 4364/675/1627 4365/675/1627
f 4363/668/1685 4365/675/1685 4366/668/1685
f 4334/670/1629 4327/669/1629 4344/669/1629
f 4334/670/1630 4344/669/1630 4353/670/1630
f 4324/650/1687 4355/653/1687 4356/653/1687
f 4324/650/1632 4356/653/1632 4354/650/1632
f 4330/671/1633 4367/665/1633 4370/665/1633
f 4330/671/1634 4370/665/1634 4357/671/1634
f 4364/661/1690 4323/658/1690 4361/658/1690
f 4364/661/1636 4361/658/1636 4365/661/1636
f 4335/676/1692 4334/670/1692 4353/670/1692
f 4335/676/1638 4353/670/1638 4352/676/1638
f 4366/714/1639 4365/715/1639 4368/710/1639
f 4366/714/1640 4368/710/1640 4369/698/1640
f 4357/716/1641 4347/706/1641 4348/695/1641
f 4357/716/1642 4348/695/1642 4359/696/1642
f 4370/717/1643 4343/697/1643 4347/706/1643
f 4370/717/1644 4347/706/1644 4357/716/1644
f 4370/717/1645 4366/714/1645 4369/698/1645
f 4370/717/1646 4369/698/1646 4343/697/1646
f 4371/694/1647 4341/680/1647 4372/681/1647
f 4371/694/1648 4372/681/1648 4348/695/1648
f 4350/690/1649 4368/691/1649 4374/687/1649
f 4350/690/1650 4374/687/1650 4373/686/1650
f 4373/686/1651 4374/687/1651 4337/682/1651
f 4373/686/1652 4337/682/1652 4338/679/1652
f 4341/680/1653 4338/679/1653 4337/682/1653
f 4341/680/1654 4337/682/1654 4372/681/1654
f 4351/699/1694 4350/711/1694 4339/712/1694
f 4351/699/1656 4339/712/1656 4378/702/1656
f 4375/705/1657 4376/708/1657 4340/693/1657
f 4375/705/1658 4340/693/1658 4371/694/1658
f 4377/700/1659 4345/701/1659 4376/708/1659
f 4377/700/1660 4376/708/1660 4375/705/1660
f 4377/700/1661 4351/699/1661 4378/702/1661
f 4377/700/1662 4378/702/1662 4345/701/1662
f 4349/709/1663 4354/718/1663 4336/677/1663
f 4349/709/1664 4336/677/1664 4340/693/1664
f 4352/719/1665 4339/689/1665 4380/685/1665
f 4352/719/1666 4380/685/1666 4379/720/1666
f 4379/720/1708 4380/685/1708 4381/678/1708
f 4379/720/1709 4381/678/1709 4356/721/1709
f 4354/718/1669 4356/721/1669 4381/678/1669
f 4354/718/1670 4381/678/1670 4336/677/1670
f 4423/650/1544 4383/651/1544 4382/652/1544
f 4423/650/1545 4382/652/1545 4417/653/1545
f 4383/651/1546 4384/654/1546 4386/655/1546
f 4383/651/1547 4386/655/1547 4382/652/1547
f 4421/656/1548 4417/653/1548 4382/652/1548
f 4421/656/1549 4382/652/1549 4385/657/1549
f 4385/657/1550 4382/652/1550 4386/655/1550
f 4385/657/1551 4386/655/1551 4388/658/1551
f 4427/659/1552 4421/656/1552 4385/657/1552
f 4427/659/1553 4385/657/1553 4387/660/1553
f 4387/660/1554 4385/657/1554 4388/658/1554
f 4387/660/1555 4388/658/1555 4425/661/1555
f 4394/662/1556 4389/663/1556 4383/651/1556
f 4394/662/1557 4383/651/1557 4423/650/1557
f 4389/663/1558 4418/664/1558 4384/654/1558
f 4389/663/1559 4384/654/1559 4383/651/1559
f 4419/665/1560 4391/666/1560 4396/667/1560
f 4419/665/1561 4396/667/1561 4395/668/1561
f 4391/666/1562 4416/669/1562 4390/670/1562
f 4391/666/1563 4390/670/1563 4396/667/1563
f 4419/665/1564 4392/671/1564 4393/672/1564
f 4419/665/1565 4393/672/1565 4391/666/1565
f 4391/666/1564 4393/672/1564 4420/673/1564
f 4391/666/1566 4420/673/1566 4416/669/1566
f 4392/671/1567 4418/664/1567 4389/663/1567
f 4392/671/1671 4389/663/1671 4393/672/1671
f 4393/672/1672 4389/663/1672 4394/662/1672
f 4393/672/1570 4394/662/1570 4420/673/1570
f 4395/668/1571 4396/667/1571 4387/674/1571
f 4395/668/1572 4387/674/1572 4425/675/1572
f 4396/667/1573 4390/670/1573 4427/676/1573
f 4396/667/1574 4427/676/1574 4387/674/1574
f 4441/677/1575 4445/678/1575 4437/679/1575
f 4441/677/1576 4437/679/1576 4436/680/1576
f 4397/681/1577 4435/682/1577 4415/683/1577
f 4397/681/1578 4415/683/1578 4398/684/1578
f 4443/685/1579 4434/686/1579 4437/679/1579
f 4443/685/1580 4437/679/1580 4445/678/1580
f 4399/687/1581 4401/688/1581 4415/683/1581
f 4399/687/1582 4415/683/1582 4435/682/1582
f 4400/689/1583 4433/690/1583 4434/686/1583
f 4400/689/1584 4434/686/1584 4443/685/1584
f 4428/691/1585 4426/692/1585 4401/688/1585
f 4428/691/1586 4401/688/1586 4399/687/1586
f 4402/693/1587 4441/677/1587 4436/680/1587
f 4402/693/1588 4436/680/1588 4409/694/1588
f 4410/695/1717 4397/681/1717 4398/684/1717
f 4410/695/1590 4398/684/1590 4403/696/1590
f 4431/697/1591 4412/698/1591 4404/699/1591
f 4431/697/1592 4404/699/1592 4405/700/1592
f 4438/701/1593 4413/702/1593 4414/703/1593
f 4438/701/1594 4414/703/1594 4406/704/1594
f 4431/697/1675 4405/700/1675 4408/705/1675
f 4431/697/1596 4408/705/1596 4407/706/1596
f 4438/701/1597 4406/704/1597 4411/707/1597
f 4438/701/1676 4411/707/1676 4439/708/1676
f 4407/706/1599 4408/705/1599 4409/694/1599
f 4407/706/1600 4409/694/1600 4410/695/1600
f 4439/708/1697 4411/707/1697 4440/709/1697
f 4439/708/1602 4440/709/1602 4402/693/1602
f 4412/698/1603 4428/710/1603 4433/711/1603
f 4412/698/1604 4433/711/1604 4404/699/1604
f 4413/702/1605 4400/712/1605 4422/713/1605
f 4413/702/1606 4422/713/1606 4414/703/1606
f 4394/662/1607 4423/650/1607 4444/650/1607
f 4394/662/1608 4444/650/1608 4440/662/1608
f 4386/655/1609 4384/654/1609 4398/654/1609
f 4386/655/1610 4398/654/1610 4415/655/1610
f 4416/669/1611 4420/673/1611 4411/673/1611
f 4416/669/1612 4411/673/1612 4406/669/1612
f 4417/653/1613 4421/656/1613 4442/656/1613
f 4417/653/1614 4442/656/1614 4424/653/1614
f 4418/664/1679 4392/671/1679 4429/671/1679
f 4418/664/1680 4429/671/1680 4403/664/1680
f 4384/654/1617 4418/664/1617 4403/664/1617
f 4384/654/1618 4403/664/1618 4398/654/1618
f 4419/665/1619 4395/668/1619 4432/668/1619
f 4419/665/1682 4432/668/1682 4430/665/1682
f 4388/658/1621 4386/655/1621 4415/655/1621
f 4388/658/1622 4415/655/1622 4401/658/1622
f 4420/673/1623 4394/662/1623 4440/662/1623
f 4420/673/1624 4440/662/1624 4411/673/1624
f 4421/656/1683 4427/659/1683 4422/659/1683
f 4421/656/1702 4422/659/1702 4442/656/1702
f 4395/668/1627 4425/675/1627 4426/675/1627
f 4395/668/1685 4426/675/1685 4432/668/1685
f 4390/670/1629 4416/669/1629 4406/669/1629
f 4390/670/1630 4406/669/1630 4414/670/1630
f 4423/650/1687 4417/653/1687 4424/653/1687
f 4423/650/1632 4424/653/1632 4444/650/1632
f 4392/671/1633 4419/665/1633 4430/665/1633
f 4392/671/1689 4430/665/1689 4429/671/1689
f 4425/661/1690 4388/658/1690 4401/658/1690
f 4425/661/1636 4401/658/1636 4426/661/1636
f 4427/676/1692 4390/670/1692 4414/670/1692
f 4427/676/1638 4414/670/1638 4422/676/1638
f 4432/714/1639 4426/715/1639 4428/710/1639
f 4432/714/1640 4428/710/1640 4412/698/1640
f 4429/716/1641 4407/706/1641 4410/695/1641
f 4429/716/1642 4410/695/1642 4403/696/1642
f 4430/717/1643 4431/697/1643 4407/706/1643
f 4430/717/1644 4407/706/1644 4429/716/1644
f 4430/717/1645 4432/714/1645 4412/698/1645
f 4430/717/1646 4412/698/1646 4431/697/1646
f 4409/694/1647 4436/680/1647 4397/681/1647
f 4409/694/1693 4397/681/1693 4410/695/1693
f 4433/690/1649 4428/691/1649 4399/687/1649
f 4433/690/1650 4399/687/1650 4434/686/1650
f 4434/686/1651 4399/687/1651 4435/682/1651
f 4434/686/1652 4435/682/1652 4437/679/1652
f 4436/680/1653 4437/679/1653 4435/682/1653
f 4436/680/1654 4435/682/1654 4397/681/1654
f 4404/699/1694 4433/711/1694 4400/712/1694
f 4404/699/1656 4400/712/1656 4413/702/1656
f 4408/705/1657 4439/708/1657 4402/693/1657
f 4408/705/1658 4402/693/1658 4409/694/1658
f 4405/700/1659 4438/701/1659 4439/708/1659
f 4405/700/1660 4439/708/1660 4408/705/1660
f 4405/700/1661 4404/699/1661 4413/702/1661
f 4405/700/1662 4413/702/1662 4438/701/1662
f 4440/709/1663 4444/718/1663 4441/677/1663
f 4440/709/1664 4441/677/1664 4402/693/1664
f 4422/719/1665 4400/689/1665 4443/685/1665
f 4422/719/1666 4443/685/1666 4442/720/1666
f 4442/720/1708 4443/685/1708 4445/678/1708
f 4442/720/1709 4445/678/1709 4424/721/1709
f 4444/718/1669 4424/721/1669 4445/678/1669
f 4444/718/1670 4445/678/1670 4441/677/1670
f 4481/650/1544 4446/651/1544 4449/652/1544
f 4481/650/1545 4449/652/1545 4448/653/1545
f 4446/651/1546 4447/654/1546 4451/655/1546
f 4446/651/1547 4451/655/1547 4449/652/1547
f 4489/656/1548 4448/653/1548 4449/652/1548
f 4489/656/1549 4449/652/1549 4450/657/1549
f 4450/657/1550 4449/652/1550 4451/655/1550
f 4450/657/1551 4451/655/1551 4452/658/1551
f 4490/659/1552 4489/656/1552 4450/657/1552
f 4490/659/1553 4450/657/1553 4461/660/1553
f 4461/660/1554 4450/657/1554 4452/658/1554
f 4461/660/1555 4452/658/1555 4493/661/1555
f 4453/662/1556 4460/663/1556 4446/651/1556
f 4453/662/1557 4446/651/1557 4481/650/1557
f 4460/663/1558 4486/664/1558 4447/654/1558
f 4460/663/1559 4447/654/1559 4446/651/1559
f 4457/665/1560 4455/666/1560 4454/667/1560
f 4457/665/1561 4454/667/1561 4491/668/1561
f 4455/666/1562 4484/669/1562 4456/670/1562
f 4455/666/1563 4456/670/1563 4454/667/1563
f 4457/665/1564 4458/671/1564 4459/672/1564
f 4457/665/1565 4459/672/1565 4455/666/1565
f 4455/666/1564 4459/672/1564 4488/673/1564
f 4455/666/1566 4488/673/1566 4484/669/1566
f 4458/671/1567 4486/664/1567 4460/663/1567
f 4458/671/1671 4460/663/1671 4459/672/1671
f 4459/672/1672 4460/663/1672 4453/662/1672
f 4459/672/1570 4453/662/1570 4488/673/1570
f 4491/668/1571 4454/667/1571 4461/674/1571
f 4491/668/1572 4461/674/1572 4493/675/1572
f 4454/667/1573 4456/670/1573 4490/676/1573
f 4454/667/1574 4490/676/1574 4461/674/1574
f 4462/677/1575 4463/678/1575 4502/679/1575
f 4462/677/1576 4502/679/1576 4503/680/1576
f 4498/681/1577 4501/682/1577 4483/683/1577
f 4498/681/1578 4483/683/1578 4482/684/1578
f 4464/685/1579 4500/686/1579 4502/679/1579
f 4464/685/1718 4502/679/1718 4463/678/1718
f 4465/687/1581 4468/688/1581 4483/683/1581
f 4465/687/1582 4483/683/1582 4501/682/1582
f 4479/689/1583 4466/690/1583 4500/686/1583
f 4479/689/1719 4500/686/1719 4464/685/1719
f 4467/691/1585 4492/692/1585 4468/688/1585
f 4467/691/1673 4468/688/1673 4465/687/1673
f 4469/693/1587 4462/677/1587 4503/680/1587
f 4469/693/1588 4503/680/1588 4476/694/1588
f 4499/695/1589 4498/681/1589 4482/684/1589
f 4499/695/1590 4482/684/1590 4487/696/1590
f 4470/697/1591 4478/698/1591 4471/699/1591
f 4470/697/1592 4471/699/1592 4504/700/1592
f 4474/701/1593 4505/702/1593 4480/703/1593
f 4474/701/1594 4480/703/1594 4472/704/1594
f 4470/697/1595 4504/700/1595 4473/705/1595
f 4470/697/1596 4473/705/1596 4497/706/1596
f 4474/701/1597 4472/704/1597 4475/707/1597
f 4474/701/1598 4475/707/1598 4477/708/1598
f 4497/706/1599 4473/705/1599 4476/694/1599
f 4497/706/1600 4476/694/1600 4499/695/1600
f 4477/708/1601 4475/707/1601 4506/709/1601
f 4477/708/1602 4506/709/1602 4469/693/1602
f 4478/698/1603 4467/710/1603 4466/711/1603
f 4478/698/1604 4466/711/1604 4471/699/1604
f 4505/702/1605 4479/712/1605 4507/713/1605
f 4505/702/1606 4507/713/1606 4480/703/1606
f 4453/662/1607 4481/650/1607 4509/650/1607
f 4453/662/1608 4509/650/1608 4506/662/1608
f 4451/655/1698 4447/654/1698 4482/654/1698
f 4451/655/1610 4482/654/1610 4483/655/1610
f 4484/669/1611 4488/673/1611 4475/673/1611
f 4484/669/1720 4475/673/1720 4472/669/1720
f 4448/653/1677 4489/656/1677 4508/656/1677
f 4448/653/1614 4508/656/1614 4485/653/1614
f 4486/664/1615 4458/671/1615 4495/671/1615
f 4486/664/1680 4495/671/1680 4487/664/1680
f 4447/654/1617 4486/664/1617 4487/664/1617
f 4447/654/1618 4487/664/1618 4482/654/1618
f 4457/665/1619 4491/668/1619 4494/668/1619
f 4457/665/1682 4494/668/1682 4496/665/1682
f 4452/658/1621 4451/655/1621 4483/655/1621
f 4452/658/1622 4483/655/1622 4468/658/1622
f 4488/673/1623 4453/662/1623 4506/662/1623
f 4488/673/1716 4506/662/1716 4475/673/1716
f 4489/656/1721 4490/659/1721 4507/659/1721
f 4489/656/1702 4507/659/1702 4508/656/1702
f 4491/668/1627 4493/675/1627 4492/675/1627
f 4491/668/1685 4492/675/1685 4494/668/1685
f 4456/670/1629 4484/669/1629 4472/669/1629
f 4456/670/1630 4472/669/1630 4480/670/1630
f 4481/650/1687 4448/653/1687 4485/653/1687
f 4481/650/1632 4485/653/1632 4509/650/1632
f 4458/671/1633 4457/665/1633 4496/665/1633
f 4458/671/1689 4496/665/1689 4495/671/1689
f 4493/661/1690 4452/658/1690 4468/658/1690
f 4493/661/1691 4468/658/1691 4492/661/1691
f 4490/676/1692 4456/670/1692 4480/670/1692
f 4490/676/1638 4480/670/1638 4507/676/1638
f 4494/714/1639 4492/715/1639 4467/710/1639
f 4494/714/1640 4467/710/1640 4478/698/1640
f 4495/716/1641 4497/706/1641 4499/695/1641
f 4495/716/1722 4499/695/1722 4487/696/1722
f 4496/717/1643 4470/697/1643 4497/706/1643
f 4496/717/1644 4497/706/1644 4495/716/1644
f 4496/717/1645 4494/714/1645 4478/698/1645
f 4496/717/1646 4478/698/1646 4470/697/1646
f 4476/694/1647 4503/680/1647 4498/681/1647
f 4476/694/1693 4498/681/1693 4499/695/1693
f 4466/690/1649 4467/691/1649 4465/687/1649
f 4466/690/1650 4465/687/1650 4500/686/1650
f 4500/686/1651 4465/687/1651 4501/682/1651
f 4500/686/1652 4501/682/1652 4502/679/1652
f 4503/680/1653 4502/679/1653 4501/682/1653
f 4503/680/1654 4501/682/1654 4498/681/1654
f 4471/699/1694 4466/711/1694 4479/712/1694
f 4471/699/1656 4479/712/1656 4505/702/1656
f 4473/705/1657 4477/708/1657 4469/693/1657
f 4473/705/1658 4469/693/1658 4476/694/1658
f 4504/700/1659 4474/701/1659 4477/708/1659
f 4504/700/1723 4477/708/1723 4473/705/1723
f 4504/700/1661 4471/699/1661 4505/702/1661
f 4504/700/1662 4505/702/1662 4474/701/1662
f 4506/709/1663 4509/718/1663 4462/677/1663
f 4506/709/1664 4462/677/1664 4469/693/1664
f 4507/719/1665 4479/689/1665 4464/685/1665
f 4507/719/1666 4464/685/1666 4508/720/1666
f 4508/720/1667 4464/685/1667 4463/678/1667
f 4508/720/1714 4463/678/1714 4485/721/1714
f 4509/718/1669 4485/721/1669 4463/678/1669
f 4509/718/1670 4463/678/1670 4462/677/1670
f 4516/650/1544 4515/651/1544 4510/652/1544
f 4516/650/1545 4510/652/1545 4547/653/1545
f 4515/651/1546 4517/654/1546 4545/655/1546
f 4515/651/1547 4545/655/1547 4510/652/1547
f 4511/656/1548 4547/653/1548 4510/652/1548
f 4511/656/1549 4510/652/1549 4512/657/1549
f 4512/657/1550 4510/652/1550 4545/655/1550
f 4512/657/1551 4545/655/1551 4514/658/1551
f 4553/659/1552 4511/656/1552 4512/657/1552
f 4553/659/1553 4512/657/1553 4513/660/1553
f 4513/660/1554 4512/657/1554 4514/658/1554
f 4513/660/1555 4514/658/1555 4528/661/1555
f 4525/662/1556 4524/663/1556 4515/651/1556
f 4525/662/1557 4515/651/1557 4516/650/1557
f 4524/663/1558 4523/664/1558 4517/654/1558
f 4524/663/1559 4517/654/1559 4515/651/1559
f 4520/665/1560 4519/666/1560 4518/667/1560
f 4520/665/1561 4518/667/1561 4527/668/1561
f 4519/666/1562 4546/669/1562 4555/670/1562
f 4519/666/1563 4555/670/1563 4518/667/1563
f 4520/665/1564 4521/671/1564 4522/672/1564
f 4520/665/1565 4522/672/1565 4519/666/1565
f 4519/666/1564 4522/672/1564 4526/673/1564
f 4519/666/1566 4526/673/1566 4546/669/1566
f 4521/671/1567 4523/664/1567 4524/663/1567
f 4521/671/1671 4524/663/1671 4522/672/1671
f 4522/672/1672 4524/663/1672 4525/662/1672
f 4522/672/1570 4525/662/1570 4526/673/1570
f 4527/668/1571 4518/667/1571 4513/674/1571
f 4527/668/1572 4513/674/1572 4528/675/1572
f 4518/667/1573 4555/670/1573 4553/676/1573
f 4518/667/1574 4553/676/1574 4513/674/1574
f 4570/677/1575 4530/678/1575 4566/679/1575
f 4570/677/1576 4566/679/1576 4565/680/1576
f 4535/681/1577 4564/682/1577 4529/683/1577
f 4535/681/1578 4529/683/1578 4536/684/1578
f 4571/685/1579 4563/686/1579 4566/679/1579
f 4571/685/1580 4566/679/1580 4530/678/1580
f 4562/687/1581 4532/688/1581 4529/683/1581
f 4562/687/1582 4529/683/1582 4564/682/1582
f 4531/689/1583 4544/690/1583 4563/686/1583
f 4531/689/1719 4563/686/1719 4571/685/1719
f 4543/691/1585 4557/692/1585 4532/688/1585
f 4543/691/1673 4532/688/1673 4562/687/1673
f 4533/693/1587 4570/677/1587 4565/680/1587
f 4533/693/1588 4565/680/1588 4534/694/1588
f 4560/695/1589 4535/681/1589 4536/684/1589
f 4560/695/1590 4536/684/1590 4537/696/1590
f 4561/697/1591 4558/698/1591 4538/699/1591
f 4561/697/1592 4538/699/1592 4569/700/1592
f 4541/701/1593 4567/702/1593 4539/703/1593
f 4541/701/1594 4539/703/1594 4556/704/1594
f 4561/697/1595 4569/700/1595 4540/705/1595
f 4561/697/1596 4540/705/1596 4559/706/1596
f 4541/701/1597 4556/704/1597 4542/707/1597
f 4541/701/1598 4542/707/1598 4568/708/1598
f 4559/706/1696 4540/705/1696 4534/694/1696
f 4559/706/1600 4534/694/1600 4560/695/1600
f 4568/708/1601 4542/707/1601 4552/709/1601
f 4568/708/1602 4552/709/1602 4533/693/1602
f 4558/698/1603 4543/710/1603 4544/711/1603
f 4558/698/1604 4544/711/1604 4538/699/1604
f 4567/702/1605 4531/712/1605 4554/713/1605
f 4567/702/1606 4554/713/1606 4539/703/1606
f 4525/662/1607 4516/650/1607 4572/650/1607
f 4525/662/1608 4572/650/1608 4552/662/1608
f 4545/655/1698 4517/654/1698 4536/654/1698
f 4545/655/1610 4536/654/1610 4529/655/1610
f 4546/669/1611 4526/673/1611 4542/673/1611
f 4546/669/1700 4542/673/1700 4556/669/1700
f 4547/653/1613 4511/656/1613 4548/656/1613
f 4547/653/1678 4548/656/1678 4573/653/1678
f 4523/664/1679 4521/671/1679 4549/671/1679
f 4523/664/1680 4549/671/1680 4537/664/1680
f 4517/654/1617 4523/664/1617 4537/664/1617
f 4517/654/1618 4537/664/1618 4536/654/1618
f 4520/665/1619 4527/668/1619 4550/668/1619
f 4520/665/1682 4550/668/1682 4551/665/1682
f 4514/658/1621 4545/655/1621 4529/655/1621
f 4514/658/1622 4529/655/1622 4532/658/1622
f 4526/673/1623 4525/662/1623 4552/662/1623
f 4526/673/1716 4552/662/1716 4542/673/1716
f 4511/656/1683 4553/659/1683 4554/659/1683
f 4511/656/1684 4554/659/1684 4548/656/1684
f 4527/668/1627 4528/675/1627 4557/675/1627
f 4527/668/1685 4557/675/1685 4550/668/1685
f 4555/670/1724 4546/669/1724 4556/669/1724
f 4555/670/1630 4556/669/1630 4539/670/1630
f 4516/650/1687 4547/653/1687 4573/653/1687
f 4516/650/1632 4573/653/1632 4572/650/1632
f 4521/671/1633 4520/665/1633 4551/665/1633
f 4521/671/1634 4551/665/1634 4549/671/1634
f 4528/661/1690 4514/658/1690 4532/658/1690
f 4528/661/1636 4532/658/1636 4557/661/1636
f 4553/676/1725 4555/670/1725 4539/670/1725
f 4553/676/1638 4539/670/1638 4554/676/1638
f 4550/714/1639 4557/715/1639 4543/710/1639
f 4550/714/1640 4543/710/1640 4558/698/1640
f 4549/716/1641 4559/706/1641 4560/695/1641
f 4549/716/1642 4560/695/1642 4537/696/1642
f 4551/717/1643 4561/697/1643 4559/706/1643
f 4551/717/1644 4559/706/1644 4549/716/1644
f 4551/717/1645 4550/714/1645 4558/698/1645
f 4551/717/1646 4558/698/1646 4561/697/1646
f 4534/694/1647 4565/680/1647 4535/681/1647
f 4534/694/1648 4535/681/1648 4560/695/1648
f 4544/690/1649 4543/691/1649 4562/687/1649
f 4544/690/1650 4562/687/1650 4563/686/1650
f 4563/686/1651 4562/687/1651 4564/682/1651
f 4563/686/1652 4564/682/1652 4566/679/1652
f 4565/680/1653 4566/679/1653 4564/682/1653
f 4565/680/1654 4564/682/1654 4535/681/1654
f 4538/699/1694 4544/711/1694 4531/712/1694
f 4538/699/1656 4531/712/1656 4567/702/1656
f 4540/705/1657 4568/708/1657 4533/693/1657
f 4540/705/1726 4533/693/1726 4534/694/1726
f 4569/700/1659 4541/701/1659 4568/708/1659
f 4569/700/1660 4568/708/1660 4540/705/1660
f 4569/700/1661 4538/699/1661 4567/702/1661
f 4569/700/1662 4567/702/1662 4541/701/1662
f 4552/709/1663 4572/718/1663 4570/677/1663
f 4552/709/1664 4570/677/1664 4533/693/1664
f 4554/719/1665 4531/689/1665 4571/685/1665
f 4554/719/1666 4571/685/1666 4548/720/1666
f 4548/720/1708 4571/685/1708 4530/678/1708
f 4548/720/1714 4530/678/1714 4573/721/1714
f 4572/718/1669 4573/721/1669 4530/678/1669
f 4572/718/1670 4530/678/1670 4570/677/1670
f 4615/650/1544 4580/651/1544 4575/652/1544
f 4615/650/1545 4575/652/1545 4616/653/1545
f 4580/651/1546 4609/654/1546 4574/655/1546
f 4580/651/1547 4574/655/1547 4575/652/1547
f 4611/656/1548 4616/653/1548 4575/652/1548
f 4611/656/1549 4575/652/1549 4576/657/1549
f 4576/657/1550 4575/652/1550 4574/655/1550
f 4576/657/1551 4574/655/1551 4619/658/1551
f 4577/659/1552 4611/656/1552 4576/657/1552
f 4577/659/1553 4576/657/1553 4578/660/1553
f 4578/660/1554 4576/657/1554 4619/658/1554
f 4578/660/1555 4619/658/1555 4587/661/1555
f 4579/662/1556 4584/663/1556 4580/651/1556
f 4579/662/1557 4580/651/1557 4615/650/1557
f 4584/663/1558 4608/664/1558 4609/654/1558
f 4584/663/1559 4609/654/1559 4580/651/1559
f 4581/665/1560 4582/666/1560 4586/667/1560
f 4581/665/1561 4586/667/1561 4612/668/1561
f 4582/666/1562 4607/669/1562 4614/670/1562
f 4582/666/1563 4614/670/1563 4586/667/1563
f 4581/665/1564 4617/671/1564 4585/672/1564
f 4581/665/1565 4585/672/1565 4582/666/1565
f 4582/666/1564 4585/672/1564 4583/673/1564
f 4582/666/1566 4583/673/1566 4607/669/1566
f 4617/671/1567 4608/664/1567 4584/663/1567
f 4617/671/1671 4584/663/1671 4585/672/1671
f 4585/672/1672 4584/663/1672 4579/662/1672
f 4585/672/1570 4579/662/1570 4583/673/1570
f 4612/668/1571 4586/667/1571 4578/674/1571
f 4612/668/1572 4578/674/1572 4587/675/1572
f 4586/667/1573 4614/670/1573 4577/676/1573
f 4586/667/1574 4577/676/1574 4578/674/1574
f 4588/677/1575 4637/678/1575 4628/679/1575
f 4588/677/1576 4628/679/1576 4589/680/1576
f 4626/681/1577 4590/682/1577 4610/683/1577
f 4626/681/1578 4610/683/1578 4595/684/1578
f 4591/685/1579 4593/686/1579 4628/679/1579
f 4591/685/1718 4628/679/1718 4637/678/1718
f 4592/687/1581 4620/688/1581 4610/683/1581
f 4592/687/1582 4610/683/1582 4590/682/1582
f 4633/689/1583 4605/690/1583 4593/686/1583
f 4633/689/1719 4593/686/1719 4591/685/1719
f 4627/691/1585 4613/692/1585 4620/688/1585
f 4627/691/1586 4620/688/1586 4592/687/1586
f 4631/693/1587 4588/677/1587 4589/680/1587
f 4631/693/1588 4589/680/1588 4602/694/1588
f 4594/695/1589 4626/681/1589 4595/684/1589
f 4594/695/1590 4595/684/1590 4624/696/1590
f 4599/697/1591 4625/698/1591 4596/699/1591
f 4599/697/1592 4596/699/1592 4632/700/1592
f 4597/701/1593 4598/702/1593 4621/703/1593
f 4597/701/1594 4621/703/1594 4600/704/1594
f 4599/697/1675 4632/700/1675 4629/705/1675
f 4599/697/1596 4629/705/1596 4601/706/1596
f 4597/701/1597 4600/704/1597 4603/707/1597
f 4597/701/1676 4603/707/1676 4630/708/1676
f 4601/706/1599 4629/705/1599 4602/694/1599
f 4601/706/1600 4602/694/1600 4594/695/1600
f 4630/708/1601 4603/707/1601 4604/709/1601
f 4630/708/1602 4604/709/1602 4631/693/1602
f 4625/698/1603 4627/710/1603 4605/711/1603
f 4625/698/1604 4605/711/1604 4596/699/1604
f 4598/702/1605 4633/712/1605 4606/713/1605
f 4598/702/1606 4606/713/1606 4621/703/1606
f 4579/662/1607 4615/650/1607 4635/650/1607
f 4579/662/1727 4635/650/1727 4604/662/1727
f 4574/655/1698 4609/654/1698 4595/654/1698
f 4574/655/1728 4595/654/1728 4610/655/1728
f 4607/669/1611 4583/673/1611 4603/673/1611
f 4607/669/1720 4603/673/1720 4600/669/1720
f 4616/653/1677 4611/656/1677 4634/656/1677
f 4616/653/1678 4634/656/1678 4636/653/1678
f 4608/664/1679 4617/671/1679 4623/671/1679
f 4608/664/1680 4623/671/1680 4624/664/1680
f 4609/654/1617 4608/664/1617 4624/664/1617
f 4609/654/1618 4624/664/1618 4595/654/1618
f 4581/665/1619 4612/668/1619 4622/668/1619
f 4581/665/1682 4622/668/1682 4618/665/1682
f 4619/658/1729 4574/655/1729 4610/655/1729
f 4619/658/1622 4610/655/1622 4620/658/1622
f 4583/673/1623 4579/662/1623 4604/662/1623
f 4583/673/1716 4604/662/1716 4603/673/1716
f 4611/656/1683 4577/659/1683 4606/659/1683
f 4611/656/1684 4606/659/1684 4634/656/1684
f 4612/668/1730 4587/675/1730 4613/675/1730
f 4612/668/1685 4613/675/1685 4622/668/1685
f 4614/670/1724 4607/669/1724 4600/669/1724
f 4614/670/1731 4600/669/1731 4621/670/1731
f 4615/650/1687 4616/653/1687 4636/653/1687
f 4615/650/1632 4636/653/1632 4635/650/1632
f 4617/671/1732 4581/665/1732 4618/665/1732
f 4617/671/1689 4618/665/1689 4623/671/1689
f 4587/661/1635 4619/658/1635 4620/658/1635
f 4587/661/1636 4620/658/1636 4613/661/1636
f 4577/676/1733 4614/670/1733 4621/670/1733
f 4577/676/1638 4621/670/1638 4606/676/1638
f 4622/714/1639 4613/715/1639 4627/710/1639
f 4622/714/1734 4627/710/1734 4625/698/1734
f 4623/716/1641 4601/706/1641 4594/695/1641
f 4623/716/1642 4594/695/1642 4624/696/1642
f 4618/717/1643 4599/697/1643 4601/706/1643
f 4618/717/1644 4601/706/1644 4623/716/1644
f 4618/717/1645 4622/714/1645 4625/698/1645
f 4618/717/1646 4625/698/1646 4599/697/1646
f 4602/694/1647 4589/680/1647 4626/681/1647
f 4602/694/1648 4626/681/1648 4594/695/1648
f 4605/690/1649 4627/691/1649 4592/687/1649
f 4605/690/1650 4592/687/1650 4593/686/1650
f 4593/686/1651 4592/687/1651 4590/682/1651
f 4593/686/1652 4590/682/1652 4628/679/1652
f 4589/680/1653 4628/679/1653 4590/682/1653
f 4589/680/1654 4590/682/1654 4626/681/1654
f 4596/699/1694 4605/711/1694 4633/712/1694
f 4596/699/1656 4633/712/1656 4598/702/1656
f 4629/705/1657 4630/708/1657 4631/693/1657
f 4629/705/1726 4631/693/1726 4602/694/1726
f 4632/700/1659 4597/701/1659 4630/708/1659
f 4632/700/1660 4630/708/1660 4629/705/1660
f 4632/700/1661 4596/699/1661 4598/702/1661
f 4632/700/1662 4598/702/1662 4597/701/1662
f 4604/709/1663 4635/718/1663 4588/677/1663
f 4604/709/1664 4588/677/1664 4631/693/1664
f 4606/719/1665 4633/689/1665 4591/685/1665
f 4606/719/1666 4591/685/1666 4634/720/1666
f 4634/720/1667 4591/685/1667 4637/678/1667
f 4634/720/1714 4637/678/1714 4636/721/1714
f 4635/718/1669 4636/721/1669 4637/678/1669
f 4635/718/1670 4637/678/1670 4588/677/1670
f 4666/650/1544 4643/651/1544 4640/652/1544
f 4666/650/1545 4640/652/1545 4678/653/1545
f 4643/651/1546 4669/654/1546 4638/655/1546
f 4643/651/1547 4638/655/1547 4640/652/1547
f 4676/656/1548 4678/653/1548 4640/652/1548
f 4676/656/1549 4640/652/1549 4639/657/1549
f 4639/657/1550 4640/652/1550 4638/655/1550
f 4639/657/1551 4638/655/1551 4641/658/1551
f 4683/659/1552 4676/656/1552 4639/657/1552
f 4683/659/1553 4639/657/1553 4652/660/1553
f 4652/660/1554 4639/657/1554 4641/658/1554
f 4652/660/1555 4641/658/1555 4642/661/1555
f 4651/662/1556 4649/663/1556 4643/651/1556
f 4651/662/1557 4643/651/1557 4666/650/1557
f 4649/663/1558 4644/664/1558 4669/654/1558
f 4649/663/1559 4669/654/1559 4643/651/1559
f 4672/665/1560 4647/666/1560 4645/667/1560
f 4672/665/1561 4645/667/1561 4646/668/1561
f 4647/666/1562 4648/669/1562 4684/670/1562
f 4647/666/1563 4684/670/1563 4645/667/1563
f 4672/665/1564 4679/671/1564 4650/672/1564
f 4672/665/1565 4650/672/1565 4647/666/1565
f 4647/666/1564 4650/672/1564 4674/673/1564
f 4647/666/1566 4674/673/1566 4648/669/1566
f 4679/671/1567 4644/664/1567 4649/663/1567
f 4679/671/1568 4649/663/1568 4650/672/1568
f 4650/672/1569 4649/663/1569 4651/662/1569
f 4650/672/1570 4651/662/1570 4674/673/1570
f 4646/668/1571 4645/667/1571 4652/674/1571
f 4646/668/1572 4652/674/1572 4642/675/1572
f 4645/667/1573 4684/670/1573 4683/676/1573
f 4645/667/1574 4683/676/1574 4652/674/1574
f 4698/677/1575 4701/678/1575 4654/679/1575
f 4698/677/1576 4654/679/1576 4688/680/1576
f 4653/681/1577 4691/682/1577 4667/683/1577
f 4653/681/1578 4667/683/1578 4671/684/1578
f 4700/685/1579 4690/686/1579 4654/679/1579
f 4700/685/1718 4654/679/1718 4701/678/1718
f 4655/687/1581 4681/688/1581 4667/683/1581
f 4655/687/1582 4667/683/1582 4691/682/1582
f 4692/689/1583 4665/690/1583 4690/686/1583
f 4692/689/1719 4690/686/1719 4700/685/1719
f 4686/691/1585 4682/692/1585 4681/688/1585
f 4686/691/1673 4681/688/1673 4655/687/1673
f 4656/693/1587 4698/677/1587 4688/680/1587
f 4656/693/1588 4688/680/1588 4662/694/1588
f 4689/695/1717 4653/681/1717 4671/684/1717
f 4689/695/1590 4671/684/1590 4670/696/1590
f 4658/697/1591 4664/698/1591 4695/699/1591
f 4658/697/1592 4695/699/1592 4657/700/1592
f 4659/701/1593 4693/702/1593 4685/703/1593
f 4659/701/1594 4685/703/1594 4660/704/1594
f 4658/697/1675 4657/700/1675 4694/705/1675
f 4658/697/1596 4694/705/1596 4661/706/1596
f 4659/701/1597 4660/704/1597 4675/707/1597
f 4659/701/1598 4675/707/1598 4663/708/1598
f 4661/706/1599 4694/705/1599 4662/694/1599
f 4661/706/1600 4662/694/1600 4689/695/1600
f 4663/708/1601 4675/707/1601 4696/709/1601
f 4663/708/1602 4696/709/1602 4656/693/1602
f 4664/698/1603 4686/710/1603 4665/711/1603
f 4664/698/1604 4665/711/1604 4695/699/1604
f 4693/702/1605 4692/712/1605 4677/713/1605
f 4693/702/1606 4677/713/1606 4685/703/1606
f 4651/662/1607 4666/650/1607 4697/650/1607
f 4651/662/1727 4697/650/1727 4696/662/1727
f 4638/655/1698 4669/654/1698 4671/654/1698
f 4638/655/1728 4671/654/1728 4667/655/1728
f 4648/669/1611 4674/673/1611 4675/673/1611
f 4648/669/1700 4675/673/1700 4660/669/1700
f 4678/653/1677 4676/656/1677 4699/656/1677
f 4678/653/1614 4699/656/1614 4668/653/1614
f 4644/664/1679 4679/671/1679 4687/671/1679
f 4644/664/1680 4687/671/1680 4670/664/1680
f 4669/654/1617 4644/664/1617 4670/664/1617
f 4669/654/1618 4670/664/1618 4671/654/1618
f 4672/665/1619 4646/668/1619 4673/668/1619
f 4672/665/1682 4673/668/1682 4680/665/1682
f 4641/658/1735 4638/655/1735 4667/655/1735
f 4641/658/1622 4667/655/1622 4681/658/1622
f 4674/673/1623 4651/662/1623 4696/662/1623
f 4674/673/1736 4696/662/1736 4675/673/1736
f 4676/656/1721 4683/659/1721 4677/659/1721
f 4676/656/1684 4677/659/1684 4699/656/1684
f 4646/668/1627 4642/675/1627 4682/675/1627
f 4646/668/1628 4682/675/1628 4673/668/1628
f 4684/670/1724 4648/669/1724 4660/669/1724
f 4684/670/1630 4660/669/1630 4685/670/1630
f 4666/650/1687 4678/653/1687 4668/653/1687
f 4666/650/1632 4668/653/1632 4697/650/1632
f 4679/671/1633 4672/665/1633 4680/665/1633
f 4679/671/1634 4680/665/1634 4687/671/1634
f 4642/661/1690 4641/658/1690 4681/658/1690
f 4642/661/1636 4681/658/1636 4682/661/1636
f 4683/676/1692 4684/670/1692 4685/670/1692
f 4683/676/1704 4685/670/1704 4677/676/1704
f 4673/714/1639 4682/715/1639 4686/710/1639
f 4673/714/1640 4686/710/1640 4664/698/1640
f 4687/716/1641 4661/706/1641 4689/695/1641
f 4687/716/1642 4689/695/1642 4670/696/1642
f 4680/717/1643 4658/697/1643 4661/706/1643
f 4680/717/1644 4661/706/1644 4687/716/1644
f 4680/717/1645 4673/714/1645 4664/698/1645
f 4680/717/1646 4664/698/1646 4658/697/1646
f 4662/694/1647 4688/680/1647 4653/681/1647
f 4662/694/1648 4653/681/1648 4689/695/1648
f 4665/690/1649 4686/691/1649 4655/687/1649
f 4665/690/1650 4655/687/1650 4690/686/1650
f 4690/686/1651 4655/687/1651 4691/682/1651
f 4690/686/1652 4691/682/1652 4654/679/1652
f 4688/680/1653 4654/679/1653 4691/682/1653
f 4688/680/1654 4691/682/1654 4653/681/1654
f 4695/699/1655 4665/711/1655 4692/712/1655
f 4695/699/1656 4692/712/1656 4693/702/1656
f 4694/705/1657 4663/708/1657 4656/693/1657
f 4694/705/1658 4656/693/1658 4662/694/1658
f 4657/700/1659 4659/701/1659 4663/708/1659
f 4657/700/1660 4663/708/1660 4694/705/1660
f 4657/700/1661 4695/699/1661 4693/702/1661
f 4657/700/1662 4693/702/1662 4659/701/1662
f 4696/709/1663 4697/718/1663 4698/677/1663
f 4696/709/1664 4698/677/1664 4656/693/1664
f 4677/719/1665 4692/689/1665 4700/685/1665
f 4677/719/1666 4700/685/1666 4699/720/1666
f 4699/720/1667 4700/685/1667 4701/678/1667
f 4699/720/1668 4701/678/1668 4668/721/1668
f 4697/718/1669 4668/721/1669 4701/678/1669
f 4697/718/1670 4701/678/1670 4698/677/1670
f 4702/650/1544 4708/651/1544 4703/652/1544
f 4702/650/1545 4703/652/1545 4739/653/1545
f 4708/651/1546 4743/654/1546 4738/655/1546
f 4708/651/1547 4738/655/1547 4703/652/1547
f 4705/656/1548 4739/653/1548 4703/652/1548
f 4705/656/1549 4703/652/1549 4706/657/1549
f 4706/657/1550 4703/652/1550 4738/655/1550
f 4706/657/1551 4738/655/1551 4745/658/1551
f 4704/659/1552 4705/656/1552 4706/657/1552
f 4704/659/1553 4706/657/1553 4717/660/1553
f 4717/660/1554 4706/657/1554 4745/658/1554
f 4717/660/1555 4745/658/1555 4750/661/1555
f 4707/662/1556 4709/663/1556 4708/651/1556
f 4707/662/1557 4708/651/1557 4702/650/1557
f 4709/663/1558 4741/664/1558 4743/654/1558
f 4709/663/1559 4743/654/1559 4708/651/1559
f 4744/665/1560 4711/666/1560 4713/667/1560
f 4744/665/1561 4713/667/1561 4710/668/1561
f 4711/666/1562 4714/669/1562 4712/670/1562
f 4711/666/1563 4712/670/1563 4713/667/1563
f 4744/665/1564 4715/671/1564 4716/672/1564
f 4744/665/1565 4716/672/1565 4711/666/1565
f 4711/666/1564 4716/672/1564 4747/673/1564
f 4711/666/1566 4747/673/1566 4714/669/1566
f 4715/671/1567 4741/664/1567 4709/663/1567
f 4715/671/1671 4709/663/1671 4716/672/1671
f 4716/672/1672 4709/663/1672 4707/662/1672
f 4716/672/1570 4707/662/1570 4747/673/1570
f 4710/668/1571 4713/667/1571 4717/674/1571
f 4710/668/1572 4717/674/1572 4750/675/1572
f 4713/667/1573 4712/670/1573 4704/676/1573
f 4713/667/1574 4704/676/1574 4717/674/1574
f 4764/677/1575 4720/678/1575 4719/679/1575
f 4764/677/1576 4719/679/1576 4718/680/1576
f 4758/681/1577 4760/682/1577 4746/683/1577
f 4758/681/1578 4746/683/1578 4727/684/1578
f 4723/685/1579 4759/686/1579 4719/679/1579
f 4723/685/1580 4719/679/1580 4720/678/1580
f 4721/687/1581 4725/688/1581 4746/683/1581
f 4721/687/1582 4746/683/1582 4760/682/1582
f 4761/689/1583 4722/690/1583 4759/686/1583
f 4761/689/1584 4759/686/1584 4723/685/1584
f 4724/691/1585 4751/692/1585 4725/688/1585
f 4724/691/1673 4725/688/1673 4721/687/1673
f 4765/693/1587 4764/677/1587 4718/680/1587
f 4765/693/1588 4718/680/1588 4726/694/1588
f 4754/695/1589 4758/681/1589 4727/684/1589
f 4754/695/1590 4727/684/1590 4742/696/1590
f 4728/697/1591 4729/698/1591 4730/699/1591
f 4728/697/1592 4730/699/1592 4762/700/1592
f 4732/701/1593 4731/702/1593 4752/703/1593
f 4732/701/1594 4752/703/1594 4748/704/1594
f 4728/697/1595 4762/700/1595 4734/705/1595
f 4728/697/1596 4734/705/1596 4756/706/1596
f 4732/701/1597 4748/704/1597 4733/707/1597
f 4732/701/1598 4733/707/1598 4735/708/1598
f 4756/706/1599 4734/705/1599 4726/694/1599
f 4756/706/1600 4726/694/1600 4754/695/1600
f 4735/708/1601 4733/707/1601 4737/709/1601
f 4735/708/1602 4737/709/1602 4765/693/1602
f 4729/698/1603 4724/710/1603 4722/711/1603
f 4729/698/1604 4722/711/1604 4730/699/1604
f 4731/702/1605 4761/712/1605 4736/713/1605
f 4731/702/1606 4736/713/1606 4752/703/1606
f 4707/662/1607 4702/650/1607 4763/650/1607
f 4707/662/1737 4763/650/1737 4737/662/1737
f 4738/655/1698 4743/654/1698 4727/654/1698
f 4738/655/1728 4727/654/1728 4746/655/1728
f 4714/669/1699 4747/673/1699 4733/673/1699
f 4714/669/1720 4733/673/1720 4748/669/1720
f 4739/653/1677 4705/656/1677 4740/656/1677
f 4739/653/1614 4740/656/1614 4749/653/1614
f 4741/664/1679 4715/671/1679 4753/671/1679
f 4741/664/1680 4753/671/1680 4742/664/1680
f 4743/654/1617 4741/664/1617 4742/664/1617
f 4743/654/1712 4742/664/1712 4727/654/1712
f 4744/665/1619 4710/668/1619 4757/668/1619
f 4744/665/1682 4757/668/1682 4755/665/1682
f 4745/658/1729 4738/655/1729 4746/655/1729
f 4745/658/1738 4746/655/1738 4725/658/1738
f 4747/673/1623 4707/662/1623 4737/662/1623
f 4747/673/1716 4737/662/1716 4733/673/1716
f 4705/656/1683 4704/659/1683 4736/659/1683
f 4705/656/1684 4736/659/1684 4740/656/1684
f 4710/668/1627 4750/675/1627 4751/675/1627
f 4710/668/1685 4751/675/1685 4757/668/1685
f 4712/670/1629 4714/669/1629 4748/669/1629
f 4712/670/1630 4748/669/1630 4752/670/1630
f 4702/650/1631 4739/653/1631 4749/653/1631
f 4702/650/1632 4749/653/1632 4763/650/1632
f 4715/671/1633 4744/665/1633 4755/665/1633
f 4715/671/1689 4755/665/1689 4753/671/1689
f 4750/661/1690 4745/658/1690 4725/658/1690
f 4750/661/1739 4725/658/1739 4751/661/1739
f 4704/676/1692 4712/670/1692 4752/670/1692
f 4704/676/1704 4752/670/1704 4736/676/1704
f 4757/714/1639 4751/715/1639 4724/710/1639
f 4757/714/1640 4724/710/1640 4729/698/1640
f 4753/716/1641 4756/706/1641 4754/695/1641
f 4753/716/1642 4754/695/1642 4742/696/1642
f 4755/717/1643 4728/697/1643 4756/706/1643
f 4755/717/1644 4756/706/1644 4753/716/1644
f 4755/717/1645 4757/714/1645 4729/698/1645
f 4755/717/1646 4729/698/1646 4728/697/1646
f 4726/694/1647 4718/680/1647 4758/681/1647
f 4726/694/1648 4758/681/1648 4754/695/1648
f 4722/690/1649 4724/691/1649 4721/687/1649
f 4722/690/1650 4721/687/1650 4759/686/1650
f 4759/686/1651 4721/687/1651 4760/682/1651
f 4759/686/1652 4760/682/1652 4719/679/1652
f 4718/680/1706 4719/679/1706 4760/682/1706
f 4718/680/1654 4760/682/1654 4758/681/1654
f 4730/699/1694 4722/711/1694 4761/712/1694
f 4730/699/1656 4761/712/1656 4731/702/1656
f 4734/705/1707 4735/708/1707 4765/693/1707
f 4734/705/1726 4765/693/1726 4726/694/1726
f 4762/700/1659 4732/701/1659 4735/708/1659
f 4762/700/1723 4735/708/1723 4734/705/1723
f 4762/700/1661 4730/699/1661 4731/702/1661
f 4762/700/1662 4731/702/1662 4732/701/1662
f 4737/709/1663 4763/718/1663 4764/677/1663
f 4737/709/1664 4764/677/1664 4765/693/1664
f 4736/719/1665 4761/689/1665 4723/685/1665
f 4736/719/1666 4723/685/1666 4740/720/1666
f 4740/720/1667 4723/685/1667 4720/678/1667
f 4740/720/1709 4720/678/1709 4749/721/1709
f 4763/718/1669 4749/721/1669 4720/678/1669
f 4763/718/1670 4720/678/1670 4764/677/1670
f 4774/650/1544 4766/651/1544 4769/652/1544
f 4774/650/1545 4769/652/1545 4805/653/1545
f 4766/651/1546 4776/654/1546 4767/655/1546
f 4766/651/1547 4767/655/1547 4769/652/1547
f 4768/656/1548 4805/653/1548 4769/652/1548
f 4768/656/1549 4769/652/1549 4770/657/1549
f 4770/657/1550 4769/652/1550 4767/655/1550
f 4770/657/1551 4767/655/1551 4771/658/1551
f 4772/659/1552 4768/656/1552 4770/657/1552
f 4772/659/1553 4770/657/1553 4786/660/1553
f 4786/660/1554 4770/657/1554 4771/658/1554
f 4786/660/1555 4771/658/1555 4773/661/1555
f 4784/662/1556 4783/663/1556 4766/651/1556
f 4784/662/1557 4766/651/1557 4774/650/1557
f 4783/663/1558 4775/664/1558 4776/654/1558
f 4783/663/1559 4776/654/1559 4766/651/1559
f 4777/665/1560 4781/666/1560 4785/667/1560
f 4777/665/1561 4785/667/1561 4807/668/1561
f 4781/666/1562 4778/669/1562 4779/670/1562
f 4781/666/1563 4779/670/1563 4785/667/1563
f 4777/665/1564 4811/671/1564 4780/672/1564
f 4777/665/1565 4780/672/1565 4781/666/1565
f 4781/666/1564 4780/672/1564 4782/673/1564
f 4781/666/1566 4782/673/1566 4778/669/1566
f 4811/671/1567 4775/664/1567 4783/663/1567
f 4811/671/1671 4783/663/1671 4780/672/1671
f 4780/672/1672 4783/663/1672 4784/662/1672
f 4780/672/1570 4784/662/1570 4782/673/1570
f 4807/668/1571 4785/667/1571 4786/674/1571
f 4807/668/1572 4786/674/1572 4773/675/1572
f 4785/667/1573 4779/670/1573 4772/676/1573
f 4785/667/1574 4772/676/1574 4786/674/1574
f 4787/722/1575 4788/723/1575 4818/724/1575
f 4787/722/1576 4818/724/1576 4793/725/1576
f 4816/726/1577 4789/727/1577 4806/728/1577
f 4816/726/1578 4806/728/1578 4795/729/1578
f 4827/730/1579 4817/731/1579 4818/724/1579
f 4827/730/1718 4818/724/1718 4788/723/1718
f 4792/732/1581 4791/733/1581 4806/728/1581
f 4792/732/1582 4806/728/1582 4789/727/1582
f 4819/734/1583 4803/735/1583 4817/731/1583
f 4819/734/1719 4817/731/1719 4827/730/1719
f 4790/736/1585 4808/737/1585 4791/733/1585
f 4790/736/1586 4791/733/1586 4792/732/1586
f 4824/738/1587 4787/722/1587 4793/725/1587
f 4824/738/1588 4793/725/1588 4800/694/1588
f 4794/739/1589 4816/726/1589 4795/729/1589
f 4794/739/1590 4795/729/1590 4814/740/1590
f 4796/741/1591 4815/742/1591 4797/743/1591
f 4796/741/1592 4797/743/1592 4821/744/1592
f 4823/745/1593 4822/746/1593 4798/747/1593
f 4823/745/1594 4798/747/1594 4810/748/1594
f 4796/741/1675 4821/744/1675 4820/749/1675
f 4796/741/1596 4820/749/1596 4799/750/1596
f 4823/745/1597 4810/748/1597 4804/751/1597
f 4823/745/1598 4804/751/1598 4801/752/1598
f 4799/750/1599 4820/749/1599 4800/694/1599
f 4799/750/1600 4800/694/1600 4794/739/1600
f 4801/752/1601 4804/751/1601 4802/753/1601
f 4801/752/1602 4802/753/1602 4824/738/1602
f 4815/742/1603 4790/754/1603 4803/755/1603
f 4815/742/1604 4803/755/1604 4797/743/1604
f 4822/746/1605 4819/756/1605 4825/757/1605
f 4822/746/1606 4825/757/1606 4798/747/1606
f 4784/662/1607 4774/650/1607 4828/650/1607
f 4784/662/1737 4828/650/1737 4802/662/1737
f 4767/655/1698 4776/654/1698 4795/654/1698
f 4767/655/1728 4795/654/1728 4806/655/1728
f 4778/669/1611 4782/673/1611 4804/673/1611
f 4778/669/1700 4804/673/1700 4810/669/1700
f 4805/653/1677 4768/656/1677 4826/656/1677
f 4805/653/1614 4826/656/1614 4829/653/1614
f 4775/664/1679 4811/671/1679 4813/671/1679
f 4775/664/1680 4813/671/1680 4814/664/1680
f 4776/654/1617 4775/664/1617 4814/664/1617
f 4776/654/1618 4814/664/1618 4795/654/1618
f 4777/665/1619 4807/668/1619 4809/668/1619
f 4777/665/1682 4809/668/1682 4812/665/1682
f 4771/658/1729 4767/655/1729 4806/655/1729
f 4771/658/1622 4806/655/1622 4791/658/1622
f 4782/673/1623 4784/662/1623 4802/662/1623
f 4782/673/1736 4802/662/1736 4804/673/1736
f 4768/656/1683 4772/659/1683 4825/659/1683
f 4768/656/1702 4825/659/1702 4826/656/1702
f 4807/668/1627 4773/675/1627 4808/675/1627
f 4807/668/1685 4808/675/1685 4809/668/1685
f 4779/670/1629 4778/669/1629 4810/669/1629
f 4779/670/1630 4810/669/1630 4798/670/1630
f 4774/650/1713 4805/653/1713 4829/653/1713
f 4774/650/1632 4829/653/1632 4828/650/1632
f 4811/671/1633 4777/665/1633 4812/665/1633
f 4811/671/1689 4812/665/1689 4813/671/1689
f 4773/661/1635 4771/658/1635 4791/658/1635
f 4773/661/1636 4791/658/1636 4808/661/1636
f 4772/676/1692 4779/670/1692 4798/670/1692
f 4772/676/1638 4798/670/1638 4825/676/1638
f 4809/758/1639 4808/759/1639 4790/754/1639
f 4809/758/1640 4790/754/1640 4815/742/1640
f 4813/760/1641 4799/750/1641 4794/739/1641
f 4813/760/1642 4794/739/1642 4814/740/1642
f 4812/761/1643 4796/741/1643 4799/750/1643
f 4812/761/1644 4799/750/1644 4813/760/1644
f 4812/761/1645 4809/758/1645 4815/742/1645
f 4812/761/1646 4815/742/1646 4796/741/1646
f 4800/694/1647 4793/725/1647 4816/726/1647
f 4800/694/1693 4816/726/1693 4794/739/1693
f 4803/735/1649 4790/736/1649 4792/732/1649
f 4803/735/1650 4792/732/1650 4817/731/1650
f 4817/731/1651 4792/732/1651 4789/727/1651
f 4817/731/1652 4789/727/1652 4818/724/1652
f 4793/725/1653 4818/724/1653 4789/727/1653
f 4793/725/1654 4789/727/1654 4816/726/1654
f 4797/743/1694 4803/755/1694 4819/756/1694
f 4797/743/1656 4819/756/1656 4822/746/1656
f 4820/749/1657 4801/752/1657 4824/738/1657
f 4820/749/1658 4824/738/1658 4800/694/1658
f 4821/744/1659 4823/745/1659 4801/752/1659
f 4821/744/1723 4801/752/1723 4820/749/1723
f 4821/744/1661 4797/743/1661 4822/746/1661
f 4821/744/1662 4822/746/1662 4823/745/1662
f 4802/753/1663 4828/762/1663 4787/722/1663
f 4802/753/1664 4787/722/1664 4824/738/1664
f 4825/763/1665 4819/734/1665 4827/730/1665
f 4825/763/1666 4827/730/1666 4826/764/1666
f 4826/764/1667 4827/730/1667 4788/723/1667
f 4826/764/1714 4788/723/1714 4829/765/1714
f 4828/762/1669 4829/765/1669 4788/723/1669
f 4828/762/1670 4788/723/1670 4787/722/1670
f 4830/766/1740 3550/766/1740 3558/766/1740
f 4830/766/1741 3558/766/1741 4831/766/1741
f 4830/766/1742 4831/766/1742 4832/766/1742
f 4830/766/1743 4832/766/1743 3554/766/1743
f 4830/766/1744 3554/766/1744 4833/766/1744
f 4830/766/1740 4833/766/1740 4834/766/1740
f 4835/766/1745 3604/766/1745 4836/766/1745
f 4835/766/1746 4836/766/1746 3589/766/1746
f 4835/766/1747 3589/766/1747 3584/766/1747
f 4835/766/1748 3584/766/1748 4837/766/1748
f 4835/766/1749 4837/766/1749 4838/766/1749
f 4835/766/1750 4838/766/1750 4839/766/1750
f 4840/766/1751 3612/766/1751 3622/766/1751
f 4840/766/1752 3622/766/1752 3620/766/1752
f 4840/766/1740 3620/766/1740 4841/766/1740
f 4840/766/1740 4841/766/1740 3617/766/1740
f 4840/766/1740 3617/766/1740 3615/766/1740
f 4840/766/1753 3615/766/1753 4842/766/1753
f 4843/766/1754 3670/766/1754 3663/766/1754
f 4843/766/1755 3663/766/1755 3653/766/1755
f 4843/766/1756 3653/766/1756 4844/766/1756
f 4843/766/1748 4844/766/1748 3643/766/1748
f 4843/766/1757 3643/766/1757 3636/766/1757
f 4843/766/1758 3636/766/1758 4845/766/1758
f 3679/766/1759 3678/766/1759 4846/766/1759
f 3679/766/1760 4846/766/1760 3688/766/1760
f 3679/766/1759 3688/766/1759 3686/766/1759
f 3679/766/1761 3686/766/1761 3685/766/1761
f 3679/766/1761 3685/766/1761 3682/766/1761
f 3679/766/1762 3682/766/1762 4847/766/1762
f 3693/766/1763 3737/766/1763 4848/766/1763
f 3693/766/1764 4848/766/1764 3721/766/1764
f 3693/766/1765 3721/766/1765 3717/766/1765
f 3693/766/1766 3717/766/1766 4849/766/1766
f 3693/766/1766 4849/766/1766 3704/766/1766
f 3693/766/1767 3704/766/1767 4850/766/1767
f 4851/766/1768 3745/766/1768 4852/766/1768
f 4851/766/1769 4852/766/1769 4853/766/1769
f 4851/766/1769 4853/766/1769 4854/766/1769
f 4851/766/1770 4854/766/1770 4855/766/1770
f 4851/766/1770 4855/766/1770 3748/766/1770
f 4851/766/1769 3748/766/1769 4856/766/1769
f 3756/766/1771 3797/766/1771 4857/766/1771
f 3756/766/1772 4857/766/1772 4858/766/1772
f 3756/766/1772 4858/766/1772 4859/766/1772
f 3756/766/1772 4859/766/1772 4860/766/1772
f 3756/766/1773 4860/766/1773 4861/766/1773
f 3756/766/1772 4861/766/1772 4862/766/1772
f 4863/766/1774 3805/766/1774 4864/766/1774
f 4863/766/1775 4864/766/1775 3812/766/1775
f 4863/766/1775 3812/766/1775 4865/766/1775
f 4863/766/1776 4865/766/1776 3809/766/1776
f 4863/766/1775 3809/766/1775 4866/766/1775
f 4863/766/1775 4866/766/1775 4867/766/1775
f 4868/766/1777 4869/766/1777 4870/766/1777
f 4868/766/1778 4870/766/1778 4871/766/1778
f 4868/766/1779 4871/766/1779 3842/766/1779
f 4868/766/1780 3842/766/1780 3835/766/1780
f 4868/766/1778 3835/766/1778 3828/766/1778
f 4868/766/1780 3828/766/1780 3815/766/1780
f 4872/766/1781 3868/766/1781 3879/766/1781
f 4872/766/1782 3879/766/1782 3877/766/1782
f 4872/766/1783 3877/766/1783 3875/766/1783
f 4872/766/1784 3875/766/1784 3873/766/1784
f 4872/766/1783 3873/766/1783 4873/766/1783
f 4872/766/1785 4873/766/1785 3870/766/1785
f 4874/766/1786 3927/766/1786 3920/766/1786
f 4874/766/1787 3920/766/1787 3909/766/1787
f 4874/766/1788 3909/766/1788 3912/766/1788
f 4874/766/1789 3912/766/1789 3899/766/1789
f 4874/766/1789 3899/766/1789 4875/766/1789
f 4874/766/1790 4875/766/1790 4876/766/1790
f 4877/766/1755 4878/766/1755 3944/766/1755
f 4877/766/1756 3944/766/1756 4879/766/1756
f 4877/766/1791 4879/766/1791 3941/766/1791
f 4877/766/1792 3941/766/1792 4880/766/1792
f 4877/766/1748 4880/766/1748 3938/766/1748
f 4877/766/1748 3938/766/1748 3936/766/1748
f 3948/766/1793 3990/766/1793 4881/766/1793
f 3948/766/1744 4881/766/1744 3973/766/1744
f 3948/766/1794 3973/766/1794 4882/766/1794
f 3948/766/1741 4882/766/1741 4883/766/1741
f 3948/766/1793 4883/766/1793 4884/766/1793
f 3948/766/1795 4884/766/1795 4885/766/1795
f 4886/766/1748 3998/766/1748 4008/766/1748
f 4886/766/1748 4008/766/1748 4006/766/1748
f 4886/766/1791 4006/766/1791 4887/766/1791
f 4886/766/1748 4887/766/1748 4004/766/1748
f 4886/766/1748 4004/766/1748 4888/766/1748
f 4886/766/1748 4888/766/1748 4000/766/1748
f 4889/766/1796 4890/766/1796 4049/766/1796
f 4889/766/1797 4049/766/1797 4040/766/1797
f 4889/766/1753 4040/766/1753 4891/766/1753
f 4889/766/1798 4891/766/1798 4892/766/1798
f 4889/766/1793 4892/766/1793 4023/766/1793
f 4889/766/1799 4023/766/1799 4010/766/1799
